,dr_close,local_close,fx_close,dr_equiv,local_equiv,premium_pct
2021-07-26,720.3934936523438,609.283935546875,0.849370002746582,611.880623682111,609.283935546875,0.42618687015034684
2021-07-27,712.2828369140625,594.9590454101562,0.8468999862670898,603.2323248008033,594.9590454101562,1.3905628386477575
2021-07-28,725.9057006835938,613.5813598632812,0.84579998254776,613.9710289695031,613.5813598632812,0.06350732465352227
2021-07-29,731.4943237304688,613.7723999023438,0.8441699743270874,617.50554448396,613.7723999023438,0.6082294645719077
2021-07-30,732.4783325195312,610.2388305664062,0.8408309817314148,615.8904754293872,610.2388305664062,0.9261365517718945
2021-08-02,735.2582397460938,623.3222045898438,0.8426700234413147,619.5800781222606,623.3222045898438,-0.6003518629735805
2021-08-03,744.69677734375,621.6986694335938,0.8421300053596497,627.131501095806,621.6986694335938,0.8738689544183664
2021-08-04,759.9341430664062,639.9390258789062,0.8424999713897705,640.244493791557,639.9390258789062,0.04773390905974395
2021-08-05,759.236572265625,642.3265380859375,0.8447800278663635,641.387892675717,642.3265380859375,-0.14613212354849248
2021-08-06,748.2791137695312,636.0234985351562,0.8449000120162964,632.2210322154206,636.0234985351562,-0.5978499738599652
2021-08-09,753.4378662109375,640.7985229492188,0.8511000275611877,641.2509886977714,640.7985229492188,0.07060967407823693
2021-08-10,754.0206298828125,643.9500122070312,0.8518999814987183,642.3501606468199,643.9500122070312,-0.24844343969001592
2021-08-11,753.9536743164062,638.6021728515625,0.8529999852180481,643.1224730469876,638.6021728515625,0.7078429087142846
2021-08-12,746.16796875,639.1749877929688,0.8516510128974915,635.4747063776013,639.1749877929688,-0.5789152401198261
2021-08-13,753.705322265625,635.6416015625,0.8520600199699402,642.2021719410986,635.6416015625,1.0321178416377697
2021-08-16,752.1671752929688,634.6865844726562,0.8478400111198425,637.7174262643712,634.6865844726562,0.4775336151516596
2021-08-17,741.859375,634.7821044921875,0.8489000201225281,629.7644383655861,634.7821044921875,-0.7904548806736522
2021-08-18,737.9332275390625,636.5964965820312,0.8539900183677673,630.1876105402698,636.5964965820312,-1.0067422733507914
2021-08-19,746.58837890625,634.4956665039062,0.8544600009918213,637.9299069807166,634.4956665039062,0.5412551508402252
2021-08-20,752.9601440429688,642.3265380859375,0.8564140200614929,644.8456239059196,642.3265380859375,0.3921814950210045
2021-08-23,775.3528442382812,655.409912109375,0.8548799753189087,662.8336203458675,655.409912109375,1.1326817155694169
2021-08-24,769.6114501953125,652.640380859375,0.8514599800109863,655.293349999527,652.640380859375,0.4064978536355124
2021-08-25,771.7703247070312,657.4154663085938,0.8508399724960327,656.6530418469847,657.4154663085938,-0.11597300347830908
2021-08-26,774.703369140625,657.3197021484375,0.8493000268936157,657.9555922457075,657.3197021484375,0.09673985051590339
2021-08-27,795.700927734375,671.835693359375,0.850600004196167,676.8232124697533,671.835693359375,0.7423718566424098
2021-08-30,802.0729370117188,677.6611938476562,0.8475289940834045,679.7800694870639,677.6611938476562,0.3126747788783524
2021-08-31,795.8157958984375,672.7907104492188,0.8476799726486206,674.5971121005277,672.7907104492188,0.26849384559766154
2021-09-01,804.53759765625,682.0541381835938,0.8467199802398682,681.218058789731,682.0541381835938,-0.12258255570288812
2021-09-02,822.7938842773438,689.6939697265625,0.8445299863815308,694.8741078835519,689.6939697265625,0.7510777800541213
2021-09-03,819.7653198242188,689.3119506835938,0.8420000076293945,690.2424055463052,689.3119506835938,0.13498313235229542
2021-09-06,819.7653198242188,707.5523681640625,0.8413299918174744,689.6931498199592,707.5523681640625,-2.5240843148393255
2021-09-07,823.2618408203125,697.3340454101562,0.8421000242233276,693.2688160969265,697.3340454101562,-0.5829672794533836
2021-09-08,819.6508178710938,689.8850708007812,0.8443400263786316,692.0639931825463,689.8850708007812,0.31583845976488334
2021-09-09,815.3614501953125,688.9300537109375,0.8460879921913147,689.8675323059506,688.9300537109375,0.1360774711399726
2021-09-10,820.491455078125,699.1483764648438,0.8456000089645386,693.8075817693898,699.1483764648438,-0.7639000354200953
2021-09-13,832.3086547851562,701.9178466796875,0.8465999960899353,704.6325038867326,701.9178466796875,0.38674856607312513
2021-09-14,848.3865356445312,719.4896850585938,0.8465999960899353,718.2440377594139,719.4896850585938,-0.17312927829929992
2021-09-15,849.5905151367188,711.5633544921875,0.847100019454956,719.6881419010606,711.5633544921875,1.1418220679269453
2021-09-16,847.6605834960938,714.4281616210938,0.8460239768028259,717.1411778283691,714.4281616210938,0.3797465375831921
2021-09-17,821.4276123046875,698.00244140625,0.8497999906539917,698.0491772594542,698.00244140625,0.006695657555289003
2021-09-20,803.1715087890625,685.2055053710938,0.8525199890136719,684.7197658489458,685.2055053710938,-0.07088961170632624
2021-09-21,816.5364379882812,698.7665405273438,0.8525000214576721,696.0973309059809,698.7665405273438,-0.3819887568383584
2021-09-22,826.09912109375,705.4513549804688,0.8530300259590149,704.687354711321,705.4513549804688,-0.10829949701761654
2021-09-23,840.4669799804688,719.8717651367188,0.8555999994277954,719.10354759037,719.8717651367188,-0.10671588796136167
2021-09-24,829.9969482421875,706.119873046875,0.8517699837684631,706.966487132122,706.119873046875,0.11989665176734832
2021-09-27,797.9841918945312,684.6324462890625,0.8530200123786926,680.6964852478741,684.6324462890625,-0.5749013302718375
2021-09-28,745.3081665039062,635.2597045898438,0.8549349904060364,637.1900301795577,635.2597045898438,0.30386400644759615
2021-09-29,716.8875122070312,618.5471801757812,0.8557000160217285,613.4406556813337,618.5471801757812,-0.8255675004445573
2021-09-30,711.8148193359375,616.8283081054688,0.8619499802589417,613.5487694746334,616.8283081054688,-0.5316777112431947
2021-10-01,708.6622314453125,604.0313720703125,0.8639699816703796,612.262895112297,604.0313720703125,1.3627641580554073
2021-10-04,681.082275390625,584.0721435546875,0.8615300059318542,586.772816757366,584.0721435546875,0.4623869212871501
2021-10-05,700.1217651367188,608.2333374023438,0.8607000112533569,602.594811131894,608.2333374023438,-0.9270334136124325
2021-10-06,699.768310546875,600.9754028320312,0.8623600006103516,603.4522007103078,600.9754028320312,0.41212965898520526
2021-10-07,713.4484252929688,622.1762084960938,0.8654000163078308,617.4182788833314,622.1762084960938,-0.7647238110025323
2021-10-08,697.637939453125,606.0368041992188,0.8650699853897095,603.5056420900219,606.0368041992188,-0.41765815073581125
2021-10-11,689.6323852539062,601.9303588867188,0.8646000027656555,596.256162197813,601.9303588867188,-0.9426666399415917
2021-10-12,692.6510620117188,598.2059326171875,0.8655200004577637,599.5033475094533,598.2059326171875,0.21688432386310907
2021-10-13,711.1557006835938,612.62646484375,0.8669999837875366,616.57198096309,612.62646484375,0.6440329214876916
2021-10-14,743.5120239257812,636.2144165039062,0.8621000051498413,640.981719655385,636.2144165039062,0.7493233456852044
2021-10-15,754.125732421875,645.85986328125,0.8626999855041504,650.5842584286584,645.85986328125,0.731489200057478
2021-10-18,752.9983520507812,644.5228881835938,0.8622900247573853,649.3029676321385,644.5228881835938,0.7416461907219452
2021-10-19,765.169189453125,652.2583618164062,0.8610399961471558,658.841275938641,652.2583618164062,1.0092494795931328
2021-10-20,733.3953857421875,627.5240478515625,0.8597000241279602,630.5000308178933,627.5240478515625,0.47424205917201423
2021-10-21,752.3677978515625,636.31005859375,0.8579999804496765,645.5315558476068,636.31005859375,1.4492144402425966
2021-10-22,765.1787719726562,659.4208374023438,0.8601899743080139,658.1991082041968,659.4208374023438,-0.18527306521881615
2021-10-25,753.2086181640625,654.7413330078125,0.8590999841690063,647.0815119407052,654.7413330078125,-1.1699003378813466
2021-10-26,755.8739624023438,649.2979125976562,0.8611999750137329,650.9586375344297,649.2979125976562,0.2557724127172145
2021-10-27,765.2073364257812,663.5272827148438,0.8622000217437744,659.7617821048043,663.5272827148438,-0.5674974802291177
2021-10-28,776.8526611328125,666.96533203125,0.862060010433197,669.6936131612092,666.96533203125,0.4090589119002841
2021-10-29,776.5564575195312,668.9707641601562,0.85589998960495,664.6546639186236,668.9707641601562,-0.6451851818892629
2021-11-01,771.369140625,665.2462158203125,0.8652999997138977,667.465717162122,665.2462158203125,0.33363607173213516
2021-11-02,777.7421875,674.8208618164062,0.8621000051498413,670.4915438489988,674.8208618164062,-0.6415507006932497
2021-11-03,794.9824829101562,677.310302734375,0.8636000156402588,686.5468846749427,677.310302734375,1.3637149624446288
2021-11-04,814.58837890625,694.16162109375,0.8608999848365784,701.2791230484436,694.16162109375,1.0253378663428458
2021-11-05,811.24560546875,705.7471313476562,0.8654000163078308,702.0519602023123,705.7471313476562,-0.5235828785145502
2021-11-08,814.0518798828125,703.544921875,0.8643900156021118,703.6583171528328,703.544921875,0.016117702552742585
2021-11-09,814.166748046875,700.5767822265625,0.8626999855041504,702.3816417380003,700.5767822265625,0.2576247967712719
2021-11-10,783.3261108398438,689.087158203125,0.8623999953269958,675.5404343277951,689.087158203125,-1.9658941128223306
2021-11-11,798.2100830078125,699.140625,0.8706300258636475,694.945665213716,699.140625,-0.6000165969877735
2021-11-12,815.6801147460938,707.470458984375,0.8733000159263611,712.3334571985797,707.470458984375,0.6873782717635946
2021-11-15,820.5552978515625,720.5877685546875,0.8740000128746033,717.1653408865895,720.5877685546875,-0.47494945341113315
2021-11-16,824.2237548828125,722.4069213867188,0.8797799944877625,725.1355705274837,722.4069213867188,0.377716361787761
2021-11-17,823.1796875,732.93896484375,0.8833000063896179,727.1146232285537,732.93896484375,-0.7946557482365502
2021-11-18,842.0097045898438,737.726318359375,0.8833000063896179,743.7471774443293,737.726318359375,0.8161372225873764
2021-11-19,820.9862670898438,727.5772094726562,0.8796300292015076,722.164174094276,727.5772094726562,-0.7439808872385711
2021-11-22,790.892578125,715.5130615234375,0.8868600130081177,701.4110021239612,715.5130615234375,-1.9709017427928965
2021-11-23,773.393798828125,676.0654907226562,0.8895099759101868,687.9414993646933,676.0654907226562,1.7566358296653428
2021-11-24,768.5188598632812,678.8424072265625,0.8892899751663208,683.4361178026666,678.8424072265625,0.6766976439895434
2021-11-25,768.5188598632812,680.7571411132812,0.8926200270652771,685.995325491338,680.7571411132812,0.7694644773744708
2021-11-26,749.0087280273438,656.4375610351562,0.8920900225639343,668.1832130864968,656.4375610351562,1.7893022502884381
2021-11-29,780.6060180664062,674.8208618164062,0.8854900002479553,691.2188231311775,674.8208618164062,2.4299724923490196
2021-11-30,758.0980834960938,669.8421630859375,0.8854699730873108,671.273089590828,669.8421630859375,0.21362144453527243
2021-12-01,770.060791015625,701.7257080078125,0.8825899958610535,679.64795035524,701.7257080078125,-3.1462090387497477
2021-12-02,756.0578002929688,661.3207397460938,0.883430004119873,667.9241456276795,661.3207397460938,0.9985178877228496
2021-12-03,738.9518432617188,652.2246704101562,0.8844699859619141,653.5807264362229,652.2246704101562,0.20791240926441024
2021-12-06,724.46044921875,634.224365234375,0.8845800161361694,640.8432358599384,634.224365234375,1.0436165793027197
2021-12-07,771.9859619140625,686.8850708007812,0.8859999775886536,683.9795449546145,686.8850708007812,-0.423000290686093
2021-12-08,769.9841918945312,675.4912109375,0.8867999911308289,682.8219745429487,675.4912109375,1.0852492951424875
2021-12-09,739.995849609375,661.6078491210938,0.8813999891281128,652.2323338005517,661.6078491210938,-1.4170804250579594
2021-12-10,748.8362426757812,655.863037109375,0.8854799866676331,663.0795061807912,655.863037109375,1.100301231065215
2021-12-13,732.1994018554688,650.3097534179688,0.8840299844741821,647.2862258542955,650.3097534179688,-0.4649365241382153
2021-12-14,722.5449829101562,632.884033203125,0.8860999941825867,640.2471051533466,632.884033203125,1.1634156597309042
2021-12-15,758.778076171875,649.9267578125,0.8880000114440918,673.794940324151,649.9267578125,3.6724418905271117
2021-12-16,723.1293334960938,647.0543212890625,0.8856800198554993,640.4612024489143,647.0543212890625,-1.0189436378406969
2021-12-17,718.2157592773438,633.8414306640625,0.8822900056838989,633.6745863350734,633.8414306640625,-0.026322723778771095
2021-12-20,721.0986938476562,632.1179809570312,0.8894000053405762,641.345182159188,632.1179809570312,1.4597276901040956
2021-12-21,749.9856567382812,654.9056396484375,0.8867200016975403,665.0272828160996,654.9056396484375,1.5455116821250003
2021-12-22,758.6822509765625,667.7356567382812,0.8859300017356873,672.1393679245011,667.7356567382812,0.6594991808181794
2021-12-23,767.5798950195312,677.1187744140625,0.8827000260353088,677.5427933179199,677.1187744140625,0.0626210525951354
2021-12-24,767.5798950195312,673.001708984375,0.8828200101852417,677.6348907391293,673.001708984375,0.6884353624816653
2021-12-27,777.1771850585938,682.7678833007812,0.8830599784851074,686.2940683169581,682.7678833007812,0.5164544353096767
2021-12-28,770.7982177734375,684.874267578125,0.882610023021698,680.3142327340975,684.874267578125,-0.6658207294242269
2021-12-29,768.1260375976562,673.576171875,0.8838000297546387,678.8698148841213,673.576171875,0.7859011690371398
2021-12-30,766.4403076171875,680.1827392578125,0.8802700042724609,674.6744128607679,680.1827392578125,-0.8098303704464849
2021-12-31,762.5326538085938,676.6400756835938,0.8830000162124634,673.316345675521,676.6400756835938,-0.4912109299341827
2022-01-03,763.82568359375,671.8528442382812,0.8792399764060974,671.58607602134,671.8528442382812,-0.03970634629726355
2022-01-04,746.298095703125,652.3204345703125,0.8847799897193909,660.3096214438119,652.3204345703125,1.224733497542796
2022-01-05,714.1929931640625,642.3628540039062,0.8862400054931641,632.946402184898,642.3628540039062,-1.465908522000392
2022-01-06,730.906494140625,630.4902954101562,0.883899986743927,646.0482404819486,630.4902954101562,2.467594693376096
2022-01-07,724.1826782226562,636.6182250976562,0.885200023651123,641.046523890429,636.6182250976562,0.6955972383752229
2022-01-10,696.47412109375,595.830078125,0.8807500004768372,613.419582485425,595.830078125,2.9521007760764606
2022-01-11,698.3799438476562,600.3302001953125,0.8825799822807312,616.3761584662825,600.3302001953125,2.6728554161942197
2022-01-12,710.8408813476562,618.8092041015625,0.8797799944877625,625.3835866737172,618.8092041015625,1.0624248198925823
2022-01-13,699.26123046875,634.6074829101562,0.8740000128746033,611.1543244323984,634.6074829101562,-3.6956952304134982
2022-01-14,713.1012573242188,614.8837280273438,0.8728200197219849,622.4090534814968,614.8837280273438,1.2238615385539164
2022-01-17,713.1012573242188,628.2881469726562,0.8763700127601624,624.9405579805134,628.2881469726562,-0.5328111008098491
2022-01-18,685.0379638671875,614.11767578125,0.8763800263404846,600.3535888181577,614.11767578125,-2.2412784236477634
2022-01-19,669.3207397460938,599.5642700195312,0.88264000415802,590.7692605125412,599.5642700195312,-1.4669002051612479
2022-01-20,676.6382446289062,612.7771606445312,0.8815699815750122,596.5039648504535,612.7771606445312,-2.6556465937733864
2022-01-21,665.4033813476562,602.5322875976562,0.8838800191879272,588.1367534732781,602.5322875976562,-2.389172235362569
2022-01-24,658.4019165039062,560.1166381835938,0.8817200064659119,580.526142076993,560.1166381835938,3.643795327984778
2022-01-25,621.1918334960938,551.0208129882812,0.8830699920654297,548.5558674765052,551.0208129882812,-0.4473416345942005
2022-01-26,625.68408203125,564.999755859375,0.8845999836921692,553.4801287612936,564.999755859375,-2.038872933769653
2022-01-27,607.8690795898438,557.8187866210938,0.8894000053405762,540.6387626335782,557.8187866210938,-3.0798575450606602
2022-01-28,617.7438354492188,542.0205688476562,0.8970999717712402,554.1779773433518,542.0205688476562,2.242979177255644
2022-01-31,648.6133422851562,568.9253540039062,0.8966699838638306,581.5921151606963,568.9253540039062,2.22643639761273
2022-02-01,652.7127075195312,574.8616943359375,0.890500009059906,581.2406719596584,574.8616943359375,1.109654319738529
2022-02-02,657.76025390625,573.0423583984375,0.8870000243186951,583.4333612107148,573.0423583984375,1.8133044896224693
2022-02-03,618.6633911132812,549.3930053710938,0.8849599957466125,547.4923519681943,549.3930053710938,-0.3459551512884018
2022-02-04,625.2529907226562,540.2014770507812,0.8744500279426575,546.7524952086569,540.2014770507812,1.212699045852439
2022-02-07,622.5903930664062,548.2439575195312,0.8729699850082397,543.5027261014548,548.2439575195312,-0.8648032236465819
2022-02-08,625.8851318359375,542.403564453125,0.8738999962806702,546.9610143835525,542.403564453125,0.8402322973342757
2022-02-09,651.6494750976562,563.755126953125,0.8755599856376648,570.5582050572957,563.755126953125,1.2067434563191703
2022-02-10,629.1512451171875,559.2549438476562,0.875540018081665,550.8470925260044,559.2549438476562,-1.5034022343738407
2022-02-11,601.7201538085938,545.2760009765625,0.8759999871253967,527.1068469894199,545.2760009765625,-3.3321022664857036
2022-02-14,601.404052734375,535.8928833007812,0.8798900246620178,529.1694267922867,535.8928833007812,-1.2546269446763403
2022-02-15,628.7010498046875,548.531494140625,0.8844599723815918,556.0609131465317,548.531494140625,1.3726502646311811
2022-02-16,635.8365478515625,549.4888305664062,0.8805299997329712,559.8731553099497,549.4888305664062,1.8898154368014008
2022-02-17,622.973388671875,553.6060180664062,0.8791000247001648,547.6559213689907,553.6060180664062,-1.0747890202128962
2022-02-18,620.483154296875,546.1377563476562,0.8797799944877625,545.8886660670541,546.1377563476562,-0.04560942320998018
2022-02-21,620.483154296875,527.371337890625,0.8836100101470947,548.2651262643631,527.371337890625,3.9618740861626645
2022-02-22,613.2423706054688,540.4885864257812,0.8841999769210815,542.2288899363848,540.4885864257812,0.32198709728767927
2022-02-23,605.0628051757812,540.2971801757812,0.8826799988746643,534.0768361916598,540.2971801757812,-1.1512819633997862
2022-02-24,629.1129760742188,534.4567260742188,0.8845099806785583,556.4567063120376,534.4567260742188,4.116325824808453
2022-02-25,638.9588623046875,564.0423583984375,0.8935999870300293,570.973631068191,564.0423583984375,1.228856763423658
2022-02-28,638.3745727539062,573.4254760742188,0.8943700194358826,570.9430790412844,573.4254760742188,-0.4329066524789482
2022-03-01,607.438232421875,552.6483154296875,0.8915899991989136,541.585853158409,552.6483154296875,-2.00171826501947
2022-03-02,627.7048950195312,558.3932495117188,0.8982499837875366,563.8359117746513,558.3932495117188,0.9747005838075307
2022-03-03,604.1624145507812,548.9142456054688,0.8999000191688538,543.685768435349,548.9142456054688,-0.952512566758501
2022-03-04,569.23193359375,510.9030456542969,0.9035999774932861,514.3579623837722,510.9030456542969,0.6762372545755291
2022-03-07,550.0953369140625,517.605224609375,0.9195799827575684,505.85666043445235,517.605224609375,-2.2697924240987044
2022-03-08,548.8502807617188,495.009033203125,0.9203600287437439,505.1398601778674,495.009033203125,2.0465943639830897
2022-03-09,595.1114501953125,533.4033813476562,0.9175800085067749,546.062369532694,533.4033813476562,2.3732485821620575
2022-03-10,574.7393798828125,522.2010498046875,0.9030299782752991,519.006889729535,522.2010498046875,-0.6116724729579026
2022-03-11,561.1195068359375,519.7117309570312,0.9079399704933167,509.4628284798455,519.7117309570312,-1.9720360089453326
2022-03-14,553.169921875,511.76470947265625,0.9147400259971619,506.0066687167855,511.76470947265625,-1.125134392679028
2022-03-15,571.511474609375,517.4136962890625,0.9138100147247314,522.252909028146,517.4136962890625,0.9352695480986828
2022-03-16,623.1649169921875,554.2761840820312,0.9116299748420715,568.0958176000495,554.2761840820312,2.493275719739918
2022-03-17,626.4884643554688,559.8294067382812,0.9072800278663635,568.400471398385,559.8294067382812,1.5310136546847541
2022-03-18,651.1610107421875,583.9575805664062,0.9009400010108948,586.6570016763217,583.9575805664062,0.4622632190675713
2022-03-21,654.0823364257812,586.6384887695312,0.9055399894714355,592.2977120404539,586.6384887695312,0.9646866646600083
2022-03-22,659.666259765625,600.521728515625,0.9076700210571289,598.7592878921423,600.521728515625,-0.2934849048408461
2022-03-23,637.2730712890625,587.7874145507812,0.9066399931907654,577.7772530141738,587.7874145507812,-1.7030241357341436
2022-03-24,661.3901977539062,589.5108032226562,0.9085699915885925,600.9192864100442,589.5108032226562,1.9352458216238988
2022-03-25,658.344482421875,593.8193359375,0.90829998254776,597.9742818942032,593.8193359375,0.6996986634231872
2022-03-28,665.4991455078125,596.2131958007812,0.9105899930000305,605.9968622494853,596.2131958007812,1.640967780923308
2022-03-29,679.2052001953125,606.0751342773438,0.909600019454956,617.8050633115636,606.0751342773438,1.935391896287908
2022-03-30,655.662841796875,595.7343139648438,0.9015899896621704,591.1390547575138,595.7343139648438,-0.7713605041057114
2022-03-31,639.734619140625,584.0532836914062,0.8959100246429443,573.144658399222,584.0532836914062,-1.8677448782135508
2022-04-01,639.5430297851562,580.8937377929688,0.9031500220298767,577.603301439518,580.8937377929688,-0.5664437640440667
2022-04-04,652.0900268554688,591.1384887695312,0.9052000045776367,590.2718952946016,591.1384887695312,-0.14659736954931724
2022-04-05,619.1709594726562,573.7127685546875,0.9110900163650513,564.1204795987069,573.7127685546875,-1.671967137866881
2022-04-06,601.9788818359375,547.4780883789062,0.916890025138855,551.9484320996125,547.4780883789062,0.8165338148862
2022-04-07,598.9041748046875,543.2653198242188,0.9175800085067749,549.5424978120282,543.2653198242188,1.1554534697411745
2022-04-08,585.1409912109375,545.0845947265625,0.9204000234603882,538.5637820381817,545.0845947265625,-1.1962937040354116
2022-04-11,572.5076293945312,528.8077392578125,0.9186999797821045,525.9627475498564,528.8077392578125,-0.5380011480068392
2022-04-12,568.9254760742188,536.5631103515625,0.9192900061607361,523.0075044052683,536.5631103515625,-2.5263768016799415
2022-04-13,586.8935546875,542.0205688476562,0.9236900210380554,542.107719876396,542.0205688476562,0.01607891540444939
2022-04-14,572.6322631835938,534.935302734375,0.9177200198173523,525.516091916903,534.935302734375,-1.760813086989177
2022-04-15,572.6322631835938,534.935302734375,0.9241300225257874,529.1866662748471,534.935302734375,-1.0746414435807816
2022-04-18,580.0167846679688,534.935302734375,0.9246199727058411,536.295103608627,534.935302734375,0.2541991278760536
2022-04-19,591.0982055664062,537.7119140625,0.9274899959564209,548.2376722906338,537.7119140625,1.9575088356532655
2022-04-20,607.1507568359375,566.2445068359375,0.9264000058174133,562.4644646648594,566.2445068359375,-0.6675635923075407
2022-04-21,593.808837890625,559.1592407226562,0.9216700196266174,547.2958032731112,559.1592407226562,-2.121656334287303
2022-04-22,581.9610595703125,546.9036865234375,0.9229199886322021,537.1034944830171,546.9036865234375,-1.7919411190511991
2022-04-25,574.4998779296875,524.4034423828125,0.9249799847602844,531.4008883321876,524.4034423828125,1.3343630845708665
2022-04-26,536.7725830078125,506.88177490234375,0.9333400130271912,500.99132961715077,506.88177490234375,-1.1620945113538284
2022-04-27,533.3724975585938,506.2113952636719,0.9395300149917603,501.1194706274182,506.2113952636719,-1.0058889791687564
2022-04-28,565.611572265625,525.36083984375,0.947409987449646,535.8660525815503,525.36083984375,1.9996185366470742
2022-04-29,539.9716186523438,524.6903686523438,0.9520000219345093,514.0529928010437,524.6903686523438,-2.027362514509634
2022-05-02,546.9827270507812,513.0093994140625,0.9491299986839294,519.1577150058401,513.0093994140625,1.1984801055887173
2022-05-03,550.3462524414062,522.8435668945312,0.9515600204467773,523.6874912259518,522.8435668945312,0.16141048391071777
2022-05-04,571.5238037109375,516.1910400390625,0.9498000144958496,542.8333170493715,516.1910400390625,5.161321089241078
2022-05-05,544.0682373046875,517.9265747070312,0.9413999915122986,512.1858339807441,517.9265747070312,-1.1084082197432066
2022-05-06,531.3676147460938,505.585693359375,0.9487900137901306,504.1562865225751,505.585693359375,-0.28272295984131945
2022-05-09,494.3935546875,469.2865295410156,0.9494699835777283,469.41184025007533,469.2865295410156,0.026702387810328965
2022-05-10,504.7218933105469,471.2147216796875,0.9464499950408936,477.6940334207975,471.2147216796875,1.375023199193337
2022-05-11,502.7255554199219,495.6553039550781,0.949400007724762,477.2876461991091,495.6553039550781,-3.7057321104817076
2022-05-12,503.7478942871094,483.1217041015625,0.9512500166893005,479.1901928478128,483.1217041015625,-0.8137724346416908
2022-05-13,528.7830200195312,506.35711669921875,0.9634299874305725,509.44541833091716,506.35711669921875,0.6099058411245473
2022-05-16,515.889404296875,494.2090148925781,0.9614800214767456,496.0173555229849,494.2090148925781,0.3659060389256119
2022-05-17,541.6187744140625,509.635009765625,0.9579499959945679,518.8437027805339,509.635009765625,1.8069192340502527
2022-05-18,509.4764099121094,496.4265441894531,0.9480599761009216,483.01419300525777,496.4265441894531,-2.7017796169813146
2022-05-19,507.25823974609375,484.66424560546875,0.9548599720001221,484.3605886007863,484.66424560546875,-0.06265306496936462
2022-05-20,513.8546752929688,482.7359924316406,0.9452700018882751,485.7314098844836,482.7359924316406,0.6205084144967898
2022-05-23,534.848876953125,502.30767822265625,0.9460899829864502,506.015164896904,502.30767822265625,0.7380907827979399
2022-05-24,526.9603881835938,490.9309997558594,0.9361500144004822,493.31397498655497,490.9309997558594,0.48539921738097735
2022-05-25,528.5515747070312,489.0028076171875,0.9314000010490417,492.2929372366016,489.0028076171875,0.6728242799762585
2022-05-26,540.1143798828125,498.451171875,0.9357500076293945,505.4120350960875,498.451171875,1.396498516575484
2022-05-27,562.5938110351562,521.8793334960938,0.9317100048065186,524.174282383683,521.8793334960938,0.4397470335173681
2022-05-30,562.5938110351562,536.1482543945312,0.9318400025367737,524.2474183021732,536.1482543945312,-2.2196912877759156
2022-05-31,555.75634765625,516.76953125,0.9282000064849854,515.853045498603,516.76953125,-0.17734903007537994
2022-06-01,543.5763549804688,511.3704528808594,0.9316099882125854,506.40116165599466,511.3704528808594,-0.9717595525650102
2022-06-02,559.8551635742188,515.9017333984375,0.9386000037193298,525.4800586130477,515.9017333984375,1.8566181492576606
2022-06-03,543.56689453125,506.64617919921875,0.9301400184631348,505.5933213152457,506.64617919921875,-0.20780930108604823
2022-06-06,551.3203735351562,519.1797485351562,0.9323099851608276,514.0014892694235,519.1797485351562,-0.9973923829546538
2022-06-07,556.4508056640625,513.0093994140625,0.9353299736976624,520.4651174258106,513.0093994140625,1.4533297090197017
2022-06-08,547.2217407226562,516.673095703125,0.9347000122070312,511.4881677334197,516.673095703125,-1.0035219586282729
2022-06-09,523.0836181640625,502.0184020996094,0.9330400228500366,488.0579510442767,502.0184020996094,-2.780864405955119
2022-06-10,502.94769287109375,477.33697509765625,0.9416900277137756,473.6208268383598,477.33697509765625,-0.7785167404088411
2022-06-13,475.9934387207031,456.126220703125,0.9532899856567383,453.7597783707606,456.126220703125,-0.5188130444937933
2022-06-14,473.6693420410156,454.2944641113281,0.9601399898529053,454.78887726089306,454.2944641113281,0.10883098708500683
2022-06-15,487.3247985839844,465.04437255859375,0.9577999711036682,466.75967800184117,465.04437255859375,0.3688476937824481
2022-06-16,451.46954345703125,432.74627685546875,0.9563699960708618,431.77192550211475,432.74627685546875,-0.2251553405459794
2022-06-17,456.4842834472656,433.0354919433594,0.9481499791145325,432.8155638166372,433.0354919433594,-0.05078755224777742
2022-06-20,456.4842834472656,440.8448791503906,0.9531599879264832,435.102554099225,440.8448791503906,-1.3025727013620703
2022-06-21,476.73602294921875,452.8964538574219,0.9505000114440918,453.13759526904323,452.8964538574219,0.0532442702007252
2022-06-22,468.2013244628906,448.50970458984375,0.949429988861084,444.524378269547,448.50970458984375,-0.8885708111803892
2022-06-23,468.2013244628906,443.8818054199219,0.9466000199317932,443.19938306866425,443.8818054199219,-0.15373965387296407
2022-06-24,496.9009704589844,467.4546203613281,0.9505599737167358,472.3341734193127,467.4546203613281,1.0438559906013722
2022-06-27,489.9382019042969,466.3459167480469,0.9464200139045715,463.6873198586454,466.3459167480469,-0.570091169220599
2022-06-28,472.93646240234375,455.8851623535156,0.9451000094413757,446.9722550816259,455.8851623535156,-1.9550772887357515
2022-06-29,467.3526306152344,448.50970458984375,0.9502500295639038,444.1018510588947,448.50970458984375,-0.9827777383278669
2022-06-30,458.9241027832031,439.4951477050781,0.9572499990463257,439.30509695155706,439.4951477050781,-0.043242969692258715
2022-07-01,433.80230712890625,415.7777099609375,0.9544100165367126,414.0252671205635,415.7777099609375,-0.4214855193989675
2022-07-04,433.80230712890625,413.1263427734375,0.9584100246429443,415.76047986558115,413.1263427734375,0.6376105368783636
2022-07-05,416.9933166503906,394.3260192871094,0.9584800004959106,399.67975434985783,394.3260192871094,1.3576925693179698
2022-07-06,413.5987854003906,406.3774719238281,0.9748799800872803,403.2091756752561,406.3774719238281,-0.7796436730542644
2022-07-07,435.79852294921875,424.9850158691406,0.9817000031471252,427.8234113507606,424.9850158691406,0.6678813077244827
2022-07-08,436.8111572265625,430.1431579589844,0.983299970626831,429.516398070351,430.1431579589844,-0.14570960319520987
2022-07-11,423.4159851074219,422.2855224609375,0.9836599826812744,416.49736057774135,422.2855224609375,-1.3706749522135353
2022-07-12,419.0088195800781,419.10394287109375,0.9952700138092041,417.02691364964267,419.10394287109375,-0.49558808901254414
2022-07-13,431.0827941894531,425.9009704589844,0.9966999888420105,429.66021615861064,425.9009704589844,0.8826572279408085
2022-07-14,440.6203308105469,427.10614013671875,0.9967399835586548,439.1839012877135,427.10614013671875,2.827812577718647
2022-07-15,458.6829833984375,448.70245361328125,0.997439980506897,457.50874601978285,448.70245361328125,1.962612937724506
2022-07-18,456.6095886230469,459.11492919921875,0.9904599785804749,452.25352336722244,459.11492919921875,-1.494485453558192
2022-07-19,480.6031494140625,467.4064636230469,0.9856899976730347,473.7257172276004,467.4064636230469,1.3519825026745647
2022-07-20,496.09088134765625,483.21807861328125,0.9773899912834167,484.8742621961683,483.21807861328125,0.34274040152633134
2022-07-21,522.9486083984375,508.0923767089844,0.9820500016212463,513.5616817255141,508.0923767089844,1.0764391018726727
2022-07-22,515.2239990234375,503.7538757324219,0.9783700108528137,504.07970951619063,503.7538757324219,0.06468114677926629
2022-07-25,519.7662353515625,509.3457946777344,0.9803699851036072,509.5632164089693,509.3457946777344,0.042686468310293435
2022-07-26,505.49346923828125,496.4265441894531,0.9779999852180481,494.3726054428589,496.4265441894531,-0.4137447464554467
2022-07-27,526.7191162109375,509.9242858886719,0.9872099757194519,519.9823659255708,509.9242858886719,1.9724653865760056
2022-07-28,540.7316284179688,525.8322143554688,0.9794999957084656,529.646627714832,525.8322143554688,0.7254050351477082
2022-07-29,553.9722290039062,535.4735107421875,0.9811300039291382,543.518775219236,535.4735107421875,1.502457977033722
2022-08-01,557.5502319335938,544.7290649414062,0.9796000123023987,546.1762140613537,544.7290649414062,0.2656640177815861
2022-08-02,545.4473266601562,532.870361328125,0.9745299816131592,531.5547732210689,532.870361328125,-0.2468870859653638
2022-08-03,563.0567016601562,550.1281127929688,0.9846699833869934,554.4250330696414,550.1281127929688,0.7810762941848903
2022-08-04,568.8529663085938,556.8643188476562,0.9844800233840942,560.0243815735957,556.8643188476562,0.567474449158234
2022-08-05,558.0744018554688,540.6280517578125,0.975820004940033,544.5801655755095,540.6280517578125,0.7310227068031194
2022-08-08,553.6663818359375,541.7877197265625,0.9832000136375427,544.3647941717427,541.7877197265625,0.475661287871354
2022-08-09,523.0806884765625,512.6011962890625,0.9806200265884399,512.9433986417862,512.6011962890625,0.0667580089943387
2022-08-10,547.1896362304688,525.8414306640625,0.979610025882721,536.0324537104862,525.8414306640625,1.9380410998718567
2022-08-11,543.6708374023438,530.3836669921875,0.97079998254776,527.7956394619214,530.3836669921875,-0.48795385139644987
2022-08-12,556.76953125,534.635986328125,0.9692999720573425,539.6766910830047,534.635986328125,0.9428293051313652
2022-08-15,555.7833251953125,541.4012451171875,0.9750000238418579,541.8887553163368,541.4012451171875,0.09004600627464665
2022-08-16,547.798583984375,538.7916259765625,0.9840599894523621,539.0666687776829,538.7916259765625,0.051048083871374494
2022-08-17,538.7118530273438,525.6481323242188,0.9832199811935425,529.6722580022833,525.6481323242188,0.7655550225721175
2022-08-18,542.5979614257812,538.5018310546875,0.9822999835014343,532.9939685564568,538.5018310546875,-1.0228122135524043
2022-08-19,527.0922241210938,526.807861328125,0.9910899996757507,522.3958322332655,526.807861328125,-0.8375025163323113
2022-08-22,502.7416687011719,507.96221923828125,0.9964900016784668,500.97704628786596,507.96221923828125,-1.3751363164154151
2022-08-23,508.232421875,508.7353820800781,1.0060900449752808,511.3275801821146,508.7353820800781,0.5095376090095582
2022-08-24,507.9326477050781,512.9877319335938,1.0033199787139893,509.6189732835992,512.9877319335938,-0.6566938038258252
2022-08-25,521.7561645507812,514.3406982421875,1.003100037574768,523.3736282657555,514.3406982421875,1.7562152974553769
2022-08-26,492.94915771484375,503.9032287597656,1.0028799772262573,494.36884006276523,503.9032287597656,-1.892107085812278
2022-08-29,483.224365234375,486.4105529785156,1.0061700344085693,486.20587619493017,486.4105529785156,-0.042079017885632286
2022-08-30,476.5928955078125,473.9434509277344,0.9986000061035156,475.92566836299375,473.9434509277344,0.4182392290428716
2022-08-31,473.615478515625,468.3863220214844,0.9975000023841858,472.43144094852323,468.3863220214844,0.8636287476501803
2022-09-01,454.2625427246094,451.32867431640625,0.9961100220680237,452.4954714580872,451.32867431640625,0.25852493051725656
2022-09-02,451.62359619140625,467.90325927734375,1.00478994846344,453.7868499420365,467.90325927734375,-3.0169504177229745
2022-09-05,451.62359619140625,461.1864318847656,1.0091400146484375,455.7514424761757,461.1864318847656,-1.1784799015830405
2022-09-06,454.2625427246094,462.5394592285156,1.0047999620437622,456.4429856875904,462.5394592285156,-1.3180439893914597
2022-09-07,460.79730224609375,459.0119323730469,1.0103100538253784,465.54814723484014,459.0119323730469,1.4239749341594887
2022-09-08,466.6650390625,463.8924560546875,1.0004299879074097,466.86569938610774,463.8924560546875,0.6409337536348536
2022-09-09,484.3070373535156,481.1917724609375,0.9987999796867371,483.7258590708352,481.1917724609375,0.5266271692339508
2022-09-12,488.1060791015625,483.0279846191406,0.9929100275039673,484.64542042558605,483.0279846191406,0.3348534366431677
2022-09-13,455.4033508300781,463.3609313964844,0.9872099757194519,449.57873091551846,463.3609313964844,-2.9743984758121234
2022-09-14,462.1700439453125,462.6844482421875,1.0017999410629272,463.00192278546456,462.6844482421875,0.0686157800382503
2022-09-15,450.1348876953125,451.7636413574219,1.0016000270843506,450.8551157072361,451.7636413574219,-0.20110641207333746
2022-09-16,451.68157958984375,449.3957824707031,1.001170039176941,452.2100647334664,449.3957824707031,0.6262369102110421
2022-09-19,455.41290283203125,451.42535400390625,0.9977700114250183,454.3973372618166,451.42535400390625,0.6583554139240055
2022-09-20,446.5677795410156,449.9757385253906,0.9970499873161316,445.2503989271627,449.9757385253906,-1.0501320835014982
2022-09-21,439.762451171875,455.9193420410156,1.0029300451278687,441.05097499935073,455.9193420410156,-3.2611836504026437
2022-09-22,426.34490966796875,432.241455078125,1.0172200202941895,433.68657766477554,432.241455078125,0.3343322510307001
2022-09-23,421.6081848144531,427.3125915527344,1.0161000490188599,428.39609725671835,427.3125915527344,0.25356278410773037
2022-09-26,416.4557800292969,432.19317626953125,1.031999945640564,429.78234235193304,432.19317626953125,-0.5578139706895135
2022-09-27,418.8531188964844,434.70587158203125,1.0391000509262085,435.2302971759382,434.70587158203125,0.12063917885405395
2022-09-28,426.5285339355469,434.6092224121094,1.042080044746399,444.4768737291706,434.6092224121094,2.270465238242103
2022-09-29,413.5267028808594,417.4066162109375,1.030060052871704,425.9573374333195,417.4066162109375,2.0485351430224785
2022-09-30,401.51080322265625,419.04949951171875,1.0173399448394775,408.47297840299143,419.04949951171875,-2.523931211241437
2022-10-03,417.2967529296875,426.4911804199219,1.0211700201034546,426.1309335783153,426.4911804199219,-0.08446759467614084
2022-10-04,449.6129150390625,453.1166687011719,1.0170799493789673,457.2922808680596,453.1166687011719,0.9215313528096125
2022-10-05,453.6536560058594,450.8454284667969,1.0015699863433838,454.3658860504147,450.8454284667969,0.7808568882665456
2022-10-06,446.7418212890625,460.50994873046875,1.0089800357818604,450.75357882949174,460.50994873046875,-2.1186013305191986
2022-10-07,419.790771484375,432.241455078125,1.0215500593185425,428.83728751124,432.241455078125,-0.7875615646976142
2022-10-10,407.83294677734375,418.13140869140625,1.0272200107574463,418.93416397586407,418.13140869140625,0.19198636308384032
2022-10-11,386.2469482421875,400.97705078125,1.029860019683838,397.78028971952153,400.97705078125,-0.797242898440198
2022-10-12,385.057861328125,400.15557861328125,1.0309100151062012,396.96000563853886,400.15557861328125,-0.7985826377371774
2022-10-13,391.8923645019531,397.49786376953125,1.030079960823059,403.68047147302786,397.49786376953125,1.5553813660445837
2022-10-14,366.49761962890625,384.1126403808594,1.0255000591278076,375.8433305996441,384.1126403808594,-2.152834588576935
2022-10-17,379.1514892578125,387.1085510253906,1.0267599821090698,389.29757632697874,387.1085510253906,0.565480999009127
2022-10-18,385.6958923339844,390.05621337890625,1.0155999660491943,391.71273515970825,390.05621337890625,0.4246879613715615
2022-10-19,409.8919677734375,421.8521728515625,1.013800024986267,415.5484871703811,421.8521728515625,-1.4942878303958573
2022-10-20,422.7004699707031,437.1219787597656,1.0239100456237793,432.8072574928956,437.1219787597656,-0.987074884477801
2022-10-21,446.82879638671875,444.1286926269531,1.0226099491119385,456.9315727347712,444.1286926269531,2.882696011395036
2022-10-24,457.2109375,461.9112548828125,1.0141899585723877,463.69874176196754,461.9112548828125,0.3869762557763501
2022-10-25,469.8164978027344,479.3554992675781,1.0114799737930298,475.2099788850428,479.3554992675781,-0.86481127031387
2022-10-26,467.9604797363281,474.3783874511719,1.003640055656433,469.6638819275795,474.3783874511719,-0.9938280596895166
2022-10-27,458.6029357910156,467.1300964355469,0.9908900260925293,454.42507501207,467.1300964355469,-2.7198036522208646
2022-10-28,472.8808288574219,464.27899169921875,1.0032299757003784,474.40822244380615,464.27899169921875,2.1817120579837868
2022-10-31,456.6793212890625,461.9595947265625,1.004520058631897,458.743538597264,461.9595947265625,-0.6961769310586896
2022-11-01,459.54071044921875,465.487060546875,1.0115000009536743,464.82542905763694,465.487060546875,-0.1421374610200199
2022-11-02,431.4585876464844,456.5475158691406,1.0123599767684937,436.791405766362,456.5475158691406,-4.327284546750498
2022-11-03,426.54278564453125,439.7503662109375,1.0189100503921509,434.60873121547775,439.7503662109375,-1.1692167626287886
2022-11-04,454.5057678222656,450.1213073730469,1.0256799459457397,466.17745137196835,450.1213073730469,3.5670704176673507
2022-11-07,468.69091796875,462.1400451660156,1.0071699619293213,472.0514140072046,462.1400451660156,2.1446678219864124
2022-11-08,488.2766418457031,486.17755126953125,0.9981399774551392,487.3684362837412,486.17755126953125,0.24494858125394536
2022-11-09,474.5763244628906,480.65283203125,0.9919800162315369,470.77023004380135,480.65283203125,-2.05607900939323
2022-11-10,543.7371826171875,527.4676513671875,0.9980499744415283,542.6768812139926,527.4676513671875,2.8834431471547184
2022-11-11,558.9114990234375,534.5433959960938,0.9811400175094604,548.3704379380943,534.5433959960938,2.5867014812210876
2022-11-14,560.2496337890625,547.9190673828125,0.9681900143623352,542.4281009847255,547.9190673828125,-1.0021491721971199
2022-11-15,579.3019409179688,561.488525390625,0.9690600037574768,561.3783410426804,561.488525390625,-0.019623615258734795
2022-11-16,559.16357421875,541.5220336914062,0.9654499888420105,539.8444664903509,541.5220336914062,-0.3097874318464644
2022-11-17,571.1185913085938,547.6282348632812,0.9620000123977661,549.4160919194619,547.6282348632812,0.3264727679037627
2022-11-18,575.123046875,553.8314819335938,0.9650899767875671,555.0454879585886,553.8314819335938,0.2192013391431713
2022-11-21,562.6443481445312,546.2713623046875,0.9679700136184692,544.6228573358167,546.2713623046875,-0.30177400512373387
2022-11-22,578.0802612304688,552.9591674804688,0.9760199785232544,564.2178841508794,552.9591674804688,2.036084639252911
2022-11-23,585.4879760742188,565.753173828125,0.9698299765586853,567.8237901114517,565.753173828125,0.36599287093981303
2022-11-24,585.4879760742188,559.743896484375,0.9600399732589722,562.0918608937427,559.743896484375,0.4194711946150287
2022-11-25,573.8431396484375,556.4483642578125,0.9607899785041809,551.342737807594,556.4483642578125,-0.9175382260361964
2022-11-28,565.6016845703125,549.3728637695312,0.9645500183105469,545.5511152087711,549.3728637695312,-0.6956565955109517
2022-11-29,561.2191162109375,542.5882568359375,0.9666000008583069,542.4743982111904,542.5882568359375,-0.020984351082542485
2022-11-30,589.6279296875,543.8482055664062,0.9685699939727783,571.0959203036036,543.8482055664062,5.010169098346018
2022-12-01,592.6726684570312,564.2994384765625,0.9592000246047974,568.4916381665753,564.2994384765625,0.742903395638761
2022-12-02,587.2913818359375,557.0299682617188,0.9498100280761719,557.8152438704856,557.0299682617188,0.14097546873776956
2022-12-05,582.5209350585938,554.8006591796875,0.948390007019043,552.4570336889592,554.8006591796875,-0.4224265872707411
2022-12-06,575.016357421875,550.3421630859375,0.9526600241661072,547.7950969574304,550.3421630859375,-0.46281500843492474
2022-12-07,583.0640258789062,547.8220825195312,0.9552000164985657,556.9427671392514,547.8220825195312,1.6648990449184664
2022-12-08,588.4356079101562,553.2498779296875,0.9511799812316895,559.7081704880402,553.2498779296875,1.1673373670718634
2022-12-09,579.5250854492188,559.5501098632812,0.9470000267028809,548.8102713953995,559.5501098632812,-1.919370272397214
2022-12-12,591.4412841796875,551.6021118164062,0.9503700137138367,562.0880613567788,551.6021118164062,1.90099880253225
2022-12-13,609.1654052734375,574.9612426757812,0.9486100077629089,577.8603998253311,574.9612426757812,0.5042352308927134
2022-12-14,597.1328125,567.5947875976562,0.9410300254821777,561.9199057631195,567.5947875976562,-0.9998121826586437
2022-12-15,568.5103759765625,534.5433959960938,0.9366499781608582,532.4952312426685,534.5433959960938,-0.3831615484854334
2022-12-16,556.85595703125,523.8816528320312,0.9398000240325928,523.3332418006612,523.8816528320312,-0.1046822366092437
2022-12-19,551.3196411132812,520.7799072265625,0.9447299838066101,520.8481956212163,520.7799072265625,0.013112716851426676
2022-12-20,546.0352783203125,513.704345703125,0.9420999884605408,514.4198294046146,513.704345703125,0.13927927755998937
2022-12-21,563.2941284179688,528.4369506835938,0.9409999847412109,530.0597662461223,528.4369506835938,0.3070972914420933
2022-12-22,539.0444946289062,506.7257080078125,0.9424999952316284,508.0494336173797,506.7257080078125,0.26123119246730386
2022-12-23,534.6036987304688,501.0072021484375,0.9430999755859375,504.18473522085696,501.0072021484375,0.6342290208191548
2022-12-26,534.6036987304688,501.0072021484375,0.9373999834060669,501.1374983187634,501.0072021484375,0.02600684576332668
2022-12-27,520.84521484375,494.6100769042969,0.9398300051689148,489.5059609588061,494.6100769042969,-1.0319474236022086
2022-12-28,515.4738159179688,486.37139892578125,0.9401000142097473,484.5969416692351,486.37139892578125,-0.36483585598686696
2022-12-29,534.7007446289062,500.81329345703125,0.9408000111579895,503.0464665130603,500.81329345703125,0.44590930097199166
2022-12-30,529.784912109375,488.3099060058594,0.9380199909210205,496.9488384469296,488.3099060058594,1.769149536967718
2023-01-02,529.784912109375,501.0072021484375,0.9337300062179565,494.6760692780663,501.0072021484375,-1.263681009618589
2023-01-03,532.8584594726562,504.30267333984375,0.9365299940109253,499.03792985859764,504.30267333984375,-1.043965015370496
2023-01-04,553.4720458984375,520.4890747070312,0.9481499791145325,524.7745087590811,520.4890747070312,0.8233475514278554
2023-01-05,548.1295776367188,523.300048828125,0.9428300261497498,516.7930240166788,523.300048828125,-1.2434596224513927
2023-01-06,577.731201171875,534.5433959960938,0.9503700137138367,549.0584095806262,534.5433959960938,2.7154041548833385
2023-01-09,602.4364013671875,568.5641479492188,0.9384099841117859,565.3323338353439,568.5641479492188,-0.5684167961578002
2023-01-10,614.1297607421875,564.7839965820312,0.931689977645874,572.1785430575546,564.7839965820312,1.309269830638593
2023-01-11,625.0763549804688,574.4766845703125,0.931190013885498,582.0648596737592,574.4766845703125,1.3208847821426062
2023-01-12,632.716796875,580.9705810546875,0.928849995136261,587.6989936999744,580.9705810546875,1.1581331077164414
2023-01-13,639.6299438476562,586.1075439453125,0.9207900166511536,588.9648666460598,586.1075439453125,0.487508261967351
2023-01-16,639.6299438476562,588.5307006835938,0.9238200187683105,590.9029467301152,588.5307006835938,0.40307940499382244
2023-01-17,638.175537109375,587.7553100585938,0.9233499765396118,589.2593672180956,587.7553100585938,0.2558985233756417
2023-01-18,632.4550170898438,594.7339477539062,0.9265000224113464,585.9695875079087,594.7339477539062,-1.4736606644193295
2023-01-19,611.0851440429688,572.4410400390625,0.926110029220581,565.9320806058968,572.4410400390625,-1.1370532470420969
2023-01-20,629.1194458007812,572.2473754882812,0.9230300188064575,580.6961338890032,572.2473754882812,1.4764171515007751
2023-01-23,655.4730224609375,596.0910034179688,0.9203799962997437,603.2842579871794,596.0910034179688,1.2067376504534932
2023-01-24,649.63623046875,596.76953125,0.9196000099182129,597.4054839822929,596.76953125,0.10656588498425545
2023-01-25,660.8057861328125,598.1262817382812,0.918429970741272,606.9038388236222,598.1262817382812,1.4675090116139877
2023-01-26,663.103759765625,600.0648193359375,0.9155799746513367,607.124523557417,600.0648193359375,1.1764902713830239
2023-01-27,647.095703125,601.0341186523438,0.917900025844574,593.9691626223503,601.0341186523438,-1.1754667182346856
2023-01-30,630.5352783203125,584.84765625,0.9198399782180786,579.9915566758864,584.84765625,-0.8303187201348372
2023-01-31,640.7450561523438,584.0722045898438,0.9215999841690063,590.5106336063691,584.0722045898438,1.1023344315873818
2023-02-01,657.8970947265625,588.724609375,0.9207299947738647,605.7455885893287,588.724609375,2.8911614944037156
2023-02-02,675.369140625,615.4759521484375,0.9080299735069275,613.2554228691151,615.4759521484375,-0.3607824597486209
2023-02-03,658.9539794921875,619.8377075195312,0.9169999957084656,604.2607963664123,619.8377075195312,-2.513062849218184
2023-02-06,643.2337646484375,602.81005859375,0.9267100095748901,596.0911681962461,602.81005859375,-1.1145949377782238
2023-02-07,659.5096435546875,603.5872192382812,0.9319000244140625,614.5970529299229,603.5872192382812,1.8240667364587182
2023-02-08,644.0306396484375,601.6445922851562,0.9319900274276733,600.2301335102093,601.6445922851562,-0.23509872657121456
2023-02-09,645.3326416015625,609.2208862304688,0.9332000017166138,602.224422250365,609.2208862304688,-1.1484281215954462
2023-02-10,637.7728271484375,594.165283203125,0.930899977684021,593.7027105599554,594.165283203125,-0.07785251953392747
2023-02-13,649.8121337890625,602.81005859375,0.9365299940109253,608.5685537656973,602.81005859375,0.9552752297101508
2023-02-14,658.3046875,603.2957763671875,0.9319300055503845,613.4938910757191,603.2957763671875,1.6904004814919604
2023-02-15,657.65380859375,607.4725341796875,0.9314699769020081,612.5847779003379,607.4725341796875,0.8415596480512155
2023-02-16,637.7048950195312,605.141357421875,0.9352999925613403,596.4453835680979,605.141357421875,-1.4370152935547442
2023-02-17,633.4779663085938,592.8052978515625,0.9375799894332886,593.9362649578325,592.8052978515625,0.19078221978932053
2023-02-20,633.4779663085938,586.2974853515625,0.9359400272369385,592.8973850408656,586.2974853515625,1.1256912837253052
2023-02-21,611.955078125,579.78955078125,0.9361000061035156,572.8511523678899,579.78955078125,-1.196709806861962
2023-02-22,606.54248046875,576.0013427734375,0.9387900233268738,569.4160293879977,576.0013427734375,-1.1432809086401763
2023-02-23,620.02978515625,577.6526489257812,0.9428799748420715,584.61366822946,577.6526489257812,1.205052779836402
2023-02-24,600.8775024414062,562.4026489257812,0.9435700178146362,566.9699956830518,562.4026489257812,0.8121133081422149
2023-02-27,614.1898193359375,578.4297485351562,0.9474400281906128,581.908019746028,578.4297485351562,0.6013299315396958
2023-02-28,600.2459716796875,567.2593383789062,0.9423999786376953,565.6717908883002,567.2593383789062,-0.2798627335325876
2023-03-01,597.544677734375,558.1287841796875,0.9454200267791748,564.9307052253862,558.1287841796875,1.2187009949139016
2023-03-02,606.503662109375,560.9456787109375,0.9373000264167786,568.4758985169901,560.9456787109375,1.3424151556630681
2023-03-03,619.3399658203125,572.50439453125,0.9434199929237366,584.2977061715865,572.50439453125,2.0599512864861946
2023-03-06,603.3942260742188,573.2816162109375,0.941070020198822,567.8362165195176,573.2816162109375,-0.949864697809577
2023-03-07,591.8699951171875,557.6430053710938,0.9355999827384949,553.7535572150737,557.6430053710938,-0.6974799501756057
2023-03-08,601.8685913085938,565.3164672851562,0.9477999806404114,570.4510391903568,565.3164672851562,0.9082650519378177
2023-03-09,587.6236572265625,568.5220947265625,0.9479100108146667,557.0143472765849,568.5220947265625,-2.0241513138574474
2023-03-10,584.1934814453125,561.0427856445312,0.9447600245475769,551.9226478708079,561.0427856445312,-1.6255690309333715
2023-03-13,587.6625366210938,548.803955078125,0.9360100030899048,550.0580127185312,548.803955078125,0.22850739846211887
2023-03-14,602.7431030273438,559.5857543945312,0.9323999881744385,561.9976621349197,559.5857543945312,0.4310166442671681
2023-03-15,589.5185546875,551.7179565429688,0.9321699738502502,549.5314957072842,551.7179565429688,-0.3963004665254677
2023-03-16,612.712890625,570.1732788085938,0.9448800086975098,578.9401614228263,570.1732788085938,1.5375821596816053
2023-03-17,615.7543334960938,579.0123291015625,0.9421399831771851,580.1267774012886,579.0123291015625,0.19247401889617155
2023-03-20,628.0365600585938,582.994873046875,0.9364299774169922,588.1122617527144,582.994873046875,0.8777759363636672
2023-03-21,623.955322265625,578.1382446289062,0.9329100251197815,582.0941753684456,578.1382446289062,0.6842534249016152
2023-03-22,622.2449951171875,583.5777587890625,0.9281399846076965,577.5304601902826,583.5777587890625,-1.0362455572892615
2023-03-23,645.36181640625,599.604736328125,0.9199299812316895,593.6876836542506,599.604736328125,-0.9868255394561154
2023-03-24,629.2025146484375,581.5380249023438,0.9229300022125244,580.7098782366083,581.5380249023438,-0.14240627960218077
2023-03-27,625.821044921875,587.8515014648438,0.9277999997138977,580.6367652994668,587.8515014648438,-1.2273059007927745
2023-03-28,621.6038818359375,570.8531494140625,0.925320029258728,575.1825221277686,570.8531494140625,0.7584039289526334
2023-03-29,640.4644165039062,588.434326171875,0.9225500226020813,590.8604619215075,588.434326171875,0.4123035726715685
2023-03-30,657.5274047851562,605.8212890625,0.9222000241279602,606.3717885576662,605.8212890625,0.09086829814417552
2023-03-31,661.443359375,607.2782592773438,0.9170399904251099,606.5700119480025,607.2782592773438,-0.11662649181349849
2023-04-03,654.9134521484375,599.9933471679688,0.9256399869918823,606.2140793274884,599.9933471679688,1.0368001893491297
2023-04-04,649.75390625,600.4788818359375,0.9164000153541565,595.4344896639232,600.4788818359375,-0.8400615449774551
2023-04-05,645.1092529296875,588.822998046875,0.9124000072479248,588.5976870487502,588.822998046875,-0.03826463960683313
2023-04-06,638.52099609375,589.6001586914062,0.9171500205993652,585.61954472051,589.6001586914062,-0.6751378730513014
2023-04-07,638.52099609375,589.6001586914062,0.9157400131225586,584.7192253419198,589.6001586914062,-0.8278378622420091
2023-04-10,642.9130859375,589.6001586914062,0.9162899851799011,589.0948219856364,589.6001586914062,-0.0857083734325026
2023-04-11,641.0961303710938,593.0968627929688,0.9200199842453003,589.8212517637367,593.0968627929688,-0.5522893872354717
2023-04-12,636.1307373046875,586.103271484375,0.9159600138664246,582.6703189624604,586.103271484375,-0.5857248524172576
2023-04-13,646.5765380859375,585.9089965820312,0.9090999960899353,587.8027282457697,585.9089965820312,0.32321259355732046
2023-04-14,647.3441162109375,589.1143188476562,0.9046000242233276,585.5875032052427,589.1143188476562,-0.5986640503514162
2023-04-17,620.9527587890625,565.6080322265625,0.9101999998092651,565.1912009313673,565.6080322265625,-0.07369614139923764
2023-04-18,625.121337890625,571.7274169921875,0.9153000116348267,572.1735678444675,571.7274169921875,0.07803558811769751
2023-04-19,605.9497680664062,550.6494750976562,0.9111300110816956,552.0990188932956,550.6494750976562,0.26324256377112665
2023-04-20,615.6376953125,556.9632568359375,0.9130600094795227,562.1141599179828,556.9632568359375,0.9248191902832437
2023-04-21,616.5120239257812,563.5682983398438,0.9114999771118164,561.9506956975092,563.5682983398438,-0.2870286790615517
2023-04-24,609.6228637695312,556.865966796875,0.9097300171852112,554.5922183335533,556.865966796875,-0.4083116223461136
2023-04-25,588.61474609375,547.6383666992188,0.90420001745224,532.2254636906146,547.6383666992188,-2.8144308262224915
2023-04-26,591.8601684570312,540.6448364257812,0.9108800292015076,539.1136075273498,540.6448364257812,-0.2832226991298814
2023-04-27,611.43017578125,548.0269775390625,0.9052000045776367,553.4665979160927,548.0269775390625,0.9925825917288078
2023-04-28,618.8345336914062,558.7339477539062,0.9064499735832214,560.9425467169604,558.7339477539062,0.3952863383248184
2023-05-01,619.0274658203125,558.7339477539062,0.9081900119781494,562.1945615981531,558.7339477539062,0.619367027573392
2023-05-02,617.90673828125,558.1494750976562,0.9116399884223938,563.3084917328379,558.1494750976562,0.924307352305398
2023-05-03,618.5792236328125,560.4876708984375,0.9081900119781494,561.7874725205183,560.4876708984375,0.2319054797400577
2023-05-04,618.88134765625,562.4360961914062,0.9034299850463867,559.1159666585736,562.4360961914062,-0.5903123137571131
2023-05-05,633.7626342773438,570.5222778320312,0.9071999788284302,574.9494483986564,570.5222778320312,0.7759855729820408
2023-05-08,638.3135986328125,576.0756225585938,0.9075499773025513,579.3014919511188,576.0756225585938,0.5599732511154754
2023-05-09,626.6776733398438,569.45068359375,0.9094099998474121,569.9069428163639,569.45068359375,0.08012269293180552
2023-05-10,640.4088134765625,584.1619262695312,0.9120200276374817,584.0656637661814,584.1619262695312,-0.01647873629228025
2023-05-11,633.6358642578125,578.024169921875,0.9104099869728088,576.8684189244595,578.024169921875,-0.1999485588243921
2023-05-12,631.0241088867188,581.2391967773438,0.9164100289344788,578.2768218832316,581.2391967773438,-0.5096653684983576
2023-05-15,638.9957275390625,580.264892578125,0.9214299917221069,588.7898279367801,580.264892578125,1.4691454657507652
2023-05-16,635.4484252929688,588.6433715820312,0.9196500182151794,584.3901558954858,588.6433715820312,-0.7225454140619259
2023-05-17,653.4287109375,592.7352905273438,0.9203299880027771,601.3700376977795,592.7352905273438,1.456762792502797
2023-05-18,678.2112426757812,624.1063232421875,0.9226499795913696,625.751589213447,624.1063232421875,0.26361950039417437
2023-05-19,676.3303833007812,626.8342895507812,0.9280400276184082,627.6616675976256,626.8342895507812,0.1319931057755852
2023-05-22,680.8522338867188,626.6392822265625,0.9239799976348877,629.0938454563584,626.6392822265625,0.39170273862729754
2023-05-23,664.1000366210938,618.6504516601562,0.9249799847602844,614.2792417530836,618.6504516601562,-0.7065718444628
2023-05-24,649.8131103515625,605.6929931640625,0.9285299777984619,603.3709529278858,605.6929931640625,-0.38336917586691
2023-05-25,690.4417724609375,635.7972412109375,0.9296000003814697,641.8346719430701,635.7972412109375,0.9495842920981712
2023-05-26,717.1927490234375,664.5377197265625,0.932449996471405,668.7463762962216,664.5377197265625,0.6333209454823407
2023-05-29,717.1927490234375,658.7897338867188,0.9325699806213379,668.8324280585512,658.7897338867188,1.524415705840254
2023-05-30,709.7180786132812,665.511962890625,0.9339100122451782,662.8128194883539,665.511962890625,-0.40557398706215775
2023-05-31,704.52392578125,654.2107543945312,0.9316999912261963,656.404935469036,654.2107543945312,0.3353936112737044
2023-06-01,708.2660522460938,659.763916015625,0.9350000023841858,662.2287605387355,659.763916015625,0.3735949274091821
2023-06-02,706.199951171875,657.2308349609375,0.9293000102043152,656.2716218303103,657.2308349609375,-0.14594767615919713
2023-06-05,703.8123779296875,657.8153686523438,0.9347000122070312,657.8534382423386,657.8153686523438,0.005787275854141072
2023-06-06,698.3842163085938,651.9699096679688,0.9335500001907349,651.9765852680939,651.9699096679688,0.0010239123042543596
2023-06-07,692.1276245117188,650.7034301757812,0.9347500205039978,646.9663112037124,650.7034301757812,-0.5743198512199843
2023-06-08,701.7171020507812,645.63720703125,0.933929979801178,655.3546389444273,645.63720703125,1.5050916842075601
2023-06-09,697.6337280273438,649.4368896484375,0.9274100065231323,646.992500260596,649.4368896484375,-0.37638597788381967
2023-06-12,711.5794067382812,654.2107543945312,0.9301499724388123,661.8755655656387,654.2107543945312,1.171611918578308
2023-06-13,718.4987182617188,663.076416015625,0.9291099905967712,667.5643373679377,663.076416015625,0.6768332041245273
2023-06-14,721.3638916015625,664.1480102539062,0.9268400073051453,668.5889145616602,664.1480102539062,0.6686618403112021
2023-06-15,719.8824462890625,656.4514770507812,0.922249972820282,663.911566523886,656.4514770507812,1.1364266414054525
2023-06-16,703.5004272460938,642.8118286132812,0.9135800004005432,642.7039206052686,642.8118286132812,-0.016786873422258708
2023-06-19,703.5004272460938,644.1759643554688,0.9139000177383423,642.9290529391365,644.1759643554688,-0.1935668955888259
2023-06-20,702.0679931640625,639.4995727539062,0.9153900146484375,642.6660305466503,639.4995727539062,0.49514619362576173
2023-06-21,689.2916870117188,629.3673095703125,0.9157199859619141,631.1981739540352,629.3673095703125,0.2909055421026929
2023-06-22,699.144287109375,635.1153564453125,0.9096999764442444,636.0115415145265,635.1153564453125,0.14110587314875023
2023-06-23,680.121337890625,624.3011474609375,0.9125000238418579,620.6107370405516,624.3011474609375,-0.5911266438312635
2023-06-26,682.4114379882812,630.6337280273438,0.9168699979782104,625.6825737686231,630.6337280273438,-0.7851077477584512
2023-06-27,706.619140625,632.8746337890625,0.9165499806404114,647.6517596599879,632.8746337890625,2.334921496608855
2023-06-28,705.7516479492188,647.5858764648438,0.9126399755477905,644.0971667271879,647.5858764648438,-0.5387254207427583
2023-06-29,704.93310546875,651.1905517578125,0.916100025177002,645.789235668024,651.1905517578125,-0.8294524659806957
2023-06-30,706.29736328125,645.9296264648438,0.9201300144195557,649.8854030604707,645.9296264648438,0.6124160331949513
2023-07-03,715.1950073242188,648.94970703125,0.9168000221252441,655.6907985387079,648.94970703125,1.0387694815822357
2023-07-04,715.1950073242188,651.8724365234375,0.9163299798965454,655.354626683511,651.8724365234375,0.5341827580016556
2023-07-05,697.4486083984375,642.3247680664062,0.9186999797821045,640.7460224347014,642.3247680664062,-0.2457861988503618
2023-07-06,681.5051879882812,623.3268432617188,0.9211000204086304,627.7344425645933,623.3268432617188,0.7071088547720317
2023-07-07,679.0006103515625,623.9115600585938,0.9182199835777283,623.4719292862792,623.9115600585938,-0.07046363626813656
2023-07-10,691.7573852539062,628.587890625,0.9115999937057495,630.6060280433667,628.587890625,0.32105890814411175
2023-07-11,687.0502319335938,618.747802734375,0.9085999727249146,624.2538219955095,618.747802734375,0.8898648588006708
2023-07-12,706.4046630859375,637.1611938476562,0.9079300165176392,641.3659974237526,637.1611938476562,0.6599277571668338
2023-07-13,731.6256713867188,645.9296264648438,0.8973000049591064,656.4877185635123,645.9296264648438,1.6345576462335032
2023-07-14,734.8222045898438,667.2656860351562,0.8909900188446045,654.7192499149387,667.2656860351562,-1.880275935477449
2023-07-17,735.2802124023438,647.5858764648438,0.8906499743461609,654.8773023133872,647.5858764648438,1.1259396033074687
2023-07-18,737.755615234375,647.0987548828125,0.8898699879646301,656.5065804494516,647.0987548828125,1.4538469585438696
2023-07-19,697.5558471679688,635.1153564453125,0.89055997133255,621.2153152567589,635.1153564453125,-2.188585277854238
2023-07-20,658.9153442382812,604.1340942382812,0.8924400210380554,588.0424236743092,604.1340942382812,-2.6635925231568103
2023-07-21,675.7066650390625,609.3950805664062,0.8978999853134155,606.7170046147512,609.3950805664062,-0.4394646489705667
2023-07-24,667.0526733398438,599.847412109375,0.8988500237464905,599.5803112716785,599.847412109375,-0.044528130371890295
2023-07-25,669.801025390625,612.220458984375,0.9039000272750854,605.4331651194661,612.220458984375,-1.1086355846664175
2023-07-26,666.87744140625,601.503662109375,0.9049400091171265,603.4840779061778,601.503662109375,0.3292441794714662
2023-07-27,690.0908813476562,635.9920043945312,0.9026600122451782,622.9174434075612,635.9920043945312,-2.0557744274500855
2023-07-28,700.0798950195312,636.18701171875,0.9108499884605408,637.6677642999966,636.18701171875,0.23275429299416395
2023-07-31,698.169677734375,635.4075927734375,0.9070900082588196,633.3027387421316,635.4075927734375,-0.3312604468760916
2023-08-01,692.205078125,629.402587890625,0.9092900156974792,629.4151663541561,629.402587890625,0.0019984766146619037
2023-08-02,667.15234375,614.0726928710938,0.9084399938583374,606.0678710588254,614.0726928710938,-1.3035625757663705
2023-08-03,665.150146484375,604.6990966796875,0.9137300252914429,607.7676601697749,604.6990966796875,0.5074529641166059
2023-08-04,662.249267578125,606.4566040039062,0.9131100177764893,604.7064404907287,606.4566040039062,-0.288588416981983
2023-08-07,677.2711181640625,610.4600219726562,0.9088699817657471,615.5513888162386,610.4600219726562,0.8340213380607642
2023-08-08,663.54833984375,600.3051147460938,0.9088299870491028,603.052629106649,600.3051147460938,0.4576863153527011
2023-08-09,656.8284912109375,599.6217041015625,0.9125000238418579,599.356013889992,599.6217041015625,-0.04430963885281303
2023-08-10,662.0247192382812,609.4835815429688,0.9109399914741516,603.0647920985975,609.4835815429688,-1.0531521502386343
2023-08-11,646.3680419921875,591.4197387695312,0.910610020160675,588.5892157497219,591.4197387695312,-0.4785979963567555
2023-08-14,651.0267944335938,590.9314575195312,0.9137099981307983,594.8496911250186,590.9314575195312,0.6630605894521802
2023-08-15,636.5228271484375,586.3423461914062,0.9165999889373779,583.4368163226463,586.3423461914062,-0.49553471408517735
2023-08-16,631.3853149414062,587.8070068359375,0.9170799851417542,579.0308352451866,587.8070068359375,-1.493036232758005
2023-08-17,629.3341674804688,578.7262573242188,0.9195500016212463,578.7042347269708,578.7262573242188,-0.0038053564995976785
2023-08-18,640.0682373046875,584.0966186523438,0.9195700287818909,588.5875674006456,584.0966186523438,0.7688708691147017
2023-08-21,647.0908203125,585.5612182617188,0.9194899797439575,594.9935252616415,585.5612182617188,1.6108148398084277
2023-08-22,651.974365234375,604.6990966796875,0.9175699949264526,598.2321150002826,604.6990966796875,-1.0694544964452657
2023-08-23,661.3507690429688,610.6553344726562,0.92194002866745,609.7257469707147,610.6553344726562,-0.1522278525159071
2023-08-24,632.733154296875,589.3692016601562,0.9203199744224548,582.3169603787392,589.3692016601562,-1.1965744496916453
2023-08-25,635.8486938476562,580.1907958984375,0.9259999990463257,588.7958898965371,580.1907958984375,1.4831490018338611
2023-08-28,643.6430053710938,592.2008666992188,0.9261500239372253,596.1099848314661,592.2008666992188,0.6601000356578179
2023-08-29,651.964599609375,598.5475463867188,0.923740029335022,602.2457983685599,598.5475463867188,0.6178710453608183
2023-08-30,653.9666748046875,596.3018798828125,0.9200299978256226,601.6689583985863,596.3018798828125,0.9000606398940958
2023-08-31,645.1471557617188,593.5679321289062,0.9146999716758728,590.116085102014,593.5679321289062,-0.5815420342052069
2023-09-01,647.0908203125,597.2782592773438,0.9221600294113159,596.7212898911675,597.2782592773438,-0.09325124052733669
2023-09-04,647.0908203125,602.2579956054688,0.9279999732971191,600.5002639708109,602.2579956054688,-0.2918569197061016
2023-09-05,648.1065063476562,604.7967529296875,0.9264000058174133,600.4058712507722,604.7967529296875,-0.7260094664274463
2023-09-06,650.5286865234375,602.2579956054688,0.9322999715805054,606.4878759581043,602.2579956054688,0.7023369359145049
2023-09-07,622.9366455078125,579.5072631835938,0.9324700236320496,580.8697485579396,579.5072631835938,0.23511100911157712
2023-09-08,613.2379150390625,572.86767578125,0.9347699880599976,573.2363985190023,572.86767578125,0.06436438174826087
2023-09-11,613.0914916992188,563.7869262695312,0.9330000281333923,572.0143790037146,563.7869262695312,1.4593195320478314
2023-09-12,604.3889770507812,563.5917358398438,0.9301999807357788,562.2026148095538,563.5917358398438,-0.24647647258700944
2023-09-13,602.6795654296875,561.150634765625,0.9299499988555908,560.4618611816259,561.150634765625,-0.12274308204014428
2023-09-14,607.4168090820312,568.2783813476562,0.9315999746322632,565.8694839320306,568.2783813476562,-0.4238939038844092
2023-09-15,582.7645263671875,548.5546875,0.9401000142097473,547.8569395187296,548.5546875,-0.1271975241794565
2023-09-18,583.8096923828125,544.3560791015625,0.9373599886894226,547.2398466487284,544.3560791015625,0.5297575719050318
2023-09-19,579.94189453125,540.352783203125,0.9352200031280518,542.3732604176039,540.352783203125,0.37391816555507607
2023-09-20,576.1425170898438,543.477294921875,0.9361500144004822,539.3558256703873,543.477294921875,-0.7583516901253806
2023-09-21,568.5631103515625,538.98583984375,0.9387000203132629,533.7102032363837,538.98583984375,-0.978808016347088
2023-09-22,573.4271850585938,542.1104125976562,0.9379500150680542,537.8460368661399,542.1104125976562,-0.7866249443692741
2023-09-25,572.479736328125,541.6222534179688,0.9391000270843506,537.6157358909841,541.6222534179688,-0.7397254270298359
2023-09-26,559.3722534179688,529.8073120117188,0.9441400170326233,528.1257288696179,529.8073120117188,-0.31739523105405176
2023-09-27,561.14990234375,535.4706420898438,0.946120023727417,530.9151589201065,535.4706420898438,-0.8507437778396354
2023-09-28,567.1275634765625,537.8141479492188,0.9519000053405762,539.8487307021278,537.8141479492188,0.37830591862770824
2023-09-29,574.9508056640625,545.9183959960938,0.9467499852180481,544.334666763556,545.9183959960938,-0.2901036572779403
2023-10-02,568.6217041015625,543.2821044921875,0.9465000033378601,538.2004448301086,543.2821044921875,-0.935362976262355
2023-10-03,557.3113403320312,534.2012329101562,0.9541299939155579,531.7474657600724,534.2012329101562,-0.4593338612710718
2023-10-04,577.0996704101562,544.3560791015625,0.9549000263214111,551.0724904647359,544.3560791015625,1.2338268315582157
2023-10-05,568.1431884765625,535.4706420898438,0.951740026473999,540.7246132417058,535.4706420898438,0.9811875271736215
2023-10-06,583.4481811523438,547.9688720703125,0.948170006275177,553.2080655844584,547.9688720703125,0.956111520413816
2023-10-09,577.5977172851562,542.0126342773438,0.9463000297546387,546.5807370531547,542.0126342773438,0.8428037442155922
2023-10-10,588.1266479492188,558.6117553710938,0.9452800154685974,555.9443668709318,558.6117553710938,-0.47750310918357464
2023-10-11,592.0726928710938,553.7296752929688,0.9429699778556824,558.3067740856095,553.7296752929688,0.8265944551768989
2023-10-12,602.3964233398438,574.820556640625,0.9412400126457214,566.9996171221319,574.820556640625,-1.3605880005754023
2023-10-13,585.7825317382812,560.0765991210938,0.9490600228309631,555.9427829455126,560.0765991210938,-0.7380805022149106
2023-10-16,589.7381591796875,556.170654296875,0.9504299759864807,560.5048244674617,556.170654296875,0.7792878205819864
2023-10-17,594.4557495117188,559.3931274414062,0.9474800229072571,563.234947164714,559.3931274414062,0.6867835042735804
2023-10-18,569.666748046875,540.1575317382812,0.9458000063896179,538.7908139426872,540.1575317382812,-0.253022075096454
2023-10-19,574.0424194335938,549.2382202148438,0.9488999843597412,544.7088428223651,549.2382202148438,-0.8246653684637728
2023-10-20,566.5901489257812,534.2012329101562,0.944599986076355,535.2010467862929,534.2012329101562,0.1871605332488535
2023-10-23,574.10107421875,539.5717163085938,0.9442899823188782,542.1178932232724,539.5717163085938,0.4718885067026779
2023-10-24,586.75927734375,549.3358764648438,0.9372199773788452,549.9225166389369,549.3358764648438,0.10679079944102554
2023-10-25,569.7547607421875,547.480712890625,0.943809986114502,537.7402328247554,547.480712890625,-1.7791457920848353
2023-10-26,574.5016479492188,547.3829956054688,0.9463199973106384,543.662397942262,547.3829956054688,-0.6797064748223169
2023-10-27,576.2597045898438,546.9925537109375,0.9465699791908264,545.4701365821202,546.9925537109375,-0.2783250189584585
2023-10-30,575.165771484375,538.98583984375,0.9467499852180481,544.5381856507593,538.98583984375,1.030146878927063
2023-10-31,584.8645629882812,551.9722290039062,0.9420599937438965,550.977506549767,551.9722290039062,-0.18021240958704388
2023-11-01,595.6260375976562,559.2652587890625,0.9452599883079529,563.0214613354728,559.2652587890625,0.6716316608944117
2023-11-02,618.2654418945312,582.1724853515625,0.9445499777793884,583.9826094032433,582.1724853515625,0.31092573029927184
2023-11-03,629.056396484375,585.1092529296875,0.9416999816894531,592.3823970509693,585.1092529296875,1.243040352697311
2023-11-06,624.1896362304688,579.2355346679688,0.9317799806594849,581.6074071746771,579.2355346679688,0.40948325245064865
2023-11-07,623.0831298828125,586.4796142578125,0.932699978351593,581.149621752942,586.4796142578125,-0.9088112144555183
2023-11-08,626.001220703125,587.3607177734375,0.9349200129508972,585.2610693670431,587.3607177734375,-0.3574717108004277
2023-11-09,621.0758056640625,590.786865234375,0.9336699843406677,579.8798377487328,590.786865234375,-1.8461865230052443
2023-11-10,647.5341186523438,595.1921997070312,0.9374200105667114,607.0114403493862,595.1921997070312,1.9857855409013636
2023-11-13,640.9929809570312,599.5973510742188,0.9354400038719177,599.6104765883174,599.5973510742188,0.002189054717316452
2023-11-14,661.370361328125,608.2119750976562,0.9344199895858765,617.9976861446339,608.2119750976562,1.6089310055768635
2023-11-15,663.9066162109375,614.5750732421875,0.9192600250244141,610.3028126319405,614.5750732421875,-0.695156832135857
2023-11-16,666.7168579101562,612.323486328125,0.9212700128555298,614.2262482578881,612.323486328125,0.3107445610445625
2023-11-17,671.8284912109375,615.4561157226562,0.9213399887084961,618.9824545063311,615.4561157226562,0.5729634808379958
2023-11-20,679.87744140625,616.4351196289062,0.9168400168418884,623.3388448293263,616.4351196289062,1.119943523752509
2023-11-21,670.193115234375,612.5194091796875,0.9135800004005432,612.2750264842616,612.5194091796875,-0.03989795127523621
2023-11-22,670.565185546875,619.9591674804688,0.9158999919891357,614.1706480705761,619.9591674804688,-0.9336936549252606
2023-11-23,670.565185546875,616.5330200195312,0.9182000160217285,615.712964112754,616.5330200195312,-0.1330108656226181
2023-11-24,676.8125,618.9802856445312,0.9168999791145325,620.5693671144545,618.9802856445312,0.2567256997964895
2023-11-27,674.07080078125,615.3582153320312,0.9140400290489197,616.1276943271223,615.3582153320312,0.12504570117355396
2023-11-28,661.9384155273438,606.6456909179688,0.9125400185585022,604.0452939899078,606.6456909179688,-0.42865167708123764
2023-11-29,673.3167724609375,615.9456787109375,0.9085999727249146,611.7756010932353,615.9456787109375,-0.6770203545269471
2023-11-30,669.546875,609.8762817382812,0.911270022392273,610.1379957739264,609.8762817382812,0.04291264367572989
2023-12-01,677.811279296875,624.0707397460938,0.9180999994277954,622.2985351346142,624.0707397460938,-0.28397495646095283
2023-12-04,675.9705810546875,617.3161010742188,0.918429970741272,620.8316409800173,617.3161010742188,0.5694878036845319
2023-12-05,680.093017578125,629.7484741210938,0.9226999878883362,627.521819082278,629.7484741210938,-0.3535784730440916
2023-12-06,677.6939697265625,635.3285522460938,0.9264699816703796,627.8631197106952,635.3285522460938,-1.1750506897582058
2023-12-07,685.1066284179688,632.9791259765625,0.9287899732589722,636.3201670878698,632.9791259765625,0.5278280079382913
2023-12-08,681.9534912109375,635.9158935546875,0.9265999794006348,631.8980909082456,635.9158935546875,-0.6318135286700999
2023-12-11,695.4763793945312,645.3135986328125,0.9288700222969055,646.0071600351694,645.3135986328125,0.10747664450683203
2023-12-12,705.5818481445312,649.4251098632812,0.9287999868392944,655.3444112706857,649.4251098632812,0.9114678994550429
2023-12-13,720.0057373046875,655.0050048828125,0.92603999376297,666.7541084829354,655.0050048828125,1.793742568764789
2023-12-14,738.0428466796875,667.8292846679688,0.9186000227928162,677.9661757820359,667.8292846679688,1.5178865837108368
2023-12-15,737.3084106445312,680.0658569335938,0.9096199870109558,670.670466913547,680.0658569335938,-1.381541202849157
2023-12-18,726.6349487304688,662.3471069335938,0.9178299903869629,666.9273480081174,662.3471069335938,0.6915167329300198
2023-12-19,729.2396850585938,662.5429077148438,0.9154300093650818,667.5678917225778,662.5429077148438,0.7584390307739497
2023-12-20,714.4437255859375,665.0880737304688,0.9106600284576416,650.6153434734733,665.0880737304688,-2.176062213207053
2023-12-21,739.5703735351562,668.2207641601562,0.9136000275611877,675.6715136451567,668.2207641601562,1.1150131640049743
2023-12-22,736.8873901367188,669.1996459960938,0.9085800051689148,669.521148739328,669.1996459960938,0.0480428740747163
2023-12-25,736.8873901367188,669.1996459960938,0.9068999886512756,668.2831657522584,669.1996459960938,-0.1369516928645731
2023-12-26,746.8263549804688,669.1996459960938,0.9074199795722961,677.6851557804293,669.1996459960938,1.2680087078804414
2023-12-27,748.1483154296875,670.4723510742188,0.9055500030517578,677.485709320521,670.4723510742188,1.046032432965438
2023-12-28,742.0968017578125,671.4512329101562,0.9002000093460083,668.0355478780257,671.4512329101562,-0.5087018780688735
2023-12-29,741.18603515625,667.3397216796875,0.9034900069236755,669.6541760350519,667.3397216796875,0.3468180119023945
2024-01-01,741.18603515625,667.3397216796875,0.9045000076293945,670.4027744536288,667.3397216796875,0.45899452324396073
2024-01-02,702.0175170898438,650.30615234375,0.9059000015258789,635.9576698028832,650.30615234375,-2.2064196208437914
2024-01-03,688.7491455078125,631.8043823242188,0.9139299988746643,629.4685057788811,631.8043823242188,-0.36971515403939614
2024-01-04,685.7332763671875,632.7833862304688,0.9150999784469604,627.5145064239769,632.7833862304688,-0.8326514129707085
2024-01-05,688.7197875976562,630.629638671875,0.9134600162506104,629.117988371072,630.629638671875,-0.2397049247457761
2024-01-08,705.8560791015625,639.6358642578125,0.91389000415802,645.0748150650907,639.6358642578125,0.850319863409954
2024-01-09,701.0676879882812,640.7127075195312,0.913100004196167,640.1449088438967,640.7127075195312,-0.08861985550946416
2024-01-10,702.8694458007812,637.677978515625,0.9147099852561951,642.9217004054626,637.677978515625,0.8223150346267083
2024-01-11,703.5941162109375,635.2306518554688,0.9111499786376953,641.0797639552038,635.2306518554688,0.9207855576002455
2024-01-12,698.3944702148438,635.6221923828125,0.910610020160675,635.9650026024428,635.6221923828125,0.05393301614362578
2024-01-15,698.3944702148438,634.5453491210938,0.9136000275611877,638.0532072368624,634.5453491210938,0.5528144080840347
2024-01-16,691.814208984375,638.5589599609375,0.9136000275611877,632.0414803953463,638.5589599609375,-1.0206543129533285
2024-01-17,697.4641723632812,635.9158935546875,0.919219970703125,641.1229960862547,635.9158935546875,0.8188350982171855
2024-01-18,729.0537109375,661.7595825195312,0.9186300039291382,669.7306133430684,661.7595825195312,1.2045206498089378
2024-01-19,742.0771484375,671.8427734375,0.919189989566803,682.1098863300285,671.8427734375,1.528201730889589
2024-01-22,750.7432250976562,692.5961303710938,0.9180799722671509,689.2423192774077,692.5961303710938,-0.4842376309392771
2024-01-23,762.2098388671875,692.20458984375,0.9190999865531921,700.5470526535428,692.20458984375,1.2052018914922025
2024-01-24,829.6971435546875,759.4574584960938,0.920989990234375,764.1427641399205,759.4574584960938,0.6169279913459169
2024-01-25,851.0146484375,794.6990356445312,0.918969988822937,782.056921962765,794.6990356445312,-1.59080521237992
2024-01-26,849.7123413085938,780.4066162109375,0.9219099879264832,783.3582943167894,780.4066162109375,0.37822310120627645
2024-01-29,864.273193359375,787.8466186523438,0.9222099781036377,797.0413627235102,787.8466186523438,1.1670728608183412
2024-01-30,849.9865112304688,784.4202270507812,0.922980010509491,784.5205590684236,784.4202270507812,0.012790595420963946
2024-01-31,851.7393188476562,781.3855590820312,0.92221999168396,785.4910275445873,781.3855590820312,0.5254087965714582
2024-02-01,872.0286254882812,795.3843994140625,0.9255899786949158,807.1409568870549,795.3843994140625,1.4780975691317533
2024-02-02,872.14599609375,801.551513671875,0.9195700287818909,801.9993187299406,801.551513671875,0.05586728369013638
2024-02-05,881.4020385742188,811.4073486328125,0.9276400208473206,817.6238054378591,811.4073486328125,0.7661326725129092
2024-02-06,887.6310424804688,817.6836547851562,0.9309399724006653,826.3312181887413,817.6836547851562,1.057568333790071
2024-02-07,904.6403198242188,833.5704956054688,0.929610013961792,840.962700342192,833.5704956054688,0.8868121863351064
2024-02-08,905.336669921875,838.572021484375,0.9280099868774414,840.1614711738657,838.572021484375,0.18954241839326258
2024-02-09,931.4881591796875,859.1660766601562,0.9278799891471863,864.309223030381,859.1660766601562,0.5986207451553094
2024-02-12,911.4872436523438,860.6370239257812,0.9260799884796143,844.1100961008779,860.6370239257812,-1.9203133685227858
2024-02-13,886.0908813476562,834.2569580078125,0.928309977054596,822.5670057321295,834.2569580078125,-1.40124120793651
2024-02-14,906.8080444335938,836.9048461914062,0.9337999820709229,846.7773356338585,836.9048461914062,1.1796430009193948
2024-02-15,912.1051025390625,844.1618041992188,0.9317799806594849,849.8812748032651,844.1618041992188,0.6775325033181234
2024-02-16,911.2222900390625,857.6950073242188,0.9281700253486633,845.7692160438237,857.6950073242188,-1.390446624797359
2024-02-19,911.2222900390625,842.8868408203125,0.9272199869155884,844.903519847212,842.8868408203125,0.23925857294637698
2024-02-20,892.2218017578125,821.50830078125,0.9280400276184082,828.0175455450662,821.50830078125,0.7923528901200294
2024-02-21,890.8878173828125,817.8797607421875,0.9247999787330627,823.8930345691697,817.8797607421875,0.7352271220803175
2024-02-22,933.6952514648438,859.8524780273438,0.9241799712181091,862.9024506252645,859.8524780273438,0.354708822252614
2024-02-23,915.4500732421875,848.2806396484375,0.9237300157546997,845.6287105786469,848.2806396484375,-0.3126240239185174
2024-02-26,929.5166015625,852.98779296875,0.9242100119590759,859.0685494462377,852.98779296875,0.7128773151986456
2024-02-27,923.4151611328125,862.2061157226562,0.9215800166130066,851.0009595374795,862.2061157226562,-1.29959135998301
2024-02-28,921.5807495117188,852.5955200195312,0.9221000075340271,849.7896160679702,852.5955200195312,-0.32910141863010667
2024-02-29,933.5285034179688,853.6741943359375,0.9226099848747253,861.2827184185771,853.6741943359375,0.891267902101478
2024-03-01,972.039794921875,876.7200927734375,0.9254999756813049,899.622806561456,876.7200927734375,2.6123176572316664
2024-03-04,979.0043334960938,895.5490112304688,0.9222800135612488,902.9161299732987,895.5490112304688,0.8226371365993357
2024-03-05,950.3612670898438,882.11376953125,0.9212200045585632,875.4918108007878,882.11376953125,-0.7506921396296828
2024-03-06,984.7819213867188,894.5682373046875,0.9211500287055969,907.1318951541289,894.5682373046875,1.4044381776056936
2024-03-07,1027.4132080078125,930.8530883789062,0.9174699783325195,942.6207736894721,930.8530883789062,1.2641828724078819
2024-03-08,975.3651733398438,905.5518188476562,0.9132300019264221,890.7327391281106,905.5518188476562,-1.636469543885788
2024-03-11,944.3089599609375,867.40380859375,0.9138299822807312,862.9378401486392,867.40380859375,-0.514866132805103
2024-03-12,965.5164794921875,875.0528564453125,0.9147999882698059,883.2544641137574,875.0528564453125,0.9372699726690747
2024-03-13,950.3024291992188,861.911865234375,0.9150999784469604,869.6217324782992,861.911865234375,0.8945076120779216
2024-03-14,941.4739379882812,863.9713134765625,0.9128000140190125,859.377423794238,863.9713134765625,-0.5317178488066898
2024-03-15,922.27734375,841.1216430664062,0.9188299775123596,847.4160710179713,841.1216430664062,0.7483374139105381
2024-03-18,923.3858642578125,853.9684448242188,0.9189000129699707,848.4992826427915,853.9684448242188,-0.6404407814568636
2024-03-19,933.754150390625,852.7916259765625,0.9196299910545349,858.7083209708653,852.7916259765625,0.6938031301054748
2024-03-20,952.401611328125,857.5969848632812,0.9205300211906433,876.7142754578817,857.5969848632812,2.229169520418517
2024-03-21,971.8924560546875,905.4536743164062,0.9143099784851074,888.6109705851995,905.4536743164062,-1.8601397519229845
2024-03-22,961.2692260742188,888.5861206054688,0.9206100106239319,884.9540724286453,888.5861206054688,-0.4087446441711995
2024-03-25,960.2586669921875,895.352783203125,0.925279974937439,888.5081153279898,895.352783203125,-0.7644660298757766
2024-03-26,952.7743530273438,882.9963989257812,0.9226599931716919,879.0867780583721,882.9963989257812,-0.442767475854422
2024-03-27,955.4326782226562,877.89697265625,0.9231600165367126,882.017247027743,877.89697265625,0.46933461440541446
2024-03-28,951.9600830078125,874.9548950195312,0.924780011177063,880.3536562040827,874.9548950195312,0.6170330853947581
2024-03-29,951.9600830078125,874.9548950195312,0.9264000058174133,881.8958264363828,874.9548950195312,0.7932901977417472
2024-04-01,974.0113525390625,874.9548950195312,0.9265499711036682,902.4701905497132,874.9548950195312,3.1447673116415498
2024-04-02,948.27197265625,873.4838256835938,0.9313399791717529,883.1635992628289,873.4838256835938,1.1081800595059477
2024-04-03,961.5733032226562,887.5075073242188,0.928629994392395,892.945811179532,887.5075073242188,0.6127614482619448
2024-04-04,935.2255249023438,883.8790283203125,0.9226499795913696,862.8858114644754,883.8790283203125,-2.3751233124890136
2024-04-05,960.866943359375,888.1939086914062,0.922760009765625,886.6495900377631,888.1939086914062,-0.1738717906676901
2024-04-08,963.9666748046875,896.039306640625,0.9233199954032898,890.0497057495886,896.039306640625,-0.6684529179297072
2024-04-09,970.950927734375,881.9176025390625,0.9204999804496765,893.7603099970875,881.9176025390625,1.3428360454456945
2024-04-10,956.0211791992188,895.64697265625,0.9208700060844421,880.3712291060401,895.64697265625,-1.7055540873326613
2024-04-11,973.256103515625,891.5281372070312,0.9309499859809875,906.0527559237817,891.5281372070312,1.6291823118733006
2024-04-12,943.4947509765625,889.9591674804688,0.9322400093078613,879.5635554323089,889.9591674804688,-1.1680998890758576
2024-04-15,936.6087036132812,893.2933959960938,0.9390000104904175,879.4755825182874,893.2933959960938,-1.5468393183852402
2024-04-16,958.2870483398438,895.7451171875,0.9411100149154663,901.8535383564085,895.7451171875,0.6819374230124797
2024-04-17,890.2991333007812,835.9241943359375,0.9414899945259094,838.2077261377744,835.9241943359375,0.27317450760604434
2024-04-18,872.0734252929688,824.0580444335938,0.9372599720954895,817.3595142553058,824.0580444335938,-0.8128711592023885
2024-04-19,843.1458129882812,805.1310424804688,0.9394800066947937,792.1186340309177,805.1310424804688,-1.6161851627856771
2024-04-22,855.4174194335938,797.4818115234375,0.9382399916648865,802.5868324793737,797.4818115234375,0.6401426192008008
2024-04-23,884.374267578125,818.1740112304688,0.9386100172996521,830.0825465908711,818.1740112304688,1.4555015433077356
2024-04-24,875.30078125,818.6643676757812,0.9341999888420105,817.7059800771531,818.6643676757812,-0.11706721783300011
2024-04-25,885.29638671875,817.5855712890625,0.9345899820327759,827.389134157158,817.5855712890625,1.1990870695820277
2024-04-26,903.3169555664062,843.9719848632812,0.9319999814033508,841.8913857892221,843.9719848632812,-0.24652466093364467
2024-04-29,894.2738037109375,833.0636596679688,0.9339799880981445,835.2338365464238,833.0636596679688,0.26050552719105724
2024-04-30,857.609130859375,818.3226318359375,0.933210015296936,800.3294301280694,818.3226318359375,-2.198790673490203
2024-05-01,838.3134765625,818.3226318359375,0.9375100135803223,785.9272787966765,818.3226318359375,-3.9587507150548595
2024-05-02,855.4564819335938,797.3904418945312,0.932699978351593,797.8842421801928,797.3904418945312,0.06192703846417125
2024-05-03,886.2723999023438,821.4674682617188,0.9316999912261963,825.7399872130336,821.4674682617188,0.5201081133932028
2024-05-06,901.3019409179688,831.982666015625,0.9295300245285034,837.7872152490672,831.982666015625,0.6976767029582831
2024-05-07,892.7501831054688,839.451416015625,0.9287199974060059,829.1149477379222,839.451416015625,-1.2313360940843787
2024-05-08,895.94482421875,830.4102783203125,0.9301900267601013,833.3989400156133,830.4102783203125,0.3599018188149117
2024-05-09,897.9795532226562,833.2601928710938,0.9304999709129333,835.5699481540905,833.2601928710938,0.27719496296088053
2024-05-10,914.4442749023438,849.5735473632812,0.9272000193595886,847.8727493927181,849.5735473632812,-0.20019431817783762
2024-05-13,901.6165161132812,838.2721557617188,0.9284700155258179,837.1239007140321,838.2721557617188,-0.13697878902386718
2024-05-14,899.4442749023438,826.1845703125,0.9264799952507019,833.3171275397945,826.1845703125,0.863312809702621
2024-05-15,921.4528198242188,836.306640625,0.9246799945831299,852.0489884436683,836.306640625,1.88236551689982
2024-05-16,903.8773193359375,844.266845703125,0.9182900190353394,830.0215207786096,844.266845703125,-1.6873012362165651
2024-05-17,909.2147827148438,838.2721557617188,0.9201499819755554,836.613965926972,838.2721557617188,-0.19781043940795273
2024-05-20,923.4384155273438,849.7702026367188,0.9194999933242798,849.1016169127761,849.7702026367188,-0.07867841469001435
2024-05-21,909.5098266601562,838.9601440429688,0.920740008354187,837.4220853972874,838.9601440429688,-0.18332916725570803
2024-05-22,906.619873046875,839.3531494140625,0.9212200045585632,835.1963635811262,839.3531494140625,-0.495236818475997
2024-05-23,918.3368530273438,861.2681884765625,0.923770010471344,848.3320443372904,861.2681884765625,-1.501987918786818
2024-05-24,939.9325561523438,865.29736328125,0.924839973449707,869.2872002764489,865.29736328125,0.461094320231048
2024-05-27,939.9325561523438,867.3610229492188,0.9218599796295166,866.4862070677191,867.3610229492188,-0.10085948738220996
2024-05-28,974.9556884765625,880.5296630859375,0.9206500053405762,897.5929598027724,880.5296630859375,1.93784462150135
2024-05-29,941.5643920898438,873.1592407226562,0.921500027179718,867.6516129022457,873.1592407226562,-0.6307701463311832
2024-05-30,949.6639404296875,865.7887573242188,0.9257699847221375,879.1703716227566,865.7887573242188,1.545598067119136
2024-05-31,943.9921875,855.7647705078125,0.9229000210762024,871.2104097395204,855.7647705078125,1.804893092589266
2024-06-03,949.034912109375,865.29736328125,0.9214000105857849,874.4407780638576,865.29736328125,1.0566789141637223
2024-06-04,934.6148071289062,857.8285522460938,0.9168099761009216,856.86417898742,857.8285522460938,-0.11242027980400415
2024-06-05,1023.6026611328125,927.3078002929688,0.9189599752426147,940.649876132884,927.3078002929688,1.438796895238026
2024-06-06,1034.6807861328125,940.9678344726562,0.9195799827575684,951.471739471599,940.9678344726562,1.1162873601125112
2024-06-07,1010.9029541015625,942.3436889648438,0.917900025844574,927.9078476961804,942.3436889648438,-1.5319083087955931
2024-06-10,1023.9664916992188,946.7660522460938,0.9277399778366089,949.9746503144634,946.7660522460938,0.3389008362475243
2024-06-11,1018.3634643554688,942.6384887695312,0.9290000200271606,946.0596787811592,942.6384887695312,0.3629376534469486
2024-06-12,1050.654052734375,968.5825805664062,0.9310700297355652,978.2325001211866,968.5825805664062,0.9962929076359428
2024-06-13,1034.779052734375,949.8124389648438,0.9247999787330627,956.9636459621688,949.8124389648438,0.7529072797908265
2024-06-14,1010.3917236328125,936.5454711914062,0.9312000274658203,940.8768007981125,936.5454711914062,0.46247937125747374
2024-06-17,1034.543212890625,952.6624145507812,0.9343900084495544,966.6668414343003,952.6624145507812,1.4700303769329182
2024-06-18,1043.301513671875,966.8136596679688,0.9310399889945984,971.3554298071103,966.8136596679688,0.46976685669721796
2024-06-19,1043.301513671875,949.8124389648438,0.930899977684021,971.2093557948538,949.8124389648438,2.2527518015377446
2024-06-20,1032.8427734375,971.82568359375,0.9301000237464905,960.6470881006098,971.82568359375,-1.1502675512549132
2024-06-21,1018.943359375,946.7660522460938,0.9340199828147888,951.7134590126807,946.7660522460938,0.5225585301511071
2024-06-24,984.942626953125,932.123291015625,0.9356499910354614,921.5615600791352,932.123291015625,-1.1330830415128723
2024-06-25,1005.9093627929688,933.7938232421875,0.9317299723625183,937.2359027942912,933.7938232421875,0.36861237099989896
2024-06-26,999.2841796875,930.256103515625,0.9337400197982788,933.071629725513,930.256103515625,0.3026614068155631
2024-06-27,1010.4998779296875,943.4246826171875,0.9363200068473816,946.1512526224033,943.4246826171875,0.2890077030475613
2024-06-28,1005.3096923828125,947.5521240234375,0.9338399767875671,938.7983797990819,947.5521240234375,-0.9238271966703016
2024-07-01,1015.886474609375,937.8231201171875,0.9315099716186523,946.3083811311517,937.8231201171875,0.9047826644435819
2024-07-02,1030.041015625,949.2227783203125,0.9313499927520752,959.3286924366839,949.2227783203125,1.0646514545567642
2024-07-03,1053.1607666015625,968.7792358398438,0.9303699731826782,979.8291541801445,968.7792358398438,1.1406023097430884
2024-07-04,1053.1607666015625,967.2068481445312,0.9265000224113464,975.7534738590984,967.2068481445312,0.8836399091841418
2024-07-05,1056.17822265625,975.8547973632812,0.9250100255012512,976.975444673124,975.8547973632812,0.11483750583289876
2024-07-08,1059.0386962890625,980.6703491210938,0.9236999750137329,978.2340173007833,980.6703491210938,-0.24843535062459843
2024-07-09,1041.9154052734375,965.7328491210938,0.9232800006866455,961.9796560962859,965.7328491210938,-0.38863677757503545
2024-07-10,1080.2314453125,984.6995239257812,0.9246600270271301,998.8468374182121,984.6995239257812,1.4367137536564156
2024-07-11,1044.4024658203125,972.022216796875,0.9230800271034241,964.067056456297,972.022216796875,-0.8184134275030064
2024-07-12,1066.774658203125,984.89599609375,0.919730007648468,981.144664548352,984.89599609375,-0.3808860590637342
2024-07-15,1045.512939453125,972.12060546875,0.9186499714851379,960.460432015956,972.12060546875,-1.1994574939774627
2024-07-16,1049.9952392578125,960.917236328125,0.9172999858856201,963.1606181511597,960.917236328125,0.2334625437261595
2024-07-17,916.18408203125,855.8630981445312,0.9172199964523315,840.3423604703858,855.8630981445312,-1.8134603195059662
2024-07-18,908.4088745117188,824.0225830078125,0.9140599966049194,830.3402127520603,824.0225830078125,0.7666816267568155
2024-07-19,880.1190795898438,815.1779174804688,0.9172999858856201,807.3332192854286,815.1779174804688,-0.9623295757674954
2024-07-22,925.2274169921875,835.8153076171875,0.9175000190734863,848.8961727376445,835.8153076171875,1.565042540049788
2024-07-23,916.9212036132812,846.0357055664062,0.9182900190353394,841.9995895199463,846.0357055664062,-0.47706214051070894
2024-07-24,857.8843383789062,817.2416381835938,0.9215999841690063,790.6261926688385,817.2416381835938,-3.2567412465560275
2024-07-25,847.936767578125,785.7941284179688,0.9225500226020813,782.264084094335,785.7941284179688,-0.44923271833816614
2024-07-26,873.2579345703125,806.3333129882812,0.9215499758720398,804.7508285333388,806.3333129882812,-0.19625686170372525
2024-07-29,857.307373046875,793.8490600585938,0.9213399887084961,789.8715654027183,793.8490600585938,-0.5010391592051411
2024-07-30,847.1541748046875,793.2583618164062,0.9242600202560425,782.9907347649714,793.2583618164062,-1.294361023554036
2024-07-31,922.4510498046875,837.3665771484375,0.9245499968528748,852.8521151938548,837.3665771484375,1.8493140839406008
2024-08-01,870.2671508789062,817.084716796875,0.9238799810409546,804.0223988545695,817.084716796875,-1.598649157643317
2024-08-02,797.038330078125,725.7175903320312,0.9269899725914001,738.8465397534164,725.7175903320312,1.8090989658082313
2024-08-05,807.870849609375,734.480224609375,0.9165199995040894,740.4297906833526,734.480224609375,0.8100376122640807
2024-08-06,830.186279296875,768.0536499023438,0.9131600260734558,758.0929244485596,768.0536499023438,-1.2968788645234097
2024-08-07,823.6275024414062,783.7081298828125,0.9152299761772156,753.8085794383478,783.7081298828125,-3.8151384813292166
2024-08-08,863.3145751953125,782.0343017578125,0.9150699973106384,789.9932660022096,782.0343017578125,1.0177257220696623
2024-08-09,847.45947265625,771.8934936523438,0.9161099791526794,776.3660798278579,771.8934936523438,0.57943048002016
2024-08-12,839.8863525390625,772.484130859375,0.9162700176239014,769.562683043041,772.484130859375,-0.3781887160690167
2024-08-13,856.2634887695312,777.3085327148438,0.9143900275230408,782.9587950629466,777.3085327148438,0.7269008521453735
2024-08-14,866.2000122070312,786.9570922851562,0.9093400239944458,787.670339884331,786.9570922851562,0.09063360711365487
2024-08-15,914.129638671875,819.1522216796875,0.9079999923706055,830.0297049398068,819.1522216796875,1.3278952278020784
2024-08-16,904.685546875,819.64453125,0.9113500118255615,824.4851838429458,819.64453125,0.5905795022585814
2024-08-19,918.9551391601562,816.5924682617188,0.9070299863815308,833.5198673576742,816.5924682617188,2.0729310829903813
2024-08-20,912.091064453125,819.7429809570312,0.9020000100135803,822.7061492700159,819.7429809570312,0.3614752894285589
2024-08-21,929.2559204101562,830.2777099609375,0.898639976978302,835.0665189243336,830.2777099609375,0.5767719530398452
2024-08-22,893.902099609375,820.1367797851562,0.8964300155639648,801.3206730654929,820.1367797851562,-2.2942644670310264
2024-08-23,893.458984375,806.1560668945312,0.8995100259780884,803.6753142455127,806.1560668945312,-0.3077261030329903
2024-08-26,869.873291015625,784.692626953125,0.8938199877738953,777.510134340424,784.692626953125,-0.9153256148958455
2024-08-27,876.3433227539062,781.9359741210938,0.8956800103187561,784.9231963669918,781.9359741210938,0.38202900809822804
2024-08-28,874.619873046875,787.0556030273438,0.8946200013160706,782.4524319762568,787.0556030273438,-0.5848597015739698
2024-08-29,874.2063598632812,810.2911376953125,0.8988800048828125,785.806617022492,810.2911376953125,-3.021694244671258
2024-08-30,890.1204833984375,799.4610595703125,0.9024900197982788,803.3248526851094,799.4610595703125,0.48329972655247744
2024-09-02,890.1204833984375,806.0576171875,0.9053999781608582,805.9150662294778,806.0576171875,-0.017684958864305766
2024-09-03,832.5300903320312,770.7118530273438,0.9035500288009644,752.2325870971763,770.7118530273438,-2.39768804094308
2024-09-04,799.1359252929688,725.0285034179688,0.9050700068473816,723.2739573768959,725.0285034179688,-0.24199683637284863
2024-09-05,783.4973754882812,708.8817138671875,0.9024900197982788,707.0985619163184,708.8817138671875,-0.25154435725833757
2024-09-06,741.338623046875,670.4839477539062,0.8999999761581421,667.2047430672974,670.4839477539062,-0.48908026770724256
2024-09-09,738.4139404296875,666.053466796875,0.9019399881362915,666.0050606708246,666.053466796875,-0.00726760364797574
2024-09-10,739.9501342773438,662.115234375,0.906000018119812,670.3948350630308,662.115234375,1.2504772973312095
2024-09-11,787.9684448242188,687.3198852539062,0.9073600172996521,714.9710617272831,687.3198852539062,4.023043282555694
2024-09-12,787.9979248046875,711.2447509765625,0.9081900119781494,715.651844767126,711.2447509765625,0.6196311163650048
2024-09-13,803.941650390625,722.66552734375,0.9027000069618225,725.7181334045163,722.66552734375,0.4224092536953439
2024-09-16,790.8243408203125,708.7833251953125,0.9018399715423584,713.197001020395,708.7833251953125,0.6227115774579239
2024-09-17,793.4339599609375,714.7891235351562,0.8985099792480469,712.9083308991976,714.7891235351562,-0.2631255252817377
2024-09-18,775.8555297851562,703.9589233398438,0.8990300297737122,697.5174200428482,703.9589233398438,-0.9150396540801853
2024-09-19,815.5621337890625,736.3509521484375,0.8996999859809875,733.7612403366438,736.3509521484375,-0.3516953165114689
2024-09-20,783.182373046875,705.6326904296875,0.8959000110626221,701.6530966767459,705.6326904296875,-0.5639752532607623
2024-09-23,791.2772827148438,707.2079467773438,0.8959900140762329,708.9765436778762,707.2079467773438,0.2500815931992362
2024-09-24,801.6176147460938,716.3643798828125,0.8999500274658203,721.4157944078324,716.3643798828125,0.7051459657787973
2024-09-25,805.7340087890625,723.650146484375,0.893559992313385,719.9716747001876,723.650146484375,-0.5083218461376826
2024-09-26,839.4728393554688,748.067138671875,0.898389995098114,754.1740000335594,748.067138671875,0.816352041947277
2024-09-27,828.7386474609375,745.605712890625,0.8946800231933594,741.4559123315848,745.605712890625,-0.5565676988916635
2024-09-30,820.57470703125,734.08642578125,0.8952699899673462,734.6359097313252,734.08642578125,0.07485275994449925
2024-10-01,809.8405151367188,730.3450927734375,0.8979399800300598,727.1881759893986,730.3450927734375,-0.43225001650257777
2024-10-02,819.5309448242188,745.7041625976562,0.9038400053977966,740.7248535935832,745.7041625976562,-0.6677324941740448
2024-10-03,819.74755859375,743.4396362304688,0.9050999879837036,741.9535054328735,743.4396362304688,-0.1998993227117274
2024-10-04,820.3285522460938,745.8026733398438,0.9061599969863892,743.3489184311693,745.8026733398438,-0.3290085965616196
2024-10-07,804.8181762695312,736.0554809570312,0.9111999869346619,733.3503117015753,736.0554809570312,-0.36752246609708106
2024-10-08,811.7214965820312,740.486083984375,0.9110999703407288,739.5594314608206,740.486083984375,-0.12514111252007742
2024-10-09,833.0322875976562,755.648193359375,0.9110999703407288,758.975692523094,755.648193359375,0.44035031023179627
2024-10-10,821.2837524414062,750.8239135742188,0.9138000011444092,750.4890939208417,750.8239135742188,-0.04459363205191469
2024-10-11,827.9014892578125,758.798828125,0.9145900011062622,757.1904239761789,758.798828125,-0.21196713663824696
2024-10-14,859.0011596679688,779.7699584960938,0.9153000116348267,786.2437714384214,779.7699584960938,0.830220871141707
2024-10-15,719.31884765625,657.7831420898438,0.9166600108146667,659.3708226717717,657.7831420898438,0.24136839033055413
2024-10-16,673.1224975585938,624.111328125,0.9187700152397156,618.4447673401046,624.111328125,-0.9079407037714371
2024-10-17,689.942626953125,624.4066772460938,0.9205999970436096,635.1611803333071,624.4066772460938,1.722355554339261
2024-10-18,712.2579345703125,654.2387084960938,0.9233999848365784,657.6989659819592,654.2387084960938,0.5288983120273594
2024-10-21,703.2372436523438,647.4452514648438,0.9200800061225891,647.0345274452811,647.4452514648438,-0.063437644902542
2024-10-22,709.943603515625,656.5032348632812,0.9243999719619751,656.2718471844273,656.5032348632812,-0.035245474289569145
2024-10-23,697.8405151367188,648.6267700195312,0.9261599779129028,646.3119560857522,648.6267700195312,-0.35687918549975883
2024-10-24,699.9972534179688,651.088134765625,0.9276000261306763,649.3174705619094,651.088134765625,-0.27195461093035833
2024-10-25,700.873779296875,653.8447875976562,0.9238600134849548,647.5092591924622,653.8447875976562,-0.9689651925607445
2024-10-28,697.8701171875,645.3777465820312,0.9262199997901917,646.3812597949873,645.3777465820312,0.15549237919507686
2024-10-29,705.8961181640625,646.5816650390625,0.9244899749755859,652.5938846168574,646.5816650390625,0.9298469014632049
2024-10-30,674.9907836914062,625.6605834960938,0.9241600036621094,623.7994851281401,625.6605834960938,-0.2974613419874039
2024-10-31,663.8566284179688,613.0289916992188,0.9208800196647644,611.3323050321233,613.0289916992188,-0.2767710320506267
2024-11-01,666.0083618164062,618.8513793945312,0.9186000227928162,611.7952963447569,618.8513793945312,-1.1401902435246747
2024-11-04,662.4845581054688,610.068359375,0.9195799827575684,609.2075385197822,610.068359375,-0.14110236041411373
2024-11-05,667.7161254882812,615.7921142578125,0.9196199774742126,614.0450882807017,615.7921142578125,-0.2837038566523953
2024-11-06,652.8803100585938,602.7658081054688,0.9145399928092957,597.085154066317,602.7658081054688,-0.9424313660070349
2024-11-07,668.4563598632812,616.48291015625,0.9316999912261963,622.8007846197142,616.48291015625,1.024825564404197
2024-11-08,660.8163452148438,613.324951171875,0.9263399839401245,612.1406026136901,613.324951171875,-0.19310294745419343
2024-11-11,662.6326293945312,619.0487060546875,0.9332799911499023,618.4217744969646,619.0487060546875,-0.10127338149503728
2024-11-12,660.5301513671875,622.0093383789062,0.9376999735832214,619.379105487933,622.0093383789062,-0.42286067566578156
2024-11-13,664.7054443359375,619.443359375,0.9419100284576416,626.0927239904122,619.443359375,1.0734419079286184
2024-11-14,684.0027465820312,662.7659912109375,0.9466000199317932,647.4770135479521,662.7659912109375,-2.3068440242461685
2024-11-15,650.116455078125,626.6473999023438,0.9496600031852722,617.3895948002901,626.6473999023438,-1.477354745826187
2024-11-18,656.6312255859375,621.3184814453125,0.9493299722671509,623.3597031752433,621.3184814453125,0.32853066356284266
2024-11-19,653.6007690429688,616.48291015625,0.9438499808311462,616.9010733324285,616.48291015625,0.06783045714480185
2024-11-20,649.9190063476562,608.3907470703125,0.9427199959754944,612.6916430484598,608.3907470703125,0.7069298799921242
2024-11-21,663.4715576171875,623.1934204101562,0.9482100009918213,629.1103663062386,623.1934204101562,0.9494557712416363
2024-11-22,664.1822509765625,633.654052734375,0.9551699757575989,634.4069445639107,633.654052734375,0.11881748823143745
2024-11-25,675.6224975585938,643.4237670898438,0.9542099833488464,644.6857321454918,643.4237670898438,0.19613280083758955
2024-11-26,663.2840576171875,631.5816650390625,0.9574599862098694,635.0679446593786,631.5816650390625,0.5519918980074312
2024-11-27,661.8132934570312,619.443359375,0.9531800150871277,630.8272050422347,619.443359375,1.8377540892069
2024-11-28,661.8132934570312,634.4434204101562,0.9467499852180481,626.5717257975521,634.4434204101562,-1.2407244459269995
2024-11-29,677.7348022460938,649.7396240234375,0.9466999769210815,641.6115216449907,649.7396240234375,-1.250978403951175
2024-12-02,702.2734375,655.3645629882812,0.9483100175857544,665.9729358656332,655.3645629882812,1.6186979700246074
2024-12-03,708.7782592773438,668.983154296875,0.952269971370697,674.9482526702086,668.983154296875,0.8916664545317587
2024-12-04,710.6141967773438,674.509521484375,0.9513999819755554,676.0783340055386,674.509521484375,0.2325856746560273
2024-12-05,702.3030395507812,670.2660522460938,0.9510999917984009,667.96041515674,670.2660522460938,-0.3439883433790758
2024-12-06,699.815673828125,668.6870727539062,0.9446799755096436,661.1018536132178,668.6870727539062,-1.1343451144418926
2024-12-09,697.387451171875,666.1212158203125,0.9464799761772156,660.0632581714453,666.1212158203125,-0.909437727697493
2024-12-10,696.1536254882812,661.4830322265625,0.9473999738693237,659.5359265966326,661.4830322265625,-0.29435458433089146
2024-12-11,705.1951904296875,669.3778076171875,0.949400007724762,669.5123192414103,669.3778076171875,0.02009502297388721
2024-12-12,703.8823852539062,674.3120727539062,0.9517599940299988,669.9270947870791,674.3120727539062,-0.6502891085604867
2024-12-13,709.2915649414062,678.6542358398438,0.9547399878501892,677.1890200943999,678.6542358398438,-0.21590018422719126
2024-12-16,713.0425415039062,678.9502563476562,0.9514700174331665,678.438599395311,678.9502563476562,-0.07536000576796598
2024-12-17,725.6868896484375,694.147705078125,0.9508100152015686,689.9903625782099,694.147705078125,-0.5989132384219609
2024-12-18,710.1898803710938,707.8648681640625,0.9528300166130066,676.6902355123784,707.8648681640625,-4.404037275156691
2024-12-19,701.0791625976562,681.7134399414062,0.966159999370575,677.3546432940748,681.7134399414062,-0.6393883986952176
2024-12-20,696.5582885742188,677.0752563476562,0.9647899866104126,672.0324619068924,677.0752563476562,-0.7447908328486519
2024-12-23,711.7197265625,674.8054809570312,0.9584900140762329,682.1762507312233,674.8054809570312,1.0922806619380943
2024-12-24,710.4070434570312,679.4436645507812,0.9610000252723694,682.7011867158762,679.4436645507812,0.4794396261312839
2024-12-25,710.4070434570312,679.4436645507812,0.9613000154495239,682.9143018506948,679.4436645507812,0.5108057490252893
2024-12-26,706.606689453125,679.4436645507812,0.9615799784660339,679.4588452282915,679.4436645507812,0.0022342805301223123
2024-12-27,704.3661499023438,675.89111328125,0.9593999981880188,675.7688829400104,675.89111328125,-0.018084324359024517
2024-12-30,687.1515502929688,663.0620727539062,0.9588299989700317,658.8615202596629,663.0620727539062,-0.6335081837507417
2024-12-31,684.1212768554688,669.7725830078125,0.9609699845314026,657.4200128374032,669.7725830078125,-1.844293195003055
2025-01-02,691.3662109375,680.9239501953125,0.9660099744796753,667.8666557838442,680.9239501953125,-1.9175848356814296
2025-01-03,705.1260986328125,678.9502563476562,0.9738799929618835,686.7081999737638,678.9502563476562,1.1426379994081914
2025-01-06,758.5762329101562,737.963623046875,0.9703699946403503,736.0996150633255,737.963623046875,-0.2525880579117845
2025-01-07,747.7874145507812,728.687255859375,0.9628000259399414,719.9697421270539,728.687255859375,-1.1963313015595611
2025-01-08,734.3632202148438,714.7728271484375,0.9666000008583069,709.835489289977,714.7728271484375,-0.6907562334396378
2025-01-09,734.3632202148438,724.24658203125,0.9694899916648865,711.9577922450881,724.24658203125,-1.6967687650932817
2025-01-10,729.4574584960938,715.7596435546875,0.9710999727249146,708.3761180495421,715.7596435546875,-1.0315649354686207
2025-01-13,718.0073852539062,702.1411743164062,0.976140022277832,700.875745037396,702.1411743164062,-0.18022433739800503
2025-01-14,726.7726440429688,703.3253173828125,0.9741600155830383,707.9928502462244,703.3253173828125,0.6636378284775146
2025-01-15,716.911865234375,703.3253173828125,0.970229983329773,695.5693870552641,703.3253173828125,-1.1027514772835811
2025-01-16,740.5819702148438,735.5952758789062,0.9713199734687805,719.3420596605392,735.5952758789062,-2.2095324360188795
2025-01-17,746.5535888671875,729.3781127929688,0.9706900119781494,724.6721121198207,729.3781127929688,-0.6452072787223706
2025-01-20,746.5535888671875,738.1610107421875,0.9730100035667419,726.4041101664261,738.1610107421875,-1.5927284704376876
2025-01-21,753.137451171875,722.7662353515625,0.959630012512207,722.7333016914781,722.7662353515625,-0.0045566129785235
2025-01-22,756.7994384765625,738.2597045898438,0.9609900116920471,727.2767012301265,738.2597045898438,-1.4876883150244713
2025-01-23,736.593994140625,705.8912353515625,0.9606000185012817,707.5722043994174,705.8912353515625,0.23813428523697944
2025-01-24,722.7848510742188,691.4832153320312,0.9600600004196167,693.916824425607,691.4832153320312,0.3519404433276474
2025-01-27,681.2291259765625,643.0289916992188,0.9553300142288208,650.7986306122766,643.0289916992188,1.2082874976641955
2025-01-28,674.5169067382812,638.0948486328125,0.9573900103569031,645.7757483280693,638.0948486328125,1.2037238212648127
2025-01-29,703.4381713867188,673.5225830078125,0.9588599801063538,674.498711021919,673.5225830078125,0.14492877280332106
2025-01-30,727.463623046875,697.4042358398438,0.9592099785804749,697.7903662808676,697.4042358398438,0.05536680467086441
2025-01-31,729.7536010742188,713.1937866210938,0.9617900252342224,701.8697343919375,713.1937866210938,-1.5877945716277653
2025-02-03,721.6102294921875,700.5621337890625,0.975820004940033,704.1616977078447,700.5621337890625,0.5138108020931176
2025-02-04,721.9557495117188,703.0293579101562,0.9682999849319458,699.0697413737289,703.0293579101562,-0.563222074850156
2025-02-05,732.9912109375,696.8121337890625,0.9640600085258484,706.6475130657782,696.8121337890625,1.4114822058613807
2025-02-06,729.5759887695312,705.8912353515625,0.9614599943161011,701.4581260155173,705.8912353515625,-0.6280159200216295
2025-02-07,718.2937622070312,693.7529296875,0.9628599882125854,691.6163234118358,693.7529296875,-0.307977982395935
2025-02-10,734.4620361328125,709.1019897460938,0.9697800278663635,712.266613867665,709.1019897460938,0.44628617142992155
2025-02-11,744.8185424804688,715.6293334960938,0.9707300066947937,723.0177087284719,715.6293334960938,1.032430461770395
2025-02-12,747.9739379882812,710.4866333007812,0.9647899866104126,721.6377656166514,710.4866333007812,1.5695062782622893
2025-02-13,768.5682373046875,729.7717895507812,0.9622799754142761,739.5778244977482,729.7717895507812,1.3437125259395444
2025-02-14,743.4039916992188,724.1345825195312,0.9558699727058411,710.5975532549455,724.1345825195312,-1.8694079237985606
2025-02-17,743.4039916992188,719.7830810546875,0.9533600211143494,708.7316452228588,719.7830810546875,-1.5353842182057376
2025-02-18,736.1533813476562,708.3108520507812,0.9537100195884705,702.076855745192,708.3108520507812,-0.8801215296278309
2025-02-19,736.7271728515625,709.596435546875,0.9570900201797485,705.114224731471,709.596435546875,-0.6316563318063406
2025-02-20,735.0357666015625,702.0802001953125,0.9595999717712402,705.3403008817113,702.0802001953125,0.46434875751970583
2025-02-21,729.2194213867188,702.2780151367188,0.9523299932479858,694.457526645514,702.2780151367188,-1.1135886817818519
2025-02-24,727.9829711914062,705.640625,0.9546700119972229,694.9835118410738,705.640625,-1.5102748880035377
2025-02-25,722.2755126953125,690.1134643554688,0.9559000134468079,690.4231722977493,690.1134643554688,0.044877829266787295
2025-02-26,738.8341674804688,706.6295776367188,0.9502000212669373,702.0402416526813,706.6295776367188,-0.6494684243739446
2025-02-27,690.1377563476562,691.3991088867188,0.9534000158309937,657.9773478274219,691.3991088867188,-4.83393175225697
2025-02-28,701.3944091796875,671.1249389648438,0.9619899988174438,674.7344068573293,671.1249389648438,0.5378235382003327
2025-03-03,692.2742309570312,682.696044921875,0.9602599740028381,664.7632350216336,682.696044921875,-2.6267634086401648
2025-03-04,700.5436401367188,653.224365234375,0.9537400007247925,668.1364918517429,653.224365234375,2.282849111425511
2025-03-05,731.73193359375,665.2900390625,0.9409999847412109,688.5597383463755,665.2900390625,3.497677391452636
2025-03-06,707.0919189453125,662.6196899414062,0.926360011100769,655.0216778834438,662.6196899414062,-1.1466625838773892
2025-03-07,724.2835083007812,658.663818359375,0.9269599914550781,671.3818346655462,658.663818359375,1.9308812707899525
2025-03-10,675.705810546875,631.961181640625,0.9207599759101868,622.1628658415138,631.961181640625,-1.550461655520341
2025-03-11,682.7288208007812,625.038330078125,0.9225599765777588,629.8582849269296,625.038330078125,0.7711454829021802
2025-03-12,695.7462158203125,638.3896484375,0.9162399768829346,637.4704966995923,638.3896484375,-0.14397973716481216
2025-03-13,687.0614013671875,635.3237915039062,0.9185900092124939,631.1277390114337,635.3237915039062,-0.6604588949108647
2025-03-14,706.2609252929688,648.4772338867188,0.921180009841919,650.5934461123397,648.4772338867188,0.32633562367907487
2025-03-17,722.4140014648438,654.015625,0.9190099835395813,663.9056795949691,654.015625,1.5122046350145135
2025-03-18,723.185546875,658.5648803710938,0.9158200025558472,662.3077893874142,658.5648803710938,0.5683432457271875
2025-03-19,726.9443359375,665.6856079101562,0.9141200184822083,664.5143698027241,665.6856079101562,-0.1759446341508153
2025-03-20,726.1036376953125,665.0922241210938,0.9164299964904785,665.4231541448389,665.0922241210938,0.04975701289884338
2025-03-21,708.4569091796875,653.4221801757812,0.9210900068283081,652.5525793138804,653.4221801757812,-0.1330840746279649
2025-03-24,719.9509887695312,667.1690063476562,0.9228699803352356,664.4211548480707,667.1690063476562,-0.41186737894620684
2025-03-25,718.8629150390625,667.2679443359375,0.9256200194358826,665.3939053901922,667.2679443359375,-0.28085253632411655
2025-03-26,698.1103515625,649.960693359375,0.9269999861717224,647.1482862447738,649.960693359375,-0.43270418401227806
2025-03-27,683.144287109375,635.422607421875,0.9309200048446655,635.952683065465,635.422607421875,0.08342096069584581
2025-03-28,667.268310546875,618.7088012695312,0.9258400201797485,617.7837061020255,618.7088012695312,-0.14952028573176346
2025-03-31,655.44775390625,599.32470703125,0.9238799810409546,605.5550584522425,599.32470703125,1.0395619182553828
2025-04-01,660.1067504882812,612.8738403320312,0.924310028553009,610.1432893918573,612.8738403320312,-0.44553230379268394
2025-04-02,661.7586059570312,609.51123046875,0.9262700080871582,612.9671492915659,609.51123046875,0.5669983833042957
2025-04-03,616.4649658203125,572.3253784179688,0.916700005531311,565.1134375773399,572.3253784179688,-1.2601120119055675
2025-04-04,598.9864501953125,557.8861694335938,0.905489981174469,542.3762295111155,557.8861694335938,-2.7801262645075098
2025-04-07,609.1650390625,543.9415893554688,0.9103699922561646,554.5655718940543,543.9415893554688,1.9531476810173976
2025-04-08,588.9168090820312,567.4794311523438,0.9161400198936462,539.5302571881148,567.4794311523438,-4.925143085358075
2025-04-09,679.810791015625,548.1941528320312,0.9107099771499634,619.1104699521384,548.1941528320312,12.936350516280704
2025-04-10,642.509521484375,571.2374877929688,0.913070023059845,586.6561835979082,571.2374877929688,2.699174359951595
2025-04-11,661.5608520507812,570.9408569335938,0.8882700204849243,587.6446716031714,570.9408569335938,2.9256646230032324
2025-04-14,665.5767822265625,583.5009155273438,0.8815900087356567,586.7658412573655,583.5009155273438,0.5595408067305296
2025-04-15,675.7552490234375,598.7313232421875,0.8818600177764893,595.9215359163645,598.7313232421875,-0.4692901835513963
2025-04-16,628.0480346679688,567.6771240234375,0.8855299949645996,556.155372977053,567.6771240234375,-2.029631027708767
2025-04-17,633.2213134765625,557.9851684570312,0.8774399757385254,555.6136939339922,557.9851684570312,-0.42500673084139295
2025-04-21,617.9190063476562,557.9851684570312,0.8774399757385254,542.1868379380612,557.9851684570312,-2.8313172844103285
2025-04-22,631.767333984375,554.9193115234375,0.8686000108718872,548.7531131673313,554.9193115234375,-1.111188280540809
2025-04-23,650.84814453125,574.5011596679688,0.8809599876403809,573.3711733620148,574.5011596679688,-0.1966899956489243
2025-04-24,667.6837158203125,585.1823120117188,0.8828200101852417,589.4445448010083,585.1823120117188,0.7283598122843182
2025-04-25,669.9291381835938,584.2298583984375,0.879360020160675,589.1089004593487,584.2298583984375,0.8351237087207641
2025-04-28,667.5289306640625,579.86474609375,0.8815900087356567,588.4868358154345,579.86474609375,1.4869139363562045
2025-04-29,660.9306640625,580.3607788085938,0.8764899969100952,579.2991157019278,580.3607788085938,-0.18293157384711156
2025-04-30,662.8853149414062,577.8805541992188,0.8780199885368347,582.0265566260896,577.8805541992188,0.7174497215286957
2025-05-01,661.535888671875,577.8805541992188,0.8830100297927856,584.1428247651493,577.8805541992188,1.0836617568155127
2025-05-02,684.9622802734375,604.0712890625,0.8852300047874451,606.3491626456744,604.0712890625,0.37708688103841315
2025-05-05,678.0465087890625,601.9879150390625,0.8831400275230408,598.8100124338744,601.9879150390625,-0.5279013956587364
2025-05-06,674.7026977539062,596.7299194335938,0.8839100003242493,596.3764617904271,596.7299194335938,-0.05923243190187888
2025-05-07,694.9440307617188,599.9046020507812,0.8816199898719788,612.6765493617386,599.9046020507812,2.1289963883084573
2025-05-08,702.5247192382812,625.4999389648438,0.8844699859619141,621.3620285625802,625.4999389648438,-0.6615364997655249
2025-05-09,700.7188720703125,621.8292236328125,0.8909299969673157,624.2914625685444,621.8292236328125,0.3959670665439452
2025-05-12,744.3668212890625,661.611328125,0.890500009059906,662.8586611018036,661.611328125,0.18852956770534224
2025-05-13,757.9603271484375,678.278076171875,0.9012600183486938,683.1193383533828,678.278076171875,0.7137577273367501
2025-05-14,762.9312744140625,681.155029296875,0.8940100073814392,682.0681942704468,681.155029296875,0.1340612539430852
2025-05-15,752.4632568359375,676.7899780273438,0.8942999839782715,672.9278785326169,676.7899780273438,-0.5706496284096585
2025-05-16,742.2830810546875,663.0994262695312,0.8934400081634521,663.1854019970924,663.0994262695312,0.012965736985304233
2025-05-19,743.3051147460938,657.14697265625,0.8938500285148621,664.4032980110387,657.14697265625,1.1042165081363686
2025-05-20,742.9379272460938,654.7659912109375,0.8902000188827515,661.3633568631849,654.7659912109375,1.007591374751482
2025-05-21,731.4380493164062,659.4287719726562,0.8859000205993652,647.9809829565638,659.4287719726562,-1.7360160039494144
2025-05-22,734.940673828125,651.59130859375,0.8825200200080872,648.5998581715539,651.59130859375,-0.45909919035785896
2025-05-23,726.79443359375,637.5039672851562,0.8863800168037415,644.2160622616939,637.5039672851562,1.05287109115908
2025-05-26,726.79443359375,648.8136596679688,0.879289984703064,639.0630663969205,648.8136596679688,-1.5028341536517775
2025-05-27,750.9055786132812,660.8175659179688,0.8780800104141235,659.3551782887735,660.8175659179688,-0.2212997511898518
2025-05-28,740.70556640625,655.5596923828125,0.8820599913597107,653.3467455043865,655.5596923828125,-0.3375660377138878
2025-05-29,741.2611694335938,660.222412109375,0.8901799917221069,659.8558616703158,660.222412109375,-0.05551923599322883
2025-05-30,731.0411987304688,648.7144165039062,0.8788599967956543,642.482865573751,648.7144165039062,-0.9606000378007185
2025-06-02,740.7254028320312,641.075439453125,0.8808000087738037,652.4309413134324,641.075439453125,1.7713206841919238
2025-06-03,741.4397583007812,647.9207153320312,0.8730999827384949,647.3510401740459,647.9207153320312,-0.08792359072721245
2025-06-04,737.0045776367188,647.226318359375,0.8783900141716003,647.3774613948517,647.226318359375,0.023352424212275125
2025-06-05,741.94580078125,653.77392578125,0.8755000233650208,649.5735659195634,653.77392578125,-0.6424789512165408
2025-06-06,747.1648559570312,662.3057861328125,0.8730700016021729,652.3272219874925,662.3057861328125,-1.5066400376153366
2025-06-09,764.2113647460938,674.7066040039062,0.8765900135040283,669.9000505427102,674.7066040039062,-0.7123916429263466
2025-06-10,778.8663940429688,679.0716552734375,0.8750399947166443,681.5392453283312,679.0716552734375,0.3633769773382811
2025-06-11,777.9932861328125,684.7264404296875,0.8743199706077576,680.2150670646733,684.7264404296875,-0.6588577713142141
2025-06-12,780.0968017578125,671.234375,0.8688600063323975,677.794912115176,671.234375,0.9773839599880318
2025-06-13,755.082763671875,659.3294677734375,0.8620499968528748,650.9190940469998,659.3294677734375,-1.2755950003022876
2025-06-16,769.2022094726562,664.7859497070312,0.8652999997138977,665.5906716366189,664.7859497070312,0.12104977999947142
2025-06-17,753.95166015625,660.718505859375,0.8657000064849854,652.6959570866311,660.718505859375,-1.2142158425408778
2025-06-18,755.7178955078125,659.726318359375,0.8708800077438354,658.1396066919988,659.726318359375,-0.24051059101629635
2025-06-19,755.7178955078125,647.9207153320312,0.8712700009346008,658.4343315253864,647.9207153320312,1.6226701731503201
2025-06-20,750.6475830078125,645.2421264648438,0.8686000108718872,652.0124987615418,645.2421264648438,1.0492762358514263
2025-06-23,773.6572265625,663.39697265625,0.8694999814033508,672.6949441086617,663.39697265625,1.4015697743060995
2025-06-24,807.0357055664062,685.9170532226562,0.8621399998664856,695.7777630892706,685.9170532226562,1.4375950882523858
2025-06-25,808.9010620117188,688.992431640625,0.8611599802970886,696.5932226243058,688.992431640625,1.103174815082042
2025-06-26,791.8844604492188,672.028076171875,0.8558899760246277,677.7659718681571,672.028076171875,0.8538178537074392
2025-06-27,789.7611083984375,677.0875244140625,0.8552700281143188,675.4590053835273,677.0875244140625,-0.24051824495577856
2025-06-30,795.1587524414062,672.2263793945312,0.8526999950408936,678.0318642635102,672.2263793945312,0.8636205074558312
2025-07-01,784.3236083984375,662.9009399414062,0.8483800292015076,665.4044857964982,662.9009399414062,0.3776651539087128
2025-07-02,793.3727416992188,672.2263793945312,0.8470600247383118,672.0343342104425,672.2263793945312,-0.028568528396899495
2025-07-03,788.3223266601562,671.7303466796875,0.8474400043487549,668.0558759331034,671.7303466796875,-0.5470157429609546
2025-07-04,788.3223266601562,654.1707153320312,0.8495100140571594,669.687710802642,654.1707153320312,2.372010104844713
2025-07-07,778.9855346679688,666.27392578125,0.8488399982452393,661.2340798806254,666.27392578125,-0.7564225021585713
2025-07-08,787.9254150390625,673.51611328125,0.8520399928092957,671.3439649641441,673.51611328125,-0.32250873799047897
2025-07-09,793.6109008789062,674.4089965820312,0.8529099822044373,676.8786593458753,674.4089965820312,0.3661965923290822
2025-07-10,795.8533935546875,684.528076171875,0.852429986000061,678.4092971259233,684.528076171875,-0.8938682369567741
2025-07-11,795.694580078125,678.4765014648438,0.8544999957084656,679.9210152620071,678.4765014648438,0.2129055013762038
2025-07-14,800.4572143554688,681.8494873046875,0.8560100197792053,685.1993958928324,681.8494873046875,0.4912973684833233
2025-07-15,816.62060546875,700.5003662109375,0.8571699857711792,699.9826727701002,700.5003662109375,-0.07390337904283895
2025-07-16,748.583740234375,620.837158203125,0.861519992351532,644.9198581612,620.837158203125,3.879068712281497
2025-07-17,739.117919921875,645.0437622070312,0.8594200015068054,635.2127238529647,645.0437622070312,-1.5240885859324371
2025-07-18,728.8682861328125,628.4761962890625,0.8609200119972229,627.4972936418562,628.4761962890625,-0.1557581103288186
2025-07-21,714.0841064453125,619.1506958007812,0.859790027141571,613.9623932619797,619.1506958007812,-0.8379708807548347
2025-07-22,699.9945678710938,597.622802734375,0.8550999760627747,598.5653382306446,597.622802734375,0.15771411197114116
2025-07-23,711.35546875,601.7894287109375,0.8518499732017517,605.968136991607,601.7894287109375,0.6943804728541947
2025-07-24,719.442138671875,611.0157470703125,0.8493099808692932,611.0293890319736,611.0157470703125,0.002232669407686849
2025-07-25,705.7196655273438,600.1029052734375,0.8506199717521667,600.2992419558177,600.1029052734375,0.032717169114637734
2025-07-28,724.31396484375,624.9705200195312,0.850570023059845,616.0797457797162,624.9705200195312,-1.4225909790972602
2025-07-29,714.711669921875,619.6985473632812,0.862309992313385,616.3030145966186,619.6985473632812,-0.5479329879197081
2025-07-30,717.6561279296875,624.1746826171875,0.8657299876213074,621.2964307489237,624.1746826171875,-0.4611292236646247
2025-07-31,691.0567016601562,609.8510131835938,0.8749399781227112,604.6331354320901,609.8510131835938,-0.8555987673554699
2025-08-01,686.1925048828125,591.846923828125,0.8753700256347656,600.6723505896516,591.846923828125,1.4911671255200432
2025-08-04,695.6822509765625,599.207763671875,0.8630599975585938,600.415521829389,599.207763671875,0.20155916373862937
2025-08-05,686.0034790039062,593.9357299804688,0.8632500171661377,592.1925150261523,593.9357299804688,-0.293502287591596
2025-08-06,687.3264770507812,589.758056640625,0.8636199831962585,593.5888805609393,589.758056640625,0.6495585566283602
2025-08-07,709.3699340820312,607.4637451171875,0.8574000000953674,608.2137815495844,607.4637451171875,0.1234701557789597
2025-08-08,718.5215454101562,613.6309204101562,0.856410026550293,615.3490557816694,613.6309204101562,0.2799949145921188
2025-08-11,717.516845703125,623.6773681640625,0.858519971370697,616.0025418310397,623.6773681640625,-1.2305763724624774
2025-08-12,737.88916015625,630.5408325195312,0.8607000112533569,635.1012084502145,630.5408325195312,0.7232483124781641
2025-08-13,751.5967407226562,637.2052612304688,0.8563799858093262,643.6524061544042,637.2052612304688,1.0117846345910175
2025-08-14,751.2386474609375,639.4931640625,0.8537600040435791,641.3775106939429,639.4931640625,0.2946625135868963
2025-08-15,738.2572021484375,633.3259887695312,0.858269989490509,633.624001129232,633.3259887695312,0.04705512879390472
2025-08-18,743.6188354492188,635.3154296875,0.8542199730873108,635.214061604649,635.3154296875,-0.015955551858837236
2025-08-19,739.6995239257812,638.896240234375,0.8570200204849243,633.9373011475618,638.896240234375,-0.7761728391129763
2025-08-20,745.5486450195312,634.8180541992188,0.8589199781417847,640.366625883813,634.8180541992188,0.8740412544809173
2025-08-21,731.5327758789062,631.1376342773438,0.858240008354187,627.8306956816741,631.1376342773438,-0.5239647290968596
2025-08-22,750.9202270507812,642.775634765625,0.8611000180244446,646.6174210483478,642.775634765625,0.5976869804848128
2025-08-25,750.4926147460938,643.27294921875,0.8539999723434448,640.9206722371237,643.27294921875,-0.3656732316325684
2025-08-26,759.1865844726562,647.1522827148438,0.8607000112533569,653.4319017990128,647.1522827148438,0.9703464318824073
2025-08-27,765.9508056640625,656.701416015625,0.8591499924659729,658.0666289155852,656.701416015625,0.20788944056848724
2025-08-28,759.4451904296875,650.8327026367188,0.858519971370697,651.9988631453089,650.8327026367188,0.1791797652247018
2025-08-29,738.71484375,633.2265014648438,0.8560500144958496,632.3768527004868,633.2265014648438,-0.13417770140565777
2025-09-01,738.71484375,632.7291870117188,0.8553000092506409,631.8228126929607,632.7291870117188,-0.14324838135548745
2025-09-02,722.032958984375,613.9293212890625,0.8535400032997131,616.2840141940251,613.9293212890625,0.38354462367402586
2025-09-03,732.9453735351562,621.986328125,0.8593999743461609,629.8932352132506,621.986328125,1.2712348697577092
2025-09-04,749.4679565429688,644.168212890625,0.8575999736785889,642.7436998041958,644.168212890625,-0.22113992244927605
2025-09-05,777.5892944335938,656.701416015625,0.8578600287437439,667.0627744736303,656.701416015625,1.5777883533235393
2025-09-08,792.062744140625,673.0145263671875,0.8537399768829346,676.2156288724509,673.0145263671875,0.4756364654626921
2025-09-09,800.8960571289062,679.57958984375,0.8496800065040588,680.5053670303641,679.57958984375,0.13622792686092122
2025-09-10,788.9691772460938,676.5953979492188,0.8544999957084656,674.1741585708987,676.5953979492188,-0.35785631792041306
2025-09-11,799.93115234375,682.3646850585938,0.854449987411499,683.5011630501831,682.3646850585938,0.16654994264420075
2025-09-12,809.590087890625,686.14453125,0.8521699905395508,689.908377538668,686.14453125,0.5485500674050625
2025-09-15,862.7391357421875,725.5347290039062,0.8527699708938599,735.718027675859,725.5347290039062,1.4035577161045865
2025-09-16,873.8005981445312,729.0162353515625,0.8500699996948242,742.7916741980589,729.0162353515625,1.8895928757818758
2025-09-17,867.6830444335938,733.0944213867188,0.8423600196838379,730.9015063884144,733.0944213867188,-0.2991313171032184
2025-09-18,922.9209594726562,789.7924194335938,0.8455700278282166,780.3943013845383,789.7924194335938,-1.1899478670351682
2025-09-19,927.2481689453125,789.4940185546875,0.8481000065803528,786.3991781841396,789.4940185546875,-0.39200301684534367
2025-09-22,952.7632446289062,806.5033569335938,0.8520100116729736,811.7638231778546,806.5033569335938,0.652255963851367
2025-09-23,958.4432373046875,815.4556884765625,0.8473799824714661,812.1656136271413,815.4556884765625,-0.403464577648327
2025-09-24,941.9603881835938,803.7182006835938,0.8464199900627136,797.2941024058273,803.7182006835938,-0.7992973497803701
2025-09-25,944.5565795898438,807.3986206054688,0.8514500260353088,804.2427242835947,807.3986206054688,-0.3908721468346643
2025-09-26,946.5162963867188,808.4927368164062,0.8574299812316895,811.5714502463525,808.4927368164062,0.38079667135528794
2025-09-29,957.5479125976562,821.12548828125,0.8540999889373779,817.8416615566675,821.12548828125,-0.3999177679231525
2025-09-30,962.9990844726562,823.711669921875,0.8524100184440613,820.870067356951,823.711669921875,-0.34497539232307695
2025-10-01,997.994140625,836.9412231445312,0.8520900011062622,850.3808283891995,836.9412231445312,1.605800368414556
2025-10-02,1024.752685546875,872.9493408203125,0.8522199988365173,873.3147324844758,872.9493408203125,0.0418571441751725
2025-10-03,1026.7919921875,875.4361572265625,0.852869987487793,875.7200735295191,875.4361572265625,0.032431411544164845
2025-10-06,1037.8135986328125,892.5449829101562,0.8537899851799011,886.0748569962088,892.5449829101562,-0.7249075439146435
2025-10-07,997.0291748046875,870.1641845703125,0.853950023651123,851.4130874053226,870.1641845703125,-2.154891858051966
2025-10-08,982.6154174804688,847.2861328125,0.8580300211906433,843.1135274830194,847.2861328125,-0.4924670861341629
2025-10-09,975.3836059570312,845.2966918945312,0.8597000241279602,838.5373095752766,845.2966918945312,-0.7996461341999495
2025-10-10,931.2669067382812,809.5869750976562,0.8645700216293335,805.1454497013983,809.5869750976562,-0.5486162120780347
2025-10-13,979.48193359375,839.5274658203125,0.8618900179862976,844.2057013623707,839.5274658203125,0.557246276330825
2025-10-14,978.009765625,842.1137084960938,0.8645399808883667,845.5285440820735,842.1137084960938,0.4055076590640194
2025-10-15,1004.499755859375,868.3737182617188,0.8618999719619751,865.7783114110061,868.3737182617188,-0.2988813221924791
2025-10-16,1014.228271484375,872.75048828125,0.8586400151252747,870.8569783678249,872.75048828125,-0.21695890622233094
2025-10-17,1023.8572998046875,871.0595092773438,0.8547300100326538,875.1215601340664,871.0595092773438,0.46633448271433675
2025-10-20,1036.669677734375,894.2359008789062,0.8578199744224548,889.2759564386361,894.2359008789062,-0.5546572705698027
2025-10-21,1019.6297607421875,885.084716796875,0.858780026435852,875.6376728849573,885.084716796875,-1.0673604156341776
2025-10-22,1006.25048828125,865.4891357421875,0.8620399832725525,867.4281540859665,865.4891357421875,0.2240372829309223
2025-10-23,1030.9598388671875,882.995849609375,0.8614400029182434,888.1100466023418,882.995849609375,0.5791869797835636
2025-10-24,1027.667236328125,889.660400390625,0.860729992389679,884.5440125038294,889.660400390625,-0.5750944837546013
2025-10-27,1054.4058837890625,903.2877197265625,0.85971999168396,906.4938176426513,903.2877197265625,0.3549365109335678
2025-10-28,1046.9453125,904.1845703125,0.858240008354187,898.5303537463769,904.1845703125,-0.6253387584538084
2025-10-29,1067.0986328125,916.1420288085938,0.8577899932861328,915.3465290758759,916.1420288085938,-0.0868314854796437
2025-10-30,1071.6925048828125,934.1779174804688,0.8618199825286865,923.6060158342298,934.1779174804688,-1.1316796777590343
2025-10-31,1055.529296875,914.8466186523438,0.8641200065612793,912.1039829412475,914.8466186523438,-0.29979186184634354
2025-11-03,1063.0926513671875,923.2168579101562,0.8674499988555908,922.1797192118538,923.2168579101562,-0.11233966206489754
2025-11-04,1026.5408935546875,914.7470092773438,0.868120014667511,891.1606955694951,914.7470092773438,-2.578452125957964
2025-11-05,1040.103271484375,903.3873901367188,0.8706600069999695,905.5763216312771,903.3873901367188,0.24230263987048417
2025-11-06,1025.6041259765625,892.1273803710938,0.8698099851608276,892.0807095965574,892.1273803710938,-0.00523140255116461
2025-11-07,1013.4069213867188,867.7142333984375,0.8658599853515625,877.4685021070763,867.7142333984375,1.124133768145752
2025-11-10,1035.16064453125,883.5579223632812,0.8662599921226501,896.7182517773181,883.5579223632812,1.4894699126047684
2025-11-11,1018.8477783203125,883.7572631835938,0.8652600049972534,881.5682337608741,883.7572631835938,-0.24769577732622894
2025-11-12,1033.705810546875,888.6398315429688,0.8629999756813049,892.0880893635767,888.6398315429688,0.3880377289211312
2025-11-13,1016.2967529296875,878.3763427734375,0.8626499772071838,876.7083707505299,878.3763427734375,-0.18989263959923175
2025-11-14,1003.4617919921875,871.0025634765625,0.8597000241279602,862.6761267871698,871.0025634765625,-0.9559600670012047
2025-11-17,1016.436279296875,873.29443359375,0.8609300255775452,875.0805119330034,873.29443359375,0.2045218966876261
2025-11-18,1000.552001953125,862.5326538085938,0.8627700209617615,863.2462716984301,862.5326538085938,0.08273517375663175
2025-11-19,1035.69873046875,883.458251953125,0.8634700179100037,894.2948013472196,883.458251953125,1.226605713415152
2025-11-20,977.6123657226562,886.6469116210938,0.8665000200271606,847.1011344774815,886.6469116210938,-4.46014942648466
2025-11-21,963.1929931640625,831.044677734375,0.8669599890708923,835.0497868266757,831.044677734375,0.4819366755611343
2025-11-24,984.3687133789062,855.7567749023438,0.8689900040626526,855.4065722382838,855.7567749023438,-0.040923154140370954
2025-11-25,999.7149047851562,857.2514038085938,0.8680499792098999,867.802502314582,857.2514038085938,1.230805625877296
2025-11-26,1037.3330078125,906.0778198242188,0.8646900057792664,896.9714845204144,906.0778198242188,-1.0050279462277323
2025-11-27,1037.3330078125,894.0206909179688,0.8619099855422974,894.0876777662197,894.0206909179688,0.007492762631944316
2025-11-28,1056.2965087890625,900.19873046875,0.8620799779891968,910.6120710469404,900.19873046875,1.1567824110091829
2025-12-01,1084.188720703125,923.4161987304688,0.8619599938392639,934.527303017865,923.4161987304688,1.2032607076497115
2025-12-02,1104.9061279296875,935.772216796875,0.8615000247955322,951.8766566081613,935.772216796875,1.7209786230255153
2025-12-03,1136.933837890625,959.9861450195312,0.8600000143051147,977.7631168499065,959.9861450195312,1.8517946245998784
2025-12-04,1106.2015380859375,953.90771484375,0.8571299910545349,948.1585144441124,953.90771484375,-0.6026998534736983
2025-12-05,1095.6285400390625,948.2279052734375,0.8589000105857849,941.0353646376388,948.2279052734375,-0.7585244639815358
2025-12-08,1115.7779541015625,959.786865234375,0.8590899705886841,958.5536497726134,959.786865234375,-0.1284884703501743
2025-12-09,1107.5567626953125,949.5233154296875,0.859000027179718,951.3912892583539,949.5233154296875,0.1967275366820287
2025-12-10,1115.4093017578125,942.6478271484375,0.859969973564148,959.2185077458707,942.6478271484375,1.7578866804966342
2025-12-11,1118.9169921875,937.5658569335938,0.854610025882721,956.2376796539756,937.5658569335938,1.991521190996659
2025-12-12,1077.07373046875,922.0211181640625,0.851830005645752,917.4837219060864,922.0211181640625,-0.4921141358465775
2025-12-15,1084.019287109375,927.700927734375,0.8519600033760071,923.5410755053599,927.700927734375,-0.4484044485300043
2025-12-16,1072.29052734375,905.3802490234375,0.8507300019264221,912.2297223928326,905.3802490234375,0.7565300189376956
2025-12-17,1011.8822631835938,870.9028930664062,0.8511000275611877,861.2130220842337,870.9028930664062,-1.112623584020378
2025-12-18,1032.689453125,889.53662109375,0.8516200184822083,879.459011156694,889.53662109375,-1.1329055710674218
2025-12-19,1052.3304443359375,898.405029296875,0.8528299927711487,897.4589652358773,898.405029296875,-0.10530484916565497
2025-12-22,1053.287109375,892.824951171875,0.8541100025177002,899.6230556401424,892.824951171875,0.7614151530313418
2025-12-23,1058.130126953125,899.9994506835938,0.8499100208282471,899.3153982377262,899.9994506835938,-0.07600587370891754
2025-12-24,1061.7972412109375,895.8142700195312,0.8477799892425537,900.1704537315818,895.8142700195312,0.4862820182531369
2025-12-26,1069.001953125,895.8142700195312,0.8485100269317627,907.0588760362007,895.8142700195312,1.2552385458677984
2025-12-29,1062.275634765625,903.586669921875,0.8494200110435486,902.3181814139098,903.586669921875,-0.1403837119548168
2025-12-30,1068.3941650390625,915.1455688476562,0.8494099974632263,907.5046850155559,915.1455688476562,-0.8349364398629766
2025-12-31,1066.1220703125,918.135009765625,0.8512600064277649,907.5470804270008,918.135009765625,-1.1531996085550666
2026-01-02,1159.7139892578125,982.8049926757812,0.8510299921035767,986.9513871204836,982.8049926757812,0.42189391340121674
2026-01-05,1223.8988037109375,1049.4678955078125,0.8543599843978882,1045.6501628430706,1049.4678955078125,-0.3637779374751293
2026-01-06,1237.8499755859375,1057.240234375,0.8536099791526794,1056.6410918540569,1057.240234375,-0.05667042375636644
2026-01-07,1224.1778564453125,1048.0728759765625,0.8555600047111511,1047.3576126276384,1048.0728759765625,-0.06824557388317443
2026-01-08,1190.147216796875,1009.410400390625,0.8564000129699707,1019.2420919010183,1009.410400390625,0.9740033891654454
2026-01-09,1269.4293212890625,1077.7672119140625,0.8577899932861328,1088.903768985765,1077.7672119140625,1.0332989302879847
2026-01-12,1276.7535400390625,1082.55029296875,0.8603100180625916,1098.4038610924836,1082.55029296875,1.4644648130164306
2026-01-13,1265.722412109375,1098.69287109375,0.8571199774742126,1084.8759653557936,1098.69287109375,-1.2575767169765717
2026-01-14,1259.3048095703125,1080.35791015625,0.8589199781417847,1081.6420595099771,1080.35791015625,0.11886332683410661
2026-01-15,1326.9476318359375,1145.3270263671875,0.8586400151252747,1139.3703346700568,1145.3270263671875,-0.5200865394772491
2026-01-16,1353.8233642578125,1163.0638427734375,0.8614000082015991,1166.1834570751962,1163.0638427734375,0.2682238228917555
2026-01-19,1353.8233642578125,1116.4298095703125,0.8602200150489807,1164.5859547755172,1116.4298095703125,4.313405535430737
2026-01-20,1321.4368896484375,1135.9603271484375,0.8591700196266174,1135.3389584145843,1135.9603271484375,-0.05469986222256251
2026-01-21,1355.3380126953125,1150.7078857421875,0.8526700139045715,1155.6560821303065,1150.7078857421875,0.43001325092402176
2026-01-22,1390.1260986328125,1172.2313232421875,0.8566799759864807,1190.893192794938,1172.2313232421875,1.5919954690457372
2026-01-23,1384.18701171875,1174.0250244140625,0.8507300019264221,1177.5694191460207,1174.0250244140625,0.30190112291066384
2026-01-26,1408.4119873046875,1173.82568359375,0.843280017375946,1187.6856851267876,1173.82568359375,1.1807546662809587
2026-01-27,1449.5079345703125,1213.2852783203125,0.8420000076293945,1220.485691967071,1213.2852783203125,0.5934641897845205
2026-01-28,1417.9486083984375,1190.1676025390625,0.8321099877357483,1179.8891991443452,1190.1676025390625,-0.8636097447779378
2026-01-29,1450.0760498046875,1187.7760009765625,0.834879994392395,1210.6394843294838,1187.7760009765625,1.9248985780251138
2026-01-30,1418.0283203125,1211.29248046875,0.8357200026512146,1185.0746316110599,1211.29248046875,-2.1644523746687683
2026-02-02,1436.35400390625,1220.4598388671875,0.843940019607544,1212.1966262200149,1220.4598388671875,-0.6770573175797767
2026-02-03,1391.0030517578125,1186.1817626953125,0.8475499749183655,1178.9446016287038,1186.1817626953125,-0.6101224360560042
2026-02-04,1334.4512939453125,1136.55810546875,0.8463000059127808,1129.346137956236,1136.55810546875,-0.634544549707794
2026-02-05,1345.4427490234375,1145.5262451171875,0.8473399877548218,1140.0474424823333,1145.5262451171875,-0.4782782287361509
2026-02-06,1408.0731201171875,1189.56982421875,0.849049985408783,1195.5244620899975,1189.56982421875,0.5005706895060413
2026-02-09,1424.49560546875,1202.1419677734375,0.8456100225448608,1204.5677610554849,1202.1419677734375,0.20178925177534168
2026-02-10,1410.5390625,1190.367919921875,0.8400499820709229,1184.9233141634613,1190.367919921875,-0.45738848193851434
2026-02-11,1432.5010986328125,1205.1353759765625,0.8410699963569641,1204.8336938084467,1205.1353759765625,-0.025033052230449826
2026-02-12,1403.8038330078125,1177.1971435546875,0.8420299887657166,1182.0449257368382,1177.1971435546875,0.41180716489952474
2026-02-13,1403.5443115234375,1187.773681640625,0.8425700068473816,1182.5843401709062,1187.773681640625,-0.4368964854104984
2026-02-16,1403.5443115234375,1192.363525390625,0.8426399827003479,1182.682554381281,1192.363525390625,-0.8119143871138101
2026-02-17,1416.6856689453125,1196.55419921875,0.8438900113105774,1195.5268851897927,1196.55419921875,-0.08585603808236586
2026-02-18,1465.5189208984375,1242.0537109375,0.84375,1236.5315895080566,1242.0537109375,-0.44459602518117647
2026-02-19,1455.7503662109375,1235.4681396484375,0.8482599854469299,1234.8547844564528,1235.4681396484375,-0.049645569343392815
2026-02-20,1466.3870849609375,1252.829833984375,0.8496800065040588,1245.9597878870773,1252.829833984375,-0.5483622684374412
2026-02-23,1482.7513427734375,1246.44384765625,0.8449699878692627,1252.8803841164045,1246.44384765625,0.5163920117426279
2026-02-24,1494.53564453125,1260.6126708984375,0.8478999733924866,1267.2167332321696,1260.6126708984375,0.5238771976665557
2026-02-25,1523.18310546875,1285.5574951171875,0.8492400050163269,1293.5480281290656,1285.5574951171875,0.6215616992804929
2026-02-26,1460.6097412109375,1229.6810302734375,0.8463699817657471,1236.2162400355737,1229.6810302734375,0.5314556865761322
2026-02-27,1447.398681640625,1230.6788330078125,0.8472399711608887,1226.2940172915114,1230.6788330078125,-0.3562924459815764
2026-03-02,1420.4375,1207.7296142578125,0.850380003452301,1207.9116461537778,1207.7296142578125,0.015072239168145707
2026-03-03,1357.973876953125,1159.23681640625,0.8549000024795532,1160.931870774395,1159.23681640625,0.1462215782103815
2026-03-04,1396.3201904296875,1197.1529541015625,0.8611599802970886,1202.4550676788567,1197.1529541015625,0.44289358006666113
2026-03-05,1365.377685546875,1183.3834228515625,0.8594300150871277,1173.4465648891783,1183.3834228515625,-0.8396989319353176
2026-03-06,1289.982421875,1144.4693603515625,0.8614699840545654,1111.281136403326,1144.4693603515625,-2.8998787646042024
2026-03-09,1354.461669921875,1145.068115234375,0.8678100109100342,1175.4153965521255,1145.068115234375,2.6502599202615107
2026-03-10,1380.385009765625,1197.3525390625,0.8607900142669678,1188.2216322500608,1197.3525390625,-0.7625913433639608
2026-03-11,1383.6578369140625,1196.1551513671875,0.8612300157546997,1191.6476606846118,1196.1551513671875,-0.3768316072897182
2026-03-12,1348.63427734375,1177.7957763671875,0.8663100004196167,1168.3353613715735,1177.7957763671875,-0.803230507821473
2026-03-13,1342.757080078125,1176.9974365234375,0.867929995059967,1165.4191458789428,1176.9974365234375,-0.983714176871453
2026-03-16,1372.5621337890625,1194.75830078125,0.8744999766349792,1200.3055539285924,1194.75830078125,0.46429919287567234
2026-03-17,1386.1324462890625,1191.166259765625,0.8695999979972839,1205.380772516939,1191.166259765625,1.193327349123452
2026-03-18,1352.216552734375,1188.372314453125,0.8665900230407715,1171.8173735901946,1188.372314453125,-1.3930769558990197
2026-03-19,1363.4119873046875,1166.021728515625,0.8722599744796753,1189.24970525167,1166.021728515625,1.9920706594048543
2026-03-20,1314.379150390625,1125.7108154296875,0.8637400269508362,1135.2818827820156,1125.7108154296875,0.8502243401361298
2026-03-23,1366.635009765625,1172.8067626953125,0.8650400042533875,1182.1939546604845,1172.8067626953125,0.8004039764912818
2026-03-24,1396.3701171875,1198.948974609375,0.8615400195121765,1203.028738007939,1198.948974609375,0.34027831750664816
2026-03-25,1390.85205078125,1208.9268798828125,0.8609799742698669,1197.4957628948323,1208.9268798828125,-0.9455590059415542
2026-03-26,1326.6024169921875,1163.22802734375,0.8649399876594543,1147.431478182225,1163.22802734375,-1.3579924821444211
2026-03-27,1299.63134765625,1143.8707275390625,0.866919994354248,1126.67640057276,1143.8707275390625,-1.5031704678110436
2026-03-30,1251.22705078125,1109.546630859375,0.870169997215271,1088.780239293992,1109.546630859375,-1.8716105288246188
2026-03-31,1317.9512939453125,1116.730712890625,0.8726000189781189,1150.044324108916,1116.730712890625,2.983137369980615
2026-04-01,1356.7965087890625,1184.9798583984375,0.8639900088310242,1172.2586276105649,1184.9798583984375,-1.0735398325728562
2026-04-02,1314.359130859375,1158.4384765625,0.8627700209617615,1133.9896548828256,1158.4384765625,-2.110498069109623
2026-04-03,1314.359130859375,1158.4384765625,0.8664199709892273,1138.7870000286057,1158.4384765625,-1.696376366244956
2026-04-06,1301.16796875,1158.4384765625,0.8688099980354309,1130.4677403734531,1158.4384765625,-2.4145206461068214
2026-04-07,1303.6026611328125,1111.3426513671875,0.8664600253105164,1129.5195947599932,1111.3426513671875,1.6355840721530956
2026-04-08,1417.9530029296875,1209.9246826171875,0.855679988861084,1213.3140097524156,1209.9246826171875,0.2801271173257458
2026-04-09,1445.4827880859375,1232.0758056640625,0.8576800227165222,1239.7617105218887,1232.0758056640625,0.6238175299354776
2026-04-10,1475.0582275390625,1267.197998046875,0.8553400039672852,1261.6763101952383,1267.197998046875,-0.4357399443612797
2026-04-13,1496.9302978515625,1257.0206298828125,0.8565199971199036,1282.1507344045167,1257.0206298828125,1.9991799596834836
2026-04-14,1514.990966796875,1281.36669921875,0.8496999740600586,1287.2877851885278,1281.36669921875,0.4620914507445839
2026-04-15,1478.54052734375,1227.2862548828125,0.8475000262260437,1253.0631357000966,1227.2862548828125,2.100315286244725
2026-04-16,1407.755126953125,1219.902587890625,0.8468000292778015,1192.0870827198814,1219.902587890625,-2.2801415003832592
2026-04-17,1456.6185302734375,1241.25537109375,0.8486999869346619,1236.2321276118528,1241.25537109375,-0.40469057366260275
2026-04-20,1473.2821044921875,1242.253173828125,0.8517000079154968,1254.794380057756,1242.253173828125,1.0095531646728606
2026-04-21,1455.790283203125,1234.2708740234375,0.848580002784729,1235.3545225744892,1234.2708740234375,0.0877966558118004
2026-04-22,1440.513671875,1247.0426025390625,0.8514800071716309,1226.5685916589573,1247.0426025390625,-1.6418052469433508
2026-04-23,1414.7100830078125,1221.0999755859375,0.8542600274085999,1208.5302742854765,1221.0999755859375,-1.0293752806300294
2026-04-24,1454.52294921875,1249.5999755859375,0.8558800220489502,1244.8971338480478,1249.5999755859375,-0.3763477776705715
2026-04-27,1432.43994140625,1212.5999755859375,0.8542299866676331,1223.633152049646,1212.5999755859375,0.9098776749007609
2026-04-28,1384.56005859375,1171.800048828125,0.8529899716377258,1181.0158451106108,1171.800048828125,0.7864649170907789
2026-04-29,1394.0799560546875,1192.5999755859375,0.8533999919891357,1189.707823329285,1192.5999755859375,-0.2425081599747303
2026-04-30,1438.989990234375,1222.4000244140625,0.8558200001716614,1231.5164136894018,1222.4000244140625,0.7457779035720424
2026-05-01,1427.02001953125,1222.4000244140625,0.8525800108909607,1216.648743793572,1222.4000244140625,-0.47049087905959297
2026-05-04,1386.2099609375,1187.4000244140625,0.8527600169181824,1182.1044297412154,1187.4000244140625,-0.44598236179591577
2026-05-05,1442.9200439453125,1229.0,0.8552899956703186,1234.1150781386023,1229.0,0.41619838393833763
2026-05-06,1544.739990234375,1305.0,0.8535500168800354,1318.5128447398165,1305.0,1.0354670298710067
2026-05-07,1516.5999755859375,1300.0,0.8512499928474426,1291.005718369961,1300.0,-0.691867817695313
2026-05-08,1592.02001953125,1319.4000244140625,0.852400004863739,1357.0378723916074,1319.4000244140625,2.8526487252612975
2026-05-11,1565.81005859375,1305.5999755859375,0.8496999740600586,1330.4687661700882,1305.5999755859375,1.9047787261936788
2026-05-12,1520.93994140625,1265.800048828125,0.8489000201225281,1291.1259468649223,1265.800048828125,2.0007818818022605
2026-05-13,1581.5799560546875,1327.0,0.8521199822425842,1347.6958840685475,1327.0,1.5595994023019921
2026-05-14,1584.510009765625,1367.0,0.8535299897193909,1352.4268123455258,1367.0,-1.066070786720863
2026-05-15,1501.81005859375,1306.5999755859375,0.857479989528656,1287.772073316999,1306.5999755859375,-1.4409844344666523
2026-05-18,1472.3900146484375,1264.4000244140625,0.8610000014305115,1267.7278047185755,1264.4000244140625,0.26319046506306787
2026-05-19,1459.43994140625,1249.0,0.857990026473999,1252.18491396436,1249.0,0.25499711484067156
2026-05-20,1550.1300048828125,1333.0,0.8615400195121765,1335.4990346531486,1333.0,0.18747446760303266
2026-05-21,1592.0,1345.199951171875,0.8601899743080139,1369.4224390983582,1345.199951171875,1.8006607794909257
2026-05-22,1632.9000244140625,1409.0,0.8604999780654907,1405.11043519144,1409.0,-0.2760514413456372
2026-05-25,1632.9000244140625,1430.5999755859375,0.8589400053024292,1402.5631556285516,1430.5999755859375,-1.9597945222879498
2026-05-26,1632.030029296875,1389.800048828125,0.8593000173568726,1402.403432501742,1389.800048828125,0.9068486998718983
2026-05-27,1597.8699951171875,1376.4000244140625,0.8593400120735168,1373.1136208959142,1376.4000244140625,-0.2387680514280177
2026-05-28,1605.77001953125,1391.0,0.8607400059700012,1382.150496197777,1391.0,-0.6361972539340677
2026-05-29,1612.760009765625,1384.800048828125,0.8581600189208984,1384.006160495337,1384.800048828125,-0.057328733737394
2026-06-01,1628.5699462890625,1394.0,0.8584499955177307,1398.0458630921567,1394.0,0.2902340812164006
2026-06-02,1705.3699951171875,1461.800048828125,0.85944002866745,1465.6632374921246,1461.800048828125,0.26427613455728416
2026-06-03,1726.3599853515625,1485.199951171875,0.8604300022125244,1485.4119260156585,1485.199951171875,0.014272478504739894
2026-06-04,1757.469970703125,1498.0,0.8613700270652771,1513.8319562309625,1498.0,1.056872912614315
2026-06-05,1641.739990234375,1462.199951171875,0.8611299991607666,1413.7515564127243,1462.199951171875,-3.313390533238758
2026-06-08,1749.0400390625,1514.5999755859375,0.8678600192070007,1517.9219218945946,1514.5999755859375,0.21932829540498577
2026-06-09,1777.77001953125,1508.4000244140625,0.8674200177192688,1542.0733018425817,1508.4000244140625,2.232383776418967
2026-06-10,1734.18994140625,1507.199951171875,0.8669000267982483,1503.3693066783308,1507.199951171875,-0.25415635732776165
2026-06-11,1899.47998046875,1576.0,0.8668799996376038,1646.6212047803856,1576.0,4.481040912461021
2026-06-12,1863.550048828125,1629.5999755859375,0.863860011100769,1609.8463658675028,1629.5999755859375,-1.2121753813436387
2026-06-15,1892.6600341796875,1622.199951171875,0.861840009689331,1631.1701421960315,1622.199951171875,0.5529645724422938
2026-06-16,1803.8900146484375,1591.199951171875,0.862500011920929,1555.855159138322,1591.199951171875,-2.2212665358318118
2026-06-17,1867.8299560546875,1656.4000244140625,0.861329972743988,1608.8179251389884,1656.4000244140625,-2.872621261395225
2026-06-18,1929.6800537109375,1676.0,0.8690099716186523,1676.9112087084213,1676.0,0.05436806136165373
2026-06-19,1929.6800537109375,1657.800048828125,0.8727099895477295,1684.0510595045344,1657.800048828125,1.5834847329728285
2026-06-22,1929.25,1655.800048828125,0.8723899722099304,1683.0583538860083,1655.800048828125,1.6462316858351977
2026-06-23,1778.4599609375,1560.800048828125,0.8751099705696106,1556.3480440752464,1560.800048828125,-0.2852386349052938
2026-06-24,1762.77001953125,1553.800048828125,0.8787699937820435,1549.0693991026492,1553.800048828125,-0.30445678831351186
2026-06-25,1841.1800537109375,1594.0,0.8807299733161926,1621.58245957514,1594.0,1.7303926960564597
2026-06-26,1794.6199951171875,1578.199951171875,0.8801500201225281,1579.5348248146838,1578.199951171875,0.08458203549035481
2026-06-29,1883.1099853515625,1612.0,0.8783000111579895,1653.9355211459988,1612.0,2.6014591281636967
2026-06-30,1989.43994140625,1721.4000244140625,0.8755000233650208,1741.7547151844774,1721.4000244140625,1.1824497781881549
2026-07-01,1843.0400390625,1641.5999755859375,0.8761699795722961,1614.8163533763145,1641.5999755859375,-1.63155595808675
2026-07-02,1769.3199462890625,1577.800048828125,0.8788899779319763,1555.0375685485997,1577.800048828125,-1.4426720481110156
2026-07-03,1769.3199462890625,1634.4000244140625,0.8754500150680542,1548.9511736389686,1634.4000244140625,-5.228147913527326
2026-07-06,1825.0699462890625,1628.4000244140625,0.8743000030517578,1595.6586596101988,1628.4000244140625,-2.010646297775931
2026-07-07,1747.280029296875,1509.800048828125,0.873989999294281,1527.105271572087,1509.800048828125,1.1461930179028634
2026-07-08,1768.6500244140625,1529.0,0.8769000172615051,1550.9292369382529,1529.0,1.4342208592709627
2026-07-09,1804.25,1602.800048828125,0.8755000233650208,1579.6209171563387,1602.800048828125,-1.4461648967838192
2026-07-10,1797.3199462890625,1569.0,0.8746299743652344,1571.9898985489272,1569.0,0.19056077431021112
2026-07-13,1726.0400390625,1540.800048828125,0.8768500089645386,1513.4782237251056,1540.800048828125,-1.7732232760376276
2026-07-14,1775.6400146484375,1555.800048828125,0.8784000277519226,1559.7222381446118,1555.800048828125,0.2521011179708488
2026-07-15,1815.27001953125,1549.4000244140625,0.8752999901771545,1588.9058302645863,1549.4000244140625,2.5497486270831704
2026-07-16,1784.8699951171875,1598.4000244140625,0.8718199729919434,1556.0853109371965,1598.4000244140625,-2.647316868778049
2026-07-17,1747.5799560546875,1537.0,0.873769998550415,1526.9829356686387,1537.0,-0.6517283234457549
2026-07-20,1739.02001953125,1520.800048828125,0.8750699758529663,1521.764206499036,1520.800048828125,0.06339805628319262
2026-07-21,1801.510009765625,1593.4000244140625,0.8758000135421753,1577.7624909490987,1593.4000244140625,-0.9813940771536078
2026-07-22,1801.8599853515625,1589.5999755859375,0.8769000172615051,1580.0510522576005,1589.5999755859375,-0.6007123474455978
2026-07-23,1803.0,1579.199951171875,0.8762900233268738,1579.9509120583534,1579.199951171875,0.04755324909433423
2026-07-24,1757.0899658203125,1563.0,0.8791000247001648,1544.6578323530484,1563.0,-1.1735232019802644
2026-07-26,1757.09,1563.0,0.8791,1544.657819,1563.0,-1.1735240563019778
