,dr_close,local_close,fx_close,dr_equiv,local_equiv,premium_pct
2021-07-26,1558.408447265625,71368.640625,1151.1199951171875,1793915.12420699,1784216.015625,0.5436061831668004
2021-07-27,1532.133056640625,71096.9375,1151.760009765625,1764649.5842786431,1777423.4375,-0.7186724869186922
2021-07-28,1551.160400390625,71730.9296875,1153.56005859375,1789356.682362914,1793273.2421875,-0.2184028475107569
2021-07-29,1576.529541015625,71549.7734375,1149.4100341796875,1812078.8736240566,1788744.3359375,1.3045205632657764
2021-07-30,1555.2371826171875,71096.9375,1142.1199951171875,1776267.4834168106,1777423.4375,-0.06503537979758445
2021-08-02,1564.7509765625,71821.484375,1150.9300537109375,1800918.92549932,1795537.109375,0.2997329376385416
2021-08-03,1606.429443359375,73723.46875,1149.56005859375,1846687.1250349283,1843086.71875,0.1953465481738137
2021-08-04,1643.1246337890625,75081.9921875,1148.5799560546875,1887260.019669816,1877049.8046875,0.5439501369019828
2021-08-05,1630.439697265625,74357.453125,1144.06005859375,1865320.935587287,1858936.328125,0.343454876086402
2021-08-06,1606.429443359375,73814.0234375,1143.1199951171875,1836341.617449075,1845350.5859375,-0.4881982078136171
2021-08-09,1625.4564208984375,73814.0234375,1144.9200439453125,1861017.6368462294,1845350.5859375,0.8490013240909366
2021-08-10,1571.9991455078125,72636.6328125,1145.8900146484375,1801338.1238732785,1815915.8203125,-0.8027738002036267
2021-08-11,1535.3045654296875,71096.9375,1152.47998046875,1769407.775579989,1777423.4375,-0.4509708688935299
2021-08-12,1484.565185546875,69738.3984375,1152.8499755859375,1711480.9379134476,1743459.9609375,-1.8342275555818577
2021-08-13,1446.0582275390625,67383.6015625,1162.06005859375,1680406.5086240172,1684590.0390625,-0.2483411596575169
2021-08-16,1432.014404296875,67383.6015625,1161.3800048828125,1663112.8958545625,1684590.0390625,-1.274918093418731
2021-08-17,1422.5006103515625,67202.4609375,1164.5,1656501.9607543945,1680061.5234375,-1.4023035677230067
2021-08-18,1436.544677734375,66930.7578125,1176.449951171875,1690022.9159768224,1673268.9453125,1.00127183446852
2021-08-19,1408.45703125,66206.1953125,1169.6800537109375,1647444.0959620476,1655154.8828125,-0.4658649731528408
2021-08-20,1393.9603271484375,65843.9296875,1175.3900146484375,1638447.0493463427,1646098.2421875,-0.4648077888103286
2021-08-23,1427.0313720703125,66387.3359375,1174.239990234375,1675677.3044039905,1659683.3984375,0.9636721064721021
2021-08-24,1465.9912109375,68470.4140625,1167.6099853515625,1711705.9763282537,1711760.3515625,-0.003176568156670889
2021-08-25,1466.4442138671875,68560.9921875,1163.469970703125,1706163.8065458238,1714024.8046875,-0.4586280268627396
2021-08-26,1446.0582275390625,67564.7265625,1163.3299560546875,1682242.8542955369,1689118.1640625,-0.4070354527730191
2021-08-27,1455.11865234375,67293.03125,1170.0,1702488.8232421875,1682325.78125,1.1985218449904522
2021-08-30,1455.11865234375,67564.7265625,1161.3299560546875,1689872.8805807233,1689118.1640625,0.04468109657929098
2021-08-31,1481.84716796875,69466.6796875,1165.510009765625,1727107.7072104216,1736666.9921875,-0.5504385711297299
2021-09-01,1507.2166748046875,69557.25,1158.4100341796875,1745974.919776693,1738931.25,0.4050574038906296
2021-09-02,1492.7197265625,68832.7265625,1155.280029296875,1724509.2894351482,1720818.1640625,0.21449828051176567
2021-09-03,1502.2332763671875,69376.125,1157.1300048828125,1738279.198417887,1734403.125,0.22348169015706798
2021-09-06,1513.1055908203125,70010.109375,1154.75,1747258.6809997559,1750252.734375,-0.17106405928931645
2021-09-07,1485.4715576171875,68923.2734375,1155.5400390625,1716521.8617151976,1723081.8359375,-0.3807117041967567
2021-09-08,1470.521484375,69104.4140625,1161.0,1707275.443359375,1727610.3515625,-1.1770540842576893
2021-09-09,1461.9139404296875,68198.71875,1166.489990234375,1705307.9780953228,1704967.96875,0.01994227173500729
2021-09-10,1460.10205078125,68198.71875,1169.1300048828125,1707049.1177592874,1704967.96875,0.12206381864248161
2021-09-13,1480.4879150390625,69104.4140625,1169.3800048828125,1731252.9653173238,1727610.3515625,0.2108469511964417
2021-09-14,1485.4715576171875,69376.125,1171.1099853515625,1739650.5740812272,1734403.125,0.3025507164735597
2021-09-15,1486.37744140625,69738.3984375,1170.800048828125,1740250.780975461,1743459.9609375,-0.18406961065589034
2021-09-16,1466.4442138671875,68923.2734375,1165.219970703125,1708730.0839200914,1723081.8359375,-0.832911804772174
2021-09-17,1471.8807373046875,69919.546875,1174.4200439453125,1728606.24018763,1747988.671875,-1.1088419507077951
2021-09-20,1431.5616455078125,69919.546875,1181.1099853515625,1690831.7541555911,1747988.671875,-3.269867742226207
2021-09-21,1436.0916748046875,69919.546875,1186.3199462890625,1703664.1985204667,1747988.671875,-2.5357414534608047
2021-09-22,1446.51123046875,69919.546875,1182.9200439453125,1711107.1283134818,1747988.671875,-2.1099417951008115
2021-09-23,1498.1563720703125,70100.6796875,1181.030029296875,1769367.6639975011,1752516.9921875,0.9615126064465684
2021-09-24,1478.6759033203125,70010.109375,1174.699951171875,1737000.5114293993,1750252.734375,-0.7571605337518883
2021-09-27,1486.37744140625,70372.375,1179.199951171875,1752736.2063292265,1759309.375,-0.37362210218276903
2021-09-28,1435.185791015625,69104.4140625,1176.9599609375,1689156.212531805,1727610.3515625,-2.225857178727597
2021-09-29,1424.821044921875,67430.9375,1186.8900146484375,1691105.8708787262,1685773.4375,0.3163196939817814
2021-09-30,1422.544677734375,67430.9375,1187.4300537109375,1689172.3030883372,1685773.4375,0.20162054477366187
2021-10-01,1410.25390625,66611.9296875,1183.719970703125,1669345.7125902176,1665298.2421875,0.24304777968184865
2021-10-04,1390.6798095703125,66611.9296875,1180.0,1641002.1752929688,1665298.2421875,-1.4589619011797228
2021-10-05,1400.2393798828125,65701.921875,1183.780029296875,1657575.4141403139,1642548.046875,0.9148814425187668
2021-10-06,1350.62109375,64882.91796875,1187.1700439453125,1603416.9032206535,1622072.94921875,-1.150136065525409
2021-10-07,1382.0306396484375,65155.91015625,1191.3800048828125,1646523.670212552,1628897.75390625,1.0820762852691956
2021-10-08,1362.0013427734375,65064.9375,1191.1500244140625,1622347.932696566,1626623.4375,-0.2628453952443488
2021-10-11,1366.0985107421875,65064.9375,1195.5799560546875,1633279.9974395186,1626623.4375,0.40922562567702325
2021-10-12,1326.9498291015625,62789.921875,1195.800048828125,1586766.6704321206,1569748.046875,1.0841627477097715
2021-10-13,1319.2110595703125,62607.93359375,1196.8900146484375,1578950.544413492,1565198.33984375,0.87862376413681
2021-10-14,1334.6884765625,63153.921875,1186.7099609375,1583888.1098852158,1578848.046875,0.3192240710049088
2021-10-15,1352.441650390625,63790.9375,1182.1300048828125,1598761.8547799885,1594773.4375,0.25009303429588403
2021-10-18,1351.0762939453125,63881.9453125,1181.7900390625,1596688.5061980486,1597048.6328125,-0.022549508327573964
2021-10-19,1366.0985107421875,64245.921875,1185.6800537109375,1619755.7555912286,1606148.046875,0.8472263028744154
2021-10-20,1365.6429443359375,63972.92578125,1175.6500244140625,1605518.1608494371,1599323.14453125,0.3873523833735737
2021-10-21,1365.187744140625,63881.9453125,1174.5899658203125,1603535.8257284462,1597048.6328125,0.40619883343953056
2021-10-22,1349.7109375,64063.93359375,1176.550048828125,1588002.4694194794,1601598.33984375,-0.8488938884387842
2021-10-25,1369.284912109375,63881.9453125,1176.5400390625,1611018.523980856,1597048.6328125,0.8747317321047499
2021-10-26,1382.94091796875,64700.9375,1167.06005859375,1613975.1087563038,1617523.4375,-0.2193679956304373
2021-10-27,1355.628173828125,63790.9375,1167.3299560546875,1582465.3765812814,1594773.4375,-0.7717748884765063
2021-10-28,1385.2174072265625,64336.921875,1172.1700439453125,1623710.3491025716,1608423.046875,0.9504528213067687
2021-10-29,1359.270263671875,63517.9453125,1167.3699951171875,1586771.321065575,1587948.6328125,-0.07414041755493539
2021-11-01,1361.5460205078125,63608.9296875,1174.3800048828125,1598972.4222121388,1590223.2421875,0.5501856464255495
2021-11-02,1383.8519287109375,65064.9375,1176.5699462890625,1628198.5894354433,1626623.4375,0.0968356842235174
2021-11-03,1353.8074951171875,64063.93359375,1178.0400390625,1594839.4344309568,1601598.33984375,-0.42201001616001266
2021-11-04,1355.628173828125,64245.921875,1179.3399658203125,1598746.4841875136,1606148.046875,-0.4608269270001131
2021-11-05,1360.6356201171875,63881.9453125,1185.8299560546875,1613482.477610007,1597048.6328125,1.0290134226260905
2021-11-08,1367.0087890625,64245.921875,1180.5,1613753.8754882812,1606148.046875,0.4735446790275377
2021-11-09,1360.6356201171875,64154.921875,1199.8599853515625,1632572.2352226228,1603873.046875,1.7893678307981054
2021-11-10,1359.270263671875,63881.9453125,1177.5,1600540.7354736328,1597048.6328125,0.21865975709098873
2021-11-11,1355.628173828125,63608.9296875,1184.1400146484375,1605253.5656146705,1590223.2421875,0.945170654561367
2021-11-12,1375.202392578125,64245.921875,1183.1099853515625,1627015.6825385392,1606148.046875,1.2992348808779086
2021-11-15,1387.9486083984375,64973.92578125,1179.1099853515625,1636544.0633174032,1624348.14453125,0.7508192641592082
2021-11-16,1376.568115234375,64882.91796875,1183.510009765625,1629182.1435040832,1622072.94921875,0.43827833321288256
2021-11-17,1359.270263671875,64336.921875,1184.050048828125,1609444.022071302,1608423.046875,0.06347678232325737
2021-11-18,1349.2552490234375,63881.9453125,1181.22998046875,1593780.7514513135,1597048.6328125,-0.20462002809717994
2021-11-19,1370.650634765625,64791.94140625,1182.9000244140625,1621342.669327408,1619798.53515625,0.09532877932927342
2021-11-22,1442.119140625,68158.921875,1191.6300048828125,1718472.438584566,1703973.046875,0.850916728768536
2021-11-23,1440.298095703125,68522.921875,1189.5,1713234.5848388672,1713073.046875,0.009429718374343032
2021-11-24,1426.1866455078125,68067.921875,1189.949951171875,1697090.7291840017,1701698.046875,-0.2707482505171388
2021-11-25,1412.5301513671875,67066.9375,1187.8800048828125,1677916.3231031746,1676673.4375,0.07412806664532923
2021-11-26,1360.6356201171875,65792.9296875,1190.219970703125,1619455.6879135072,1644823.2421875,-1.5422662826831024
2021-11-29,1379.7548828125,65792.9296875,1194.6099853515625,1648268.9603453875,1644823.2421875,0.20948865929841798
2021-11-30,1363.8218994140625,64882.91796875,1190.739990234375,1623957.2751897275,1622072.94921875,0.11616776988268018
2021-12-01,1447.5816650390625,67703.9296875,1182.8599853515625,1712286.427103296,1692598.2421875,1.16319303808039
2021-12-02,1457.596435546875,68977.921875,1177.1099853515625,1715751.3188950717,1724448.046875,-0.5043195123035638
2021-12-03,1442.574462890625,68795.9296875,1176.77001953125,1697578.3788710833,1719898.2421875,-1.2977432483464058
2021-12-06,1474.8944091796875,69432.9453125,1183.1400146484375,1745006.592881754,1735823.6328125,0.5290261000983731
2021-12-07,1516.31884765625,70433.921875,1180.56005859375,1790105.46763587,1760848.046875,1.6615528416999759
2021-12-08,1502.207275390625,70433.921875,1176.8399658203125,1767857.558625728,1760848.046875,0.3980759022998992
2021-12-09,1507.669921875,71161.921875,1172.56005859375,1767833.5319337845,1779048.046875,-0.6303660522780419
2021-12-10,1490.8271484375,69978.921875,1177.3299560546875,1755195.461155057,1749473.046875,0.3270935948558096
2021-12-13,1463.0589599609375,69887.9140625,1178.969970703125,1724902.579162091,1747197.8515625,-1.276058826450055
2021-12-14,1457.1409912109375,70069.921875,1185.0999755859375,1726857.7531093508,1751748.046875,-1.4208832034978913
2021-12-15,1478.5362548828125,70615.9140625,1184.22998046875,1750926.9602422118,1765397.8515625,-0.8196957590879794
2021-12-16,1484.909423828125,70797.90625,1184.4000244140625,1758726.7578347027,1769947.65625,-0.6339678111764613
2021-12-17,1482.1781005859375,70979.9140625,1186.1500244140625,1758085.5901959985,1774497.8515625,-0.9248960967774611
2021-12-20,1453.0443115234375,70160.9140625,1186.3900146484375,1723877.2620331198,1754022.8515625,-1.7186543209814054
2021-12-21,1490.8271484375,71070.921875,1190.1199951171875,1774263.198619008,1776773.046875,-0.14125879838206012
2021-12-22,1524.0574951171875,72253.921875,1191.27001953125,1815564.001975,1806348.046875,0.5101981933073985
2021-12-23,1535.89306640625,72708.921875,1187.77001953125,1824287.737483263,1817723.046875,0.36114911012152806
2021-12-24,1543.6319580078125,73254.921875,1185.5,1829975.6862182617,1831373.046875,-0.0763012570880961
2021-12-27,1543.6319580078125,72981.921875,1185.9200439453125,1830624.0794760138,1824548.046875,0.33301576307736
2021-12-28,1543.6319580078125,73072.9296875,1185.6500244140625,1830207.26869829,1826823.2421875,0.18524104755410775
2021-12-29,1515.40869140625,72031.75,1187.8499755859375,1800078.1770896316,1800793.75,-0.039736527871025995
2021-12-30,1512.044921875,71574.6953125,1183.6700439453125,1789762.2791230679,1789367.3828125,0.02206904598580639
2021-12-31,1507.9298095703125,71574.6953125,1189.8900146484375,1794270.6231984347,1789367.3828125,0.2740208876629735
2022-01-03,1507.9298095703125,71574.6953125,1187.780029296875,1791088.913389057,1789367.3828125,0.0962088944446382
2022-01-04,1501.9862060546875,71940.34375,1194.6800537109375,1794392.9613225013,1798508.59375,-0.2288358499815346
2022-01-05,1466.779541015625,70751.9921875,1196.5,1755001.7208251953,1768799.8046875,-0.7800817156208617
2022-01-06,1452.148193359375,70294.9453125,1199.25,1741488.7208862305,1757373.6328125,-0.9039006634489755
2022-01-07,1484.1541748046875,71574.6953125,1205.780029296875,1789563.4643770754,1789367.3828125,0.010958150151774149
2022-01-10,1472.2659912109375,71300.453125,1196.8800048828125,1762125.7267493457,1782511.328125,-1.1436449830081963
2022-01-11,1508.84423828125,72123.140625,1198.0899658203125,1807731.1418705583,1803078.515625,0.2580379171089886
2022-01-12,1515.24560546875,72123.140625,1189.4300537109375,1802278.6618979573,1803078.515625,-0.044360449093672205
2022-01-13,1504.2720947265625,71209.0390625,1185.8800048828125,1783886.1990394145,1780225.9765625,0.20560437411334398
2022-01-14,1483.69677734375,70660.6015625,1186.6099853515625,1760569.4112300277,1766515.0390625,-0.33657385875569545
2022-01-17,1486.4403076171875,70843.40625,1188.9599609375,1767318.0100804567,1771085.15625,-0.21270271258552187
2022-01-18,1464.9508056640625,70386.359375,1190.06005859375,1743379.4416255355,1759658.984375,-0.9251532765166215
2022-01-19,1461.2928466796875,69746.4921875,1192.97998046875,1743293.1116910577,1743662.3046875,-0.02117342305616443
2022-01-20,1480.0389404296875,69929.3046875,1188.1600341796875,1758523.118048206,1748232.6171875,0.5886230905164602
2022-01-21,1451.23388671875,69106.59375,1192.4300537109375,1730494.9014871716,1727664.84375,0.16380826104147594
2022-01-24,1395.452392578125,68649.5390625,1191.5,1662681.525756836,1716238.4765625,-3.120600751996583
2022-01-25,1398.1959228515625,67644.03125,1195.6600341796875,1671766.984906599,1691100.78125,-1.1432669511931892
2022-01-26,1416.941650390625,67644.03125,1196.0999755859375,1694803.8734389246,1691100.78125,0.2189752515037835
2022-01-27,1373.5052490234375,65175.9375,1200.6300048828125,1649071.6138415784,1629398.4375,1.207388928871378
2022-01-28,1371.21923828125,67004.15625,1203.4599609375,1650207.4509387016,1675103.90625,-1.4862633427339622
2022-01-31,1411.912353515625,67004.15625,1207.7099609375,1705180.6133115292,1675103.90625,1.7955129200827313
2022-02-01,1430.201416015625,67004.15625,1205.1199951171875,1723564.3234853446,1675103.90625,2.8929797760326004
2022-02-02,1428.8297119140625,67004.15625,1202.5,1718167.7285766602,1675103.90625,2.5708149904005495
2022-02-03,1404.1395263671875,67004.15625,1199.9599609375,1684911.21121037,1675103.90625,0.5854744248269039
2022-02-04,1397.7386474609375,67644.03125,1200.3299560546875,1677747.5692827255,1691100.78125,-0.7896165690021384
2022-02-07,1396.3668212890625,66729.9296875,1197.0899658203125,1671576.7103695422,1668248.2421875,0.19951875853188028
2022-02-08,1395.9095458984375,66729.9296875,1196.8499755859375,1670694.305928722,1668248.2421875,0.1466246856651532
2022-02-09,1433.859375,66729.9296875,1196.3599853515625,1715411.9808712006,1668248.2421875,2.827141518330434
2022-02-10,1448.49072265625,68923.8046875,1194.030029296875,1729541.4200094938,1723095.1171875,0.3741118384988251
2022-02-11,1430.65869140625,68466.734375,1199.3499755859375,1715860.4666098952,1711668.359375,0.24491352030517888
2022-02-14,1413.2840576171875,67369.8046875,1199.239990234375,1694866.7594552338,1684245.1171875,0.630647057209277
2022-02-15,1419.2281494140625,67369.8046875,1197.3599853515625,1699326.996192947,1684245.1171875,0.8954681745274806
2022-02-16,1427.0008544921875,68375.3125,1196.8299560546875,1707877.3699718863,1709382.8125,-0.0880693614739192
2022-02-17,1425.1719970703125,68558.140625,1196.75,1705574.5874938965,1713953.515625,-0.48886554125991966
2022-02-18,1409.169189453125,67918.2734375,1198.6600341796875,1689114.7887948453,1697956.8359375,-0.520746284917939
2022-02-21,1402.7679443359375,67918.2734375,1195.0699462890625,1676405.8118935674,1697956.8359375,-1.2692327383006519
2022-02-22,1404.5966796875,67918.2734375,1194.6800537109375,1678043.636731267,1697956.8359375,-1.1727741709781636
2022-02-23,1390.4229736328125,67918.2734375,1192.6800537109375,1658329.7468733042,1697956.8359375,-2.333810154974658
2022-02-24,1348.35791015625,65358.76171875,1192.4000244140625,1607782.0049892068,1633969.04296875,-1.602664266635312
2022-02-25,1381.7357177734375,65724.3984375,1206.0,1666373.2756347656,1643109.9609375,1.4158099731799156
2022-02-28,1375.7916259765625,65724.3984375,1197.5899658203125,1647634.2463291436,1643109.9609375,0.2753489114667884
2022-03-01,1371.21923828125,65724.3984375,1200.9300537109375,1646738.3934785724,1643109.9609375,0.22082712827096174
2022-03-02,1361.1605224609375,65541.5859375,1205.3699951171875,1640702.0523124486,1638539.6484375,0.13197140984722022
2022-03-03,1357.04541015625,66638.5078125,1203.1500244140625,1632729.2183604836,1665962.6953125,-1.994851207984727
2022-03-04,1325.4969482421875,66638.5078125,1205.989990234375,1598536.0516662896,1665962.6953125,-4.04730813216454
2022-03-07,1301.263916015625,64079.0078125,1216.7099609375,1583260.7684247494,1601975.1953125,-1.1682095292430472
2022-03-08,1279.7742919921875,63530.53515625,1232.300048828125,1577065.9225109518,1588263.37890625,-0.7050125655487571
2022-03-09,1326.8685302734375,63530.53515625,1233.1099853515625,1636174.8339289278,1588263.37890625,3.016593825620517
2022-03-10,1292.5765380859375,63530.53515625,1223.22998046875,1581118.3734372258,1588263.37890625,-0.44986275978639023
2022-03-11,1278.85986328125,63987.60546875,1228.5999755859375,1571207.1968051791,1599690.13671875,-1.7805285698638151
2022-03-14,1277.488037109375,64170.42578125,1236.8900146484375,1580112.1969334185,1604260.64453125,-1.5052695882150413
2022-03-15,1281.145751953125,64170.42578125,1242.050048828125,1591247.1437693238,1604260.64453125,-0.8111836942636286
2022-03-16,1321.8389892578125,64353.23828125,1241.6800537109375,1641301.107178852,1608830.95703125,2.0182449874981634
2022-03-17,1347.4437255859375,64353.23828125,1223.0,1647923.6763916016,1608830.95703125,2.429883586557091
2022-03-18,1334.18408203125,64627.46875,1210.3299560546875,1614802.9613737464,1615686.71875,-0.054698560432386856
2022-03-21,1304.921630859375,63896.1796875,1210.3699951171875,1579437.987971574,1597404.4921875,-1.1247310436270586
2022-03-22,1314.5234375,64261.81640625,1219.780029296875,1603429.4371051788,1606545.41015625,-0.1939548693347004
2022-03-23,1308.5792236328125,64444.64453125,1214.949951171875,1589858.2638572156,1611116.11328125,-1.3194486262532612
2022-03-24,1312.237060546875,63804.7890625,1218.010009765625,1598317.8749315143,1595119.7265625,0.2004958195775286
2022-03-25,1293.9482421875,63804.7890625,1217.550048828125,1575446.7454564571,1595119.7265625,-1.233323165555622
2022-03-28,1304.46435546875,63713.35546875,1224.3800048828125,1597160.073918283,1592833.88671875,0.27160316186172206
2022-03-29,1331.4407958984375,64170.42578125,1223.6600341796875,1629230.8898173124,1604260.64453125,1.5564955340133357
2022-03-30,1320.00390625,64226.47265625,1209.1300048828125,1596056.329609394,1605661.81640625,-0.5982260211153778
2022-03-31,1303.9232177734375,63950.8203125,1210.43994140625,1578320.7433199286,1598770.5078125,-1.2790931777038828
2022-04-01,1308.05810546875,63491.3984375,1214.5,1588636.5690917969,1587284.9609375,0.08515220565679105
2022-04-04,1311.2745361328125,63675.15234375,1218.780029296875,1598155.2175641954,1591878.80859375,0.3942768090486659
2022-04-05,1292.43701171875,63583.28515625,1213.9000244140625,1568889.3200790286,1589582.12890625,-1.3017766399688657
2022-04-06,1280.9505615234375,62940.1015625,1218.75,1561158.4968566895,1573502.5390625,-0.7844945844933449
2022-04-07,1269.4644775390625,62480.68359375,1217.5999755859375,1545699.9168587774,1562017.08984375,-1.0446219245017874
2022-04-08,1257.5185546875,62296.90625,1222.6600341796875,1537517.67905581,1557422.65625,-1.2780716342035037
2022-04-11,1252.464599609375,62388.79296875,1228.239990234375,1538327.1075931191,1559719.82421875,-1.3715743233786437
2022-04-12,1256.1402587890625,61561.84375,1235.050048828125,1551396.0879524052,1539046.09375,0.8024447255061462
2022-04-13,1277.27490234375,63123.87109375,1228.5999755859375,1569259.913836062,1578096.77734375,-0.5599696821231848
2022-04-14,1250.1673583984375,62021.2578125,1223.1199951171875,1529104.693299964,1550531.4453125,-1.3818972893011816
2022-04-15,1250.1673583984375,61194.31640625,1230.0999755859375,1537830.837044254,1529857.91015625,0.5211547317613086
2022-04-18,1250.1673583984375,61286.1953125,1228.0899658203125,1535317.9884452075,1532154.8828125,0.20644816448982528
2022-04-19,1243.275634765625,61837.5078125,1235.3499755859375,1535880.5250543058,1545937.6953125,-0.6505546949717944
2022-04-20,1253.3834228515625,61929.3828125,1239.5999755859375,1553694.0603666157,1548234.5703125,0.3526268020881185
2022-04-21,1252.464599609375,62205.02734375,1234.0899658203125,1545653.994923085,1555125.68359375,-0.6090625838534702
2022-04-22,1226.7352294921875,61561.84375,1242.489990234375,1524206.2433119118,1539046.09375,-0.9642239110545292
2022-04-25,1208.3572998046875,60918.6640625,1243.1600341796875,1502181.5021264702,1522966.6015625,-1.3647771011330856
2022-04-26,1187.6817626953125,60734.89453125,1249.2099609375,1483663.8883827925,1518372.36328125,-2.285900068903479
2022-04-27,1173.4388427734375,59724.19140625,1260.7099609375,1479366.0376354456,1493104.78515625,-0.9201462387227299
2022-04-28,1171.6009521484375,59540.41015625,1266.280029296875,1483574.88801077,1488510.25390625,-0.33156411805214114
2022-04-29,1216.167724609375,61929.3828125,1272.2900390625,1547318.0818498135,1548234.5703125,-0.05919571105440502
2022-05-02,1216.167724609375,61837.5078125,1262.530029296875,1535448.272980988,1545937.6953125,-0.6785152055815313
2022-05-03,1227.1947021484375,62021.2578125,1266.75,1554548.8889465332,1550531.4453125,0.2591010744205535
2022-05-04,1220.302978515625,62388.79296875,1261.06005859375,1538875.3455890417,1559719.82421875,-1.3364245492070381
2022-05-05,1203.303466796875,62388.79296875,1251.5,1505934.288696289,1559719.82421875,-3.4484100725847733
2022-05-06,1197.7899169921875,61102.4296875,1268.699951171875,1519636.0092021525,1527560.7421875,-0.5187834936108082
2022-05-09,1171.1414794921875,61102.4296875,1270.1300048828125,1487501.9330658764,1527560.7421875,-2.622403680279095
2022-05-10,1173.4388427734375,60367.36328125,1274.8599853515625,1495970.225909099,1509184.08203125,-0.8755629137279342
2022-05-11,1180.3306884765625,60367.36328125,1276.550048828125,1506751.1980080903,1509184.08203125,-0.16120525336347225
2022-05-12,1159.6551513671875,59632.29296875,1278.1500244140625,1482213.260031864,1490807.32421875,-0.5764704832926459
2022-05-13,1202.384521484375,61102.4296875,1290.75,1551977.821105957,1527560.7421875,1.5984358751908845
2022-05-16,1184.9254150390625,60918.6640625,1277.5699462890625,1513825.0988480002,1522966.6015625,-0.6002431507769801
2022-05-17,1225.81640625,62113.1484375,1279.8499755859375,1568861.0976119041,1552828.7109375,1.0324633078637957
2022-05-18,1206.5191650390625,62572.55859375,1266.6600341796875,1528249.606826827,1564313.96484375,-2.3054424385021255
2022-05-19,1228.11376953125,62021.2578125,1275.5799560546875,1566557.3081688285,1550531.4453125,1.033572257097859
2022-05-20,1218.0059814453125,62480.68359375,1263.550048828125,1539011.517328173,1562017.08984375,-1.4728118319037309
2022-05-23,1239.599853515625,62388.79296875,1273.2099609375,1578270.8810727596,1559719.82421875,1.1893839243404924
2022-05-24,1198.7088623046875,61102.4296875,1258.8199462890625,1508958.62566261,1527560.7421875,-1.2177660770629317
2022-05-25,1195.951904296875,61010.54296875,1260.989990234375,1508083.3801200986,1525263.57421875,-1.1263754271094606
2022-05-26,1201.0059814453125,60551.13671875,1266.5999755859375,1521194.1467771977,1513778.41796875,0.48988205409867813
2022-05-27,1219.3837890625,61102.4296875,1258.8900146484375,1535070.0760749578,1527560.7421875,0.49158987135951016
2022-05-30,1245.11328125,62205.02734375,1251.5899658203125,1558371.2891221046,1555125.68359375,0.20870374417933935
2022-05-31,1232.7078857421875,61929.3828125,1236.1700439453125,1523836.5612896532,1548234.5703125,-1.5758599821164232
2022-06-01,1222.140625,61929.3828125,1241.739990234375,1517580.887752533,1548234.5703125,-1.9799120332121167
2022-06-02,1222.140625,61286.1953125,1246.949951171875,1523948.1926689148,1532154.8828125,-0.5356305838036812
2022-06-03,1222.140625,61378.07421875,1240.8399658203125,1516480.9313526154,1534451.85546875,-1.1711624611803084
2022-06-06,1210.195068359375,61378.07421875,1250.530029296875,1513385.2742903829,1534451.85546875,-1.3729059731190874
2022-06-07,1191.817138671875,60183.59765625,1254.47998046875,1495110.7408434153,1504589.94140625,-0.6300188710536725
2022-06-08,1189.5196533203125,59999.83203125,1254.5799560546875,1492347.5143887848,1499995.80078125,-0.5098871869162358
2022-06-09,1170.682373046875,59907.94140625,1256.739990234375,1471243.3540704846,1497698.53515625,-1.7663889270617017
2022-06-10,1123.818115234375,58621.578125,1264.02001953125,1420528.5959681273,1465539.453125,-3.0712825274608058
2022-06-13,1086.1431884765625,57059.55859375,1278.280029296875,1388395.1467864215,1426488.96484375,-2.6704600593598693
2022-06-14,1087.9808349609375,56875.796875,1291.800048828125,1405453.6957266033,1421894.921875,-1.156289814068423
2022-06-15,1079.2513427734375,55773.19140625,1289.47998046875,1391673.0004003644,1394329.78515625,-0.19054206430710874
2022-06-16,1048.0089111328125,55956.9609375,1278.1600341796875,1339523.1056741327,1398924.0234375,-4.24618612363269
2022-06-17,1036.5225830078125,54946.25,1288.1800537109375,1335227.7166516036,1373656.25,-2.7975363813469656
2022-06-20,1044.3331298828125,53935.52734375,1290.5,1347711.9041137695,1348388.18359375,-0.05015465785068729
2022-06-21,1044.3331298828125,53751.76171875,1292.3800048828125,1349675.255497232,1343794.04296875,0.4376572853001415
2022-06-22,1028.2523193359375,52924.8125,1291.5999755859375,1328090.6705504805,1323120.3125,0.37565427750776426
2022-06-23,1013.5499267578125,52741.046875,1297.6800537109375,1315263.523393795,1318526.171875,-0.24744662266092954
2022-06-24,1040.1981201171875,53659.87890625,1299.81005859375,1352059.97945863,1341496.97265625,0.7874044457562013
2022-06-27,1053.0626220703125,54027.41796875,1288.2900390625,1356650.0865222216,1350685.44921875,0.44160076699735207
2022-06-28,1047.089599609375,54578.71875,1286.199951171875,1346766.5918901563,1364467.96875,-1.2973098134403283
2022-06-29,1028.025390625,53618.20703125,1292.030029296875,1328239.67556715,1340455.17578125,-0.9112949418081384
2022-06-30,1008.6113891601562,52693.75390625,1301.72998046875,1312939.683912009,1317343.84765625,-0.33432150247459935
2022-07-01,987.8102416992188,51954.1953125,1287.7099609375,1272013.0877521634,1298854.8828125,-2.0665738271094747
2022-07-04,1008.6113891601562,52786.1953125,1297.8900146484375,1309066.650651656,1319654.8828125,-0.8023485760366267
2022-07-05,986.8858642578125,52878.64453125,1295.6800537109375,1278688.3296081275,1321966.11328125,-3.2737438001116947
2022-07-06,994.7439575195312,52139.0859375,1308.6600341796875,1301781.6614475474,1303477.1484375,-0.130074162940641
2022-07-07,1039.119140625,53803.09765625,1304.8499755859375,1355894.5852754116,1345077.44140625,0.8042023110470531
2022-07-08,1050.675048828125,54265.32421875,1297.6500244140625,1363408.5027630627,1356633.10546875,0.49942738880544013
2022-07-11,1028.4876708984375,54357.77734375,1293.7900390625,1330647.103906989,1358944.43359375,-2.0823021889076143
2022-07-12,1028.9498291015625,53710.65234375,1310.8599853515625,1348809.157903567,1342766.30859375,0.4500298578496098
2022-07-13,1018.7803344726562,53618.20703125,1305.8299560546875,1330353.8793938085,1340455.17578125,-0.7535721126634587
2022-07-14,998.4417114257812,53155.98046875,1304.8499755859375,1302816.6427779123,1328899.51171875,-1.9627420065120638
2022-07-15,1049.7508544921875,55467.11328125,1316.1800537109375,1381661.1360486299,1386677.83203125,-0.3617780472679466
2022-07-18,1083.0321044921875,57223.57421875,1318.1199951171875,1427566.2722849995,1430589.35546875,-0.21131732682017068
2022-07-19,1085.8055419921875,56299.1171875,1318.9100341796875,1432079.8245014101,1407477.9296875,1.7479417826020471
2022-07-20,1072.4005126953125,55929.34375,1305.5,1400018.8693237305,1398233.59375,0.12768078107339154
2022-07-21,1088.5791015625,57131.125,1312.8699951171875,1429162.8397530317,1428278.125,0.06194275033315488
2022-07-22,1084.4189453125,56668.8984375,1306.8499755859375,1417172.8722065687,1416722.4609375,0.031792484518855524
2022-07-25,1074.24951171875,56484.0078125,1309.3199462890625,1406536.3129846454,1412100.1953125,-0.3940146985549675
2022-07-26,1080.258544921875,57038.68359375,1310.4000244140625,1415570.8236391246,1425967.08984375,-0.7290677518907218
2022-07-27,1083.0321044921875,57131.125,1310.9000244140625,1419746.812220022,1428278.125,-0.5973145307380467
2022-07-28,1102.9083251953125,57223.57421875,1305.949951171875,1440343.0734358728,1430589.35546875,0.6817971858826599
2022-07-29,1077.947509765625,56761.34375,1295.1500244140625,1396103.743590027,1419033.59375,-1.6158778947140684
2022-08-01,1087.6546630859375,56668.8984375,1302.280029296875,1416430.9465084374,1416722.4609375,-0.020576678714456786
2022-08-02,1086.72998046875,57038.68359375,1306.75,1420084.401977539,1425967.08984375,-0.4125402267772915
2022-08-03,1084.4189453125,56668.8984375,1314.6300048828125,1425609.6833711863,1416722.4609375,0.6273086422167173
2022-08-04,1087.1922607421875,56853.7890625,1307.3800048828125,1421373.423157677,1421344.7265625,0.002018975034046022
2022-08-05,1083.0321044921875,56853.7890625,1302.0799560546875,1410194.3950230032,1421344.7265625,-0.7844917092325487
2022-08-08,1078.8717041015625,56206.66796875,1302.739990234375,1405489.313265413,1405166.69921875,0.022959129820132596
2022-08-09,1052.0616455078125,55467.11328125,1299.030029296875,1366659.6701861322,1386677.83203125,-1.4436058169181587
2022-08-10,1057.608642578125,54635.1015625,1307.56005859375,1382886.8186587095,1365877.5390625,1.2453004833716141
2022-08-11,1055.2977294921875,55374.671875,1296.699951171875,1368404.51430431,1384366.796875,-1.1530385304474478
2022-08-12,1061.76904296875,55652.00390625,1306.8299560546875,1387551.5917630792,1391300.09765625,-0.2694246841127623
2022-08-15,1062.693359375,55652.00390625,1301.3800048828125,1382967.88921237,1391300.09765625,-0.5988793113661295
2022-08-16,1073.3248291015625,56391.57421875,1313.1800537109375,1409468.7567288727,1409789.35546875,-0.022740896619322104
2022-08-17,1045.5902099609375,55836.89453125,1311.0,1370768.765258789,1395922.36328125,-1.8019338814327046
2022-08-18,1070.551513671875,56853.7890625,1314.8299560546875,1407593.1996754706,1421344.7265625,-0.9675011719561755
2022-08-19,1038.6568603515625,56299.1171875,1326.9100341796875,1378204.2100700587,1407477.9296875,-2.079870596901001
2022-08-22,1016.469482421875,55467.11328125,1334.8599853515625,1356844.4384159744,1386677.83203125,-2.151429331755794
2022-08-23,1022.0162963867188,54635.1015625,1343.3599853515625,1372935.7969431207,1365877.5390625,0.5167562741726694
2022-08-24,1023.4031372070312,54542.66015625,1339.0799560546875,1370418.6279974207,1363566.50390625,0.5025148440902072
2022-08-25,1028.025390625,55189.78125,1340.0,1377554.0234375,1379744.53125,-0.1587618405354707
2022-08-26,1020.6293334960938,55467.11328125,1334.43994140625,1361968.5479880273,1386677.83203125,-1.7819051745442405
2022-08-29,1020.6293334960938,54172.88671875,1341.1800537109375,1368847.7043172494,1354322.16796875,1.0725318312027055
2022-08-30,993.8193969726562,54357.77734375,1345.72998046875,1337412.5576774776,1358944.43359375,-1.584455948602037
2022-08-31,1012.7711181640625,55189.78125,1350.18994140625,1367433.3766918778,1379744.53125,-0.8922778296478362
2022-09-01,985.4989624023438,53987.984375,1342.260009765625,1322795.8468981832,1349699.609375,-1.9933148301995107
2022-09-02,985.0367431640625,53155.98046875,1355.0999755859375,1334823.2666128725,1328899.51171875,0.44576394542135134
2022-09-05,957.7646484375,52786.1953125,1361.510009765625,1304006.155847311,1319654.8828125,-1.1858196539869414
2022-09-06,948.5195922851562,52786.1953125,1361.81005859375,1291703.5215471685,1319654.8828125,-2.1180811460160265
2022-09-07,938.350341796875,51769.3046875,1378.1099853515625,1293149.975788325,1294232.6171875,-0.08365122195170827
2022-09-08,932.3413696289062,51399.51953125,1374.31005859375,1281326.1223240793,1284987.98828125,-0.28497277722172587
2022-09-09,949.4442138671875,51399.51953125,1383.0,1313081.3477783203,1284987.98828125,2.186274093865026
2022-09-12,954.9910888671875,51399.51953125,1379.06005859375,1316990.0669696927,1284987.98828125,2.4904574190804274
2022-09-13,941.123779296875,53710.65234375,1375.81005859375,1294807.561938405,1342766.30859375,-3.5716376221541557
2022-09-14,939.2750244140625,52508.8671875,1393.469970703125,1308851.5407524407,1312721.6796875,-0.2948179339873902
2022-09-15,923.3738403320312,51769.3046875,1391.1800537109375,1284579.2687883899,1294232.6171875,-0.7458742942275554
2022-09-16,940.1994018554688,51954.1953125,1398.6300048828125,1314991.0940079316,1298854.8828125,1.242341343052189
2022-09-19,940.1994018554688,52139.0859375,1385.22998046875,1302392.3990689814,1303477.1484375,-0.0832196690075393
2022-09-20,911.5404052734375,51584.4140625,1390.1099853515625,1267141.4194220155,1289610.3515625,-1.7423039535361173
2022-09-21,915.2384643554688,51122.1875,1392.510009765625,1274478.7229375094,1278054.6875,-0.2797974607397724
2022-09-22,889.5377807617188,50290.17578125,1397.56005859375,1243182.473002702,1257254.39453125,-1.119258090467401
2022-09-23,873.2666625976562,50382.62109375,1403.6600341796875,1225769.5134698078,1259565.52734375,-2.683148525445378
2022-09-26,866.0557861328125,49827.95703125,1421.81005859375,1231366.8280269504,1245698.92578125,-1.1505266206528364
2022-09-27,874.5611572265625,50105.296875,1429.77001953125,1250421.3228490949,1252632.421875,-0.17651619000851326
2022-09-28,855.7015380859375,48903.50390625,1426.260009765625,1220452.8840669096,1222587.59765625,-0.17460618719122856
2022-09-29,844.7118530273438,48960.28125,1421.949951171875,1201137.9781665355,1224007.03125,-1.8683759569673275
2022-09-30,858.6818237304688,49425.6796875,1430.1700439453125,1228061.0215796456,1235641.9921875,-0.6135248442336927
2022-10-03,866.318603515625,49425.6796875,1439.22998046875,1246831.7068175077,1235641.9921875,0.9055790189032242
2022-10-04,918.2865600585938,51380.37109375,1433.3399658203125,1316216.826607637,1284509.27734375,2.4684562286272804
2022-10-05,904.1304321289062,52125.01953125,1416.530029296875,1280727.9075117558,1303125.48828125,-1.7187585517213222
2022-10-06,921.0806274414062,52404.2578125,1416.760009765625,1304950.1987288147,1310106.4453125,-0.393574629155824
2022-10-07,908.6007690429688,52311.17578125,1408.449951171875,1279718.7087932974,1307779.39453125,-2.1456742517349747
2022-10-10,885.690185546875,52311.17578125,1415.97998046875,1254119.5716320276,1307779.39453125,-4.103124970741401
2022-10-11,891.0919189453125,51566.52734375,1428.3499755859375,1272791.1206703633,1289163.18359375,-1.2699759915379305
2022-10-12,894.4446411132812,51938.85546875,1430.800048828125,1279771.4361789376,1298471.38671875,-1.4401511447292958
2022-10-13,896.8660278320312,51380.37109375,1423.9000244140625,1277047.5589261726,1284509.27734375,-0.5809003133872004
2022-10-14,901.3363037109375,52404.2578125,1430.300048828125,1289181.3592083156,1310106.4453125,-1.597205034678928
2022-10-17,921.8256225585938,52683.50390625,1440.760009765625,1328129.4929597229,1317087.59765625,0.8383569417191206
2022-10-18,908.228271484375,52590.421875,1430.1500244140625,1298902.6846369207,1314760.546875,-1.2061407132858637
2022-10-19,895.1896362304688,51938.85546875,1425.02001953125,1275663.1529053152,1298471.38671875,-1.7565449687013457
2022-10-20,908.9732666015625,51659.6171875,1435.010009765625,1304385.7361826003,1291490.4296875,0.9984825437862943
2022-10-21,910.649658203125,52031.9375,1430.31005859375,1302511.3659828901,1300798.4375,0.1316828521244373
2022-10-24,920.1492919921875,53521.21484375,1428.1099853515625,1314074.3919082135,1338030.37109375,-1.79039128730345
2022-10-25,941.5697631835938,53707.38671875,1443.9599609375,1359589.0384665132,1342684.66796875,1.2589978049974082
2022-10-26,972.3034057617188,55289.75,1426.9300537109375,1387408.9510068968,1382243.75,0.3736823557275448
2022-10-27,969.0437622070312,55382.82421875,1412.68994140625,1368958.375652343,1384570.60546875,-1.1275863978869705
2022-10-28,941.5697631835938,53335.06640625,1420.6500244140625,1337641.1070543155,1333376.66015625,0.3198231246650085
2022-10-31,962.5243530273438,55289.75,1421.6500244140625,1368372.769980453,1382243.75,-1.0035118639203144
2022-11-01,976.0286254882812,55848.234375,1424.6700439453125,1390518.7447662726,1396205.859375,-0.407326367422145
2022-11-02,965.7839965820312,55475.90625,1416.5999755859375,1368129.5859793946,1386897.65625,-1.3532411844542236
2022-11-03,962.058837890625,55103.58984375,1423.0999755859375,1369105.9087143838,1377589.74609375,-0.6158464378399064
2022-11-04,983.4793090820312,55289.75,1423.6500244140625,1400130.342385359,1382243.75,1.294025918754138
2022-11-07,1006.2965087890625,56034.38671875,1402.1099853515625,1410938.383197561,1400859.66796875,0.7194664433037179
2022-11-08,1051.00048828125,57523.67578125,1392.699951171875,1463728.3287109137,1438091.89453125,1.7826700975892784
2022-11-09,1049.603515625,57709.83984375,1374.1500244140625,1442312.6966211796,1442745.99609375,-0.030032970026849792
2022-11-10,1061.244873046875,56220.55078125,1370.550048828125,1454489.2125729918,1405513.76953125,3.4845224645558392
2022-11-11,1108.27685546875,58547.5703125,1349.3699951171875,1495475.535052359,1463689.2578125,2.171654746401841
2022-11-14,1087.322021484375,57616.765625,1313.030029296875,1427686.4657247663,1440419.140625,-0.8839562417026103
2022-11-15,1111.07080078125,58082.15625,1324.0799560546875,1471146.577072084,1452053.90625,1.3148734175711052
2022-11-16,1080.8028564453125,58361.40234375,1316.260009765625,1422617.5783794224,1459035.05859375,-2.4959976115603077
2022-11-17,1058.4510498046875,57151.35546875,1336.4300537109375,1414545.7933408767,1428783.88671875,-0.9965183335438943
2022-11-18,1068.6954345703125,57523.67578125,1342.75,1434990.794769287,1438091.89453125,-0.21563988878288143
2022-11-21,1040.756103515625,57151.35546875,1339.030029296875,1393603.6757814288,1428783.88671875,-2.462248578272652
2022-11-22,1044.9468994140625,56406.71484375,1359.75,1420866.5464782715,1410167.87109375,0.7586809771962466
2022-11-23,1055.6571044921875,56779.0390625,1352.68994140625,1427976.7468206286,1419475.9765625,0.5988667929917924
2022-11-24,1075.680419921875,57151.35546875,1336.81005859375,1437980.4051839113,1428783.88671875,0.6436605669092099
2022-11-25,1057.0538330078125,56779.0390625,1317.8900146484375,1393080.691466853,1419475.9765625,-1.859509109803159
2022-11-28,1042.61865234375,55941.3125,1334.56005859375,1391437.2097628117,1398532.8125,-0.5073604761910655
2022-11-29,1048.672119140625,56406.71484375,1340.1199951171875,1405346.475182265,1410167.87109375,-0.3419022664121085
2022-11-30,1083.1312255859375,57896.00390625,1325.3699951171875,1435549.6271661073,1447400.09765625,-0.818741860618355
2022-12-01,1106.8797607421875,58268.32421875,1279.800048828125,1416584.7718447149,1456708.10546875,-2.754383906659452
2022-12-02,1076.146240234375,56220.55078125,1303.25,1402487.5875854492,1405513.76953125,-0.21530788323831374
2022-12-05,1070.0928955078125,56127.46875,1299.1700439453125,1390232.6340824515,1403186.71875,-0.9231903704938427
2022-12-06,1042.15283203125,55103.58984375,1304.3699951171875,1359352.8844279647,1377589.74609375,-1.3238238537632285
2022-12-07,1030.0457763671875,54824.34765625,1319.7099609375,1359361.6712933779,1370608.69140625,-0.8205857866939836
2022-12-08,1045.4124755859375,55103.58984375,1314.0999755859375,1373776.508644715,1377589.74609375,-0.27680501105991073
2022-12-09,1072.4207763671875,56220.55078125,1316.6300048828125,1411981.3720247597,1405513.76953125,0.46015931211165206
2022-12-12,1057.9852294921875,55382.82421875,1303.1700439453125,1378734.6580108255,1384570.60546875,-0.42149872566077384
2022-12-13,1085.459228515625,55569.0,1305.9200439453125,1417522.96340397,1389225.0,2.0369604206640357
2022-12-14,1083.1312255859375,56313.6328125,1288.97998046875,1396134.466000855,1407840.8203125,-0.8315112150993453
2022-12-15,1030.5111083984375,55196.6640625,1295.6800537109375,1335212.6882794052,1379916.6015625,-3.2396097874665686
2022-12-16,1046.3438720703125,55382.82421875,1317.0999755859375,1378139.488358304,1384570.60546875,-0.46448459074925896
2022-12-19,1055.1912841796875,55382.82421875,1308.8599853515625,1381097.6487545222,1384570.60546875,-0.2508327636388086
2022-12-20,1063.573486328125,54545.11328125,1301.3299560546875,1384060.0382243097,1363627.83203125,1.4983711620658369
2022-12-21,1055.6571044921875,53986.6171875,1283.6400146484375,1355083.7010740787,1349665.4296875,0.4014529280662815
2022-12-22,1050.0692138671875,55010.5078125,1280.77001953125,1344897.167553842,1375262.6953125,-2.207980181688707
2022-12-23,1051.46630859375,54079.7109375,1290.199951171875,1356601.780006528,1351992.7734375,0.3409046749051292
2022-12-26,1051.46630859375,53893.546875,1279.239990234375,1345077.750337243,1347338.671875,-0.16780647545806548
2022-12-27,1051.46630859375,54079.7109375,1275.1300048828125,1340756.2392112613,1351992.7734375,-0.8311090448856029
2022-12-28,1033.30517578125,53012.8984375,1272.280029296875,1314653.5393155813,1325322.4609375,-0.8050057202208527
2022-12-29,1032.3040771484375,51795.28125,1274.3199462890625,1315485.676145777,1294882.03125,1.5911599974777424
2022-12-30,1035.584228515625,51795.28125,1260.260009765625,1305105.3899422288,1294882.03125,0.7895204694716274
2023-01-02,1035.584228515625,51982.60546875,1260.9100341796875,1305778.544973582,1299565.13671875,0.47811441529741483
2023-01-03,1008.8743286132812,51888.94140625,1270.0999755859375,1281371.2601410076,1297223.53515625,-1.2220156808466331
2023-01-04,1065.5738525390625,54136.8359375,1279.0799560546875,1362954.1564786881,1353420.8984375,0.7043823582297382
2023-01-05,1055.2650146484375,54511.484375,1271.0799560546875,1341326.208445385,1362787.109375,-1.574780153259392
2023-01-06,1098.8436279296875,55260.78125,1274.1800537109375,1400124.6328553706,1381519.53125,1.3467128900115366
2023-01-09,1156.4803466796875,56853.04296875,1252.8800048828125,1448931.1023949236,1421326.07421875,1.9422023332223093
2023-01-10,1136.7994384765625,56572.05859375,1239.280029296875,1408812.8414199054,1414301.46484375,-0.3880801625593233
2023-01-11,1133.9879150390625,56665.72265625,1240.1600341796875,1406326.4914741963,1416643.06640625,-0.7282409505045551
2023-01-12,1143.8284912109375,56665.72265625,1241.5999755859375,1420177.4267619997,1416643.06640625,0.24948841663523513
2023-01-13,1143.8284912109375,56946.70703125,1239.1300048828125,1417352.203899309,1423667.67578125,-0.4436057648408265
2023-01-16,1151.3260498046875,57227.69921875,1236.5899658203125,1423718.240576014,1430692.48046875,-0.48747302358442823
2023-01-17,1152.262939453125,57134.03515625,1240.7099609375,1429624.1065986156,1428350.87890625,0.08913970027732976
2023-01-18,1148.98291015625,56572.05859375,1237.0,1421291.8598632812,1414301.46484375,0.49426485040822143
2023-01-19,1158.354736328125,57602.33984375,1237.8800048828125,1433904.1666618884,1440058.49609375,-0.42736662771377665
2023-01-20,1176.160888671875,57883.33203125,1232.1800537109375,1449241.986976415,1447083.30078125,0.14917497797117818
2023-01-23,1211.3055419921875,57883.33203125,1230.030029296875,1489942.1913041174,1447083.30078125,2.9617431491144153
2023-01-24,1201.465087890625,57883.33203125,1229.280029296875,1476937.03844136,1447083.30078125,2.063028275151302
2023-01-25,1197.71630859375,59288.2734375,1232.6600341796875,1476377.025888741,1482206.8359375,-0.39331960340552863
2023-01-26,1215.522705078125,59756.58203125,1232.5899658203125,1498241.08950606,1493914.55078125,0.28961085642731366
2023-01-27,1231.9232177734375,60505.87890625,1231.8499755859375,1517544.5857379586,1512646.97265625,0.32377766724434043
2023-01-30,1202.8707275390625,59288.2734375,1228.949951171875,1478267.9218752086,1482206.8359375,-0.26574658588724986
2023-01-31,1155.0745849609375,57508.6875,1231.5,1422474.3513793945,1437717.1875,-1.0602110243330132
2023-02-01,1176.160888671875,57134.03515625,1232.1500244140625,1449206.6676919162,1428350.87890625,1.4601306369228073
2023-02-02,1219.2716064453125,59475.59375,1221.949951171875,1489888.8799611032,1486889.84375,0.2016986143061894
2023-02-03,1201.9334716796875,59475.59375,1224.9000244140625,1472248.3388045281,1486889.84375,-0.9847067694366274
2023-02-06,1146.1715087890625,57696.00390625,1246.75,1428989.3285827637,1442400.09765625,-0.9297537552359736
2023-02-07,1152.262939453125,58070.66015625,1261.22998046875,1453268.5646213293,1451766.50390625,0.10346434574965979
2023-02-08,1164.4462890625,59100.9453125,1255.3499755859375,1461787.620545745,1477523.6328125,-1.0650260961850955
2023-02-09,1176.160888671875,59288.2734375,1260.469970703125,1482515.4808863997,1482206.8359375,0.020823338647235623
2023-02-10,1156.9488525390625,58913.625,1264.550048828125,1463019.7279699147,1472840.625,-0.6667997109385371
2023-02-13,1160.22900390625,58913.625,1266.8699951171875,1469859.3125135303,1472840.625,-0.20241921874403213
2023-02-14,1169.1322021484375,59194.609375,1272.93994140625,1488235.076898992,1479865.234375,0.5655814008987736
2023-02-15,1133.0506591796875,58257.98046875,1272.25,1441523.7011413574,1456449.51171875,-1.0248079632900309
2023-02-16,1151.79443359375,59662.92578125,1283.719970703125,1478581.5165489912,1491573.14453125,-0.8710017359786715
2023-02-17,1131.176513671875,58632.625,1288.9599609375,1458041.2348759174,1465815.625,-0.5303798098128865
2023-02-20,1137.26806640625,58726.2890625,1293.9200439453125,1471533.9464619756,1468157.2265625,0.22999715823228684
2023-02-21,1112.901611328125,58164.31640625,1296.1099853515625,1442442.8911562264,1454107.91015625,-0.8022113708720635
2023-02-22,1101.6552734375,57227.69921875,1305.8299560546875,1438574.4573003054,1430692.48046875,0.5509204066671991
2023-02-23,1114.77587890625,58070.66015625,1302.8299560546875,1452363.4093262553,1451766.50390625,0.04111580053673958
2023-02-24,1085.7235107421875,57415.015625,1298.0799560546875,1409355.9271117598,1435375.390625,-1.8127288292096644
2023-02-27,1081.505859375,56665.72265625,1313.699951171875,1420774.1946530342,1416643.06640625,0.2916139107124627
2023-02-28,1075.8828125,56759.3828125,1318.3499755859375,1418390.0795927048,1418984.5703125,-0.04189550275830456
2023-03-01,1092.2835693359375,56759.3828125,1321.5999755859375,1443561.9385672957,1418984.5703125,1.7320391474998864
2023-03-02,1082.911865234375,56946.70703125,1305.72998046875,1413990.488641858,1423667.67578125,-0.6797363811804957
2023-03-03,1099.3125,56665.72265625,1311.06005859375,1441264.7106628418,1416643.06640625,1.7380273719231232
2023-03-06,1114.307373046875,57602.33984375,1294.780029296875,1442782.9331193566,1440058.49609375,0.1891893303637815
2023-03-07,1083.8487548828125,56853.04296875,1299.0,1407919.5325927734,1421326.07421875,-0.9432417985679731
2023-03-08,1079.631591796875,56478.3984375,1317.9000244140625,1422846.5011872947,1411959.9609375,0.771023297471296
2023-03-09,1069.322509765625,56291.07421875,1316.449951171875,1407709.5657679439,1407276.85546875,0.030748057676954765
2023-03-10,1070.2598876953125,55729.09375,1325.550048828125,1418683.046393305,1393227.34375,1.82710329060789
2023-03-13,1067.9168701171875,56197.4140625,1319.5400390625,1409159.0685099363,1404935.3515625,0.3006342564260356
2023-03-14,1070.7283935546875,55260.78125,1296.3800048828125,1388070.8800645918,1381519.53125,0.4742132605728866
2023-03-15,1042.613037109375,56010.09375,1304.5799560546875,1360172.0701341927,1400252.34375,-2.8623607590949507
2023-03-16,1076.81982421875,56103.75,1311.739990234375,1412507.6257048845,1402593.75,0.7068244603887885
2023-03-17,1095.5635986328125,57415.015625,1301.6199951171875,1426007.4859030098,1435375.390625,-0.6526449305997328
2023-03-20,1078.6943359375,56384.73828125,1307.6500244140625,1410554.6747239828,1409618.45703125,0.06641639005668942
2023-03-21,1090.8778076171875,56478.3984375,1304.93994140625,1423530.022353351,1411959.9609375,0.8194326847744904
2023-03-22,1098.3751220703125,57227.69921875,1303.43994140625,1431666.0047534108,1430692.48046875,0.06804567004796702
2023-03-23,1136.7994384765625,58351.6328125,1298.25,1475849.8710021973,1458790.8203125,1.1693966298775393
2023-03-24,1124.6163330078125,59007.28125,1286.2900390625,1446582.7869149446,1475182.03125,-1.938692563305
2023-03-27,1123.2105712890625,58164.31640625,1294.8299560546875,1454366.6946623772,1454107.91015625,0.017796788279578202
2023-03-28,1131.176513671875,58913.625,1297.800048828125,1468040.9346765876,1472840.625,-0.32587981631837515
2023-03-29,1137.7366943359375,58726.2890625,1296.97998046875,1475621.7155984044,1468157.2265625,0.5084257258591851
2023-03-30,1145.4810791015625,59537.39453125,1307.1300048828125,1497292.6885191947,1488434.86328125,0.5951100351423877
2023-03-31,1157.7322998046875,60291.02734375,1296.5,1500999.9266967773,1507275.68359375,-0.41636423683354407
2023-04-03,1128.9892578125,59443.1953125,1305.47998046875,1473872.874238491,1486079.8828125,-0.8214234453471247
2023-04-04,1131.81640625,59914.21875,1308.050048828125,1480472.5054597855,1497855.46875,-1.1605234051534463
2023-04-05,1138.412841796875,60196.828125,1312.4100341796875,1494064.436613232,1504920.703125,-0.7213846210783581
2023-04-06,1121.4500732421875,58689.55078125,1316.2099609375,1476063.7570954561,1467238.76953125,0.6014690824333702
2023-04-07,1121.4500732421875,61233.078125,1317.93994140625,1478003.8438188434,1530826.953125,-3.450625767878246
2023-04-10,1121.4500732421875,61892.51953125,1315.449951171875,1475211.4440881312,1547312.98828125,-4.659790536186792
2023-04-11,1165.74267578125,62080.9296875,1320.8800048828125,1539806.1912780404,1552023.2421875,-0.7871693269387081
2023-04-12,1164.8001708984375,62175.1328125,1322.0899658203125,1539970.6181306094,1554378.3203125,-0.9269109066700087
2023-04-13,1194.014404296875,62269.33203125,1322.8299560546875,1579478.021964699,1556733.30078125,1.4610544511403756
2023-04-14,1179.87841796875,61327.28125,1301.4300537109375,1535529.2328694463,1533182.03125,0.15309347302567833
2023-04-17,1169.51220703125,61515.69140625,1303.3800048828125,1524318.8261108994,1537892.28515625,-0.8826014133994753
2023-04-18,1178.9359130859375,61798.30859375,1316.0699462890625,1551562.1238132566,1544957.71484375,0.4274815359703643
2023-04-19,1161.030517578125,61704.10546875,1315.9000244140625,1527800.0864265263,1542602.63671875,-0.9595828465397971
2023-04-20,1170.45458984375,61515.69140625,1326.760009765625,1552912.3430513144,1537892.28515625,0.9766651435889395
2023-04-21,1162.9154052734375,61892.51953125,1323.5999755859375,1539234.8020284325,1547312.98828125,-0.5220783586771804
2023-04-24,1147.83740234375,61421.4921875,1329.3800048828125,1525912.0915324092,1535537.3046875,-0.6268303040055212
2023-04-25,1112.968505859375,59914.21875,1332.800048828125,1483364.4789535403,1497855.46875,-0.9674491363677928
2023-04-26,1135.5859375,60385.23828125,1341.0,1522820.7421875,1509630.95703125,0.8737092396533974
2023-04-27,1146.894775390625,60856.265625,1337.8299560546875,1534350.1869601905,1521406.640625,0.850761787780363
2023-04-28,1162.9154052734375,61704.10546875,1339.3900146484375,1557597.281704083,1542602.63671875,0.9720354826585842
2023-05-01,1162.9154052734375,61704.10546875,1337.1700439453125,1555015.6435741633,1542602.63671875,0.8046794786904288
2023-05-02,1143.1251220703125,61892.51953125,1342.7900390625,1534977.02731812,1547312.98828125,-0.7972505276280795
2023-05-03,1150.6644287109375,61609.8984375,1342.300048828125,1544536.918843478,1540247.4609375,0.27849147716607625
2023-05-04,1155.3760986328125,61327.28125,1335.22998046875,1542692.8056115508,1533182.03125,0.6203291042875536
2023-05-05,1172.33935546875,61327.28125,1320.1500244140625,1547663.8287436366,1533182.03125,0.9445582584756584
2023-05-08,1172.33935546875,62080.9296875,1316.9599609375,1543923.991783619,1552023.2421875,-0.5218511027235362
2023-05-09,1157.2611083984375,61515.69140625,1322.4100341796875,1530373.7019120008,1537892.28515625,-0.48888880689620384
2023-05-10,1143.1251220703125,60856.265625,1326.050048828125,1515841.1239379942,1521406.640625,-0.36581388160100703
2023-05-11,1121.4500732421875,60479.44921875,1318.050048828125,1478127.3237951696,1511986.23046875,-2.2393660730020915
2023-05-12,1123.334716796875,60385.23828125,1329.8800048828125,1493900.378658861,1509630.95703125,-1.0420148248234007
2023-05-15,1142.1824951171875,60762.05859375,1341.52001953125,1532260.6831578612,1519051.46484375,0.8695701640016429
2023-05-16,1151.606689453125,61609.8984375,1335.4000244140625,1537855.6012111008,1540247.4609375,-0.15529061316831294
2023-05-17,1142.1824951171875,61233.078125,1342.4300537109375,1533300.1082678586,1530826.953125,0.16155680678406892
2023-05-18,1178.9359130859375,62363.53125,1334.1500244140625,1572877.3772262186,1559088.28125,0.8844333025942008
2023-05-19,1214.7470703125,64436.046875,1334.739990234375,1621371.492766142,1610901.171875,0.6499666816279559
2023-05-22,1226.9984130859375,64530.25,1324.2099609375,1624803.5206629038,1613256.25,0.7157741160403797
2023-05-23,1222.2864990234375,64436.046875,1313.8299560546875,1605876.6172982007,1610901.171875,-0.3119095487993828
2023-05-24,1210.9775390625,64530.25,1319.8399658203125,1598296.5537654161,1613256.25,-0.9272982041497624
2023-05-25,1227.9407958984375,64812.86328125,1318.52001953125,1619064.5221912265,1620321.58203125,-0.07758088603915247
2023-05-26,1259.9820556640625,66225.9296875,1330.8900146484375,1676897.5365195125,1655648.2421875,1.2834425689322249
2023-05-29,1259.9820556640625,66225.9296875,1322.4300537109375,1666238.1375466436,1655648.2421875,0.6396222995502798
2023-05-30,1292.9658203125,68110.03125,1324.5899658203125,1712649.5517345667,1702750.78125,0.581339946724313
2023-05-31,1271.290771484375,67262.171875,1319.7900390625,1677836.896957159,1681554.296875,-0.22106927648719576
2023-06-01,1275.0604248046875,66791.15625,1321.739990234375,1685298.3534295857,1669778.90625,0.9294312631149104
2023-06-02,1307.101806640625,68015.8359375,1312.8499755859375,1716028.5749364793,1700395.8984375,0.9193551050872495
2023-06-05,1289.1962890625,67544.8046875,1305.1400146484375,1682581.6635917425,1688620.1171875,-0.35759692392004494
2023-06-06,1296.7354736328125,67544.8046875,1299.7900390625,1685483.8519269228,1688620.1171875,-0.18572947394472905
2023-06-07,1293.908203125,66885.3671875,1299.199951171875,1681045.4743208885,1672134.1796875,0.5329293989465578
2023-06-08,1285.4267578125,66791.15625,1308.3399658203125,1681775.2003809214,1669778.90625,0.7184360807301449
2023-06-09,1312.756103515625,67827.4140625,1296.3299560546875,1701765.061980933,1695685.3515625,0.3585400093732538
2023-06-12,1304.274658203125,66885.3671875,1286.68994140625,1678197.0835410357,1672134.1796875,0.3625847690446049
2023-06-13,1332.5467529296875,67827.4140625,1284.5799560546875,1711762.8493192345,1695685.3515625,0.9481415724868825
2023-06-14,1327.83447265625,67733.203125,1267.6199951171875,1683189.5277449489,1693330.078125,-0.5988525516111842
2023-06-15,1325.00732421875,67356.390625,1273.989990234375,1688046.0680419207,1683909.765625,0.2456368210077775
2023-06-16,1325.00732421875,67638.9921875,1270.050048828125,1682825.6168216467,1690974.8046875,-0.4819224889255125
2023-06-19,1305.21728515625,67073.78125,1276.31005859375,1665861.9496953487,1676844.53125,-0.654955265677748
2023-06-20,1301.4473876953125,67262.171875,1283.239990234375,1670069.3330766857,1681554.296875,-0.6829969046885931
2023-06-21,1276.002685546875,66414.34375,1287.5400390625,1642904.5475928783,1660358.59375,-1.0512214784699547
2023-06-22,1292.9658203125,67167.9765625,1288.3800048828125,1665831.3098875284,1679199.4140625,-0.7960998594342072
2023-06-23,1285.4267578125,67450.5859375,1298.2099609375,1668753.821047783,1686264.6484375,-1.0384388598754457
2023-06-26,1296.7354736328125,68204.2265625,1307.6700439453125,1695702.1337908655,1705105.6640625,-0.5514925244708979
2023-06-27,1319.35302734375,68392.640625,1302.6600341796875,1718668.4596946836,1709816.015625,0.517742493273321
2023-06-28,1312.756103515625,68486.8515625,1296.5999755859375,1702119.5317686498,1712171.2890625,-0.5870766177462294
2023-06-29,1309.663330078125,68544.59375,1309.010009765625,1714362.4084952474,1713614.84375,0.04362501573640376
2023-06-30,1312.50439453125,68355.2578125,1323.0699462890625,1736535.1187766194,1708881.4453125,1.6182324139555782
2023-07-03,1327.65576171875,69112.6484375,1315.300048828125,1746265.6882156134,1727816.2109375,1.0677916529156173
2023-07-04,1339.019775390625,69112.6484375,1306.0999755859375,1748893.6959467828,1727816.2109375,1.219891610916557
2023-07-05,1315.34521484375,68165.8984375,1295.5,1704029.7258300781,1704147.4609375,-0.006908739420774523
2023-07-06,1284.0950927734375,67787.1953125,1302.969970703125,1673137.3454110324,1694679.8828125,-1.2711862352266512
2023-07-07,1281.2542724609375,66177.734375,1309.219970703125,1677443.6810545623,1654443.359375,1.3902151167176413
2023-07-10,1267.9964599609375,65799.03125,1297.3699951171875,1645060.5610681325,1644975.78125,0.005153864214824111
2023-07-11,1304.9283447265625,67692.53125,1299.5400390625,1695806.6320797205,1692313.28125,0.20642459457271833
2023-07-12,1335.231689453125,68071.21875,1291.510009765625,1724465.0922849774,1701780.46875,1.3329935295144146
2023-07-13,1345.6484375,68071.21875,1274.699951171875,1715297.99757576,1701780.46875,0.7943168389803468
2023-07-14,1365.5345458984375,69491.3359375,1266.8299560546875,1729900.0687716752,1737283.3984375,-0.42499281766379404
2023-07-17,1364.5877685546875,69396.671875,1268.3399658203125,1730761.2037274688,1734916.796875,-0.23952694186928358
2023-07-18,1355.1180419921875,68165.8984375,1265.449951171875,1714834.0600711405,1704147.4609375,0.6270935689897117
2023-07-19,1339.019775390625,67881.8828125,1264.93994140625,1693779.5962244272,1697047.0703125,-0.1925388013822804
2023-07-20,1308.7164306640625,67219.1484375,1265.0899658203125,1655644.0245372802,1680478.7109375,-1.4778340385142474
2023-07-21,1299.24658203125,66556.421875,1278.4000244140625,1660956.8621886373,1663910.546875,-0.177514632136333
2023-07-24,1304.9283447265625,66651.09375,1285.6500244140625,1677681.1582563072,1666277.34375,0.6843887393105152
2023-07-25,1290.723876953125,66272.3984375,1280.530029296875,1652810.6839689612,1656809.9609375,-0.24138416974966992
2023-07-26,1284.0950927734375,66083.0625,1274.1199951171875,1636091.2333344966,1652076.5625,-0.9675900940882332
2023-07-27,1324.81494140625,67881.8828125,1275.1700439453125,1689364.3270524144,1697047.0703125,-0.45271244354293527
2023-07-28,1311.5574951171875,66840.4375,1283.8800048828125,1683882.443235144,1671010.9375,0.7702825544877001
2023-07-31,1288.8299560546875,66083.0625,1272.3900146484375,1639894.366663769,1652076.5625,-0.7373868810169659
2023-08-01,1290.723876953125,67313.8203125,1277.9300537109375,1649454.8334006965,1682845.5078125,-1.984179430422428
2023-08-02,1270.837646484375,66177.734375,1289.050048828125,1638173.330253303,1654443.359375,-0.9834140908784761
2023-08-03,1250.951171875,65136.30859375,1295.3699951171875,1620444.6134035587,1628407.71484375,-0.48901152749423193
2023-08-04,1249.05712890625,64662.93359375,1296.4000244140625,1619277.6924086213,1616573.33984375,0.1672891973544921
2023-08-07,1237.693603515625,64852.28125,1303.050048828125,1612776.7104952931,1621307.03125,-0.5261385160422183
2023-08-08,1213.0721435546875,64000.203125,1307.75,1586395.0957336426,1600005.078125,-0.8506211997343471
2023-08-09,1226.329833984375,65230.98046875,1316.6700439453125,1614671.7564036548,1630774.51171875,-0.9874299113323604
2023-08-10,1224.4359130859375,64378.90234375,1313.6400146484375,1608468.0108022839,1609472.55859375,-0.06241472003373216
2023-08-11,1197.9207763671875,63905.53515625,1318.3299560546875,1579254.8444651514,1597638.37890625,-1.1506693056337336
2023-08-14,1197.9207763671875,63716.19140625,1329.6099853515625,1592767.4259179085,1592904.78515625,-0.00862319202136197
2023-08-15,1192.2388916015625,63716.19140625,1334.739990234375,1591328.9265333116,1592904.78515625,-0.09892986935712278
2023-08-16,1176.1402587890625,63432.14453125,1338.739990234375,1574545.9985655248,1585803.61328125,-0.7098996761920384
2023-08-17,1168.564453125,63148.1328125,1343.3299560546875,1569767.6354634762,1578703.3203125,-0.5660141924104578
2023-08-18,1162.8826904296875,62769.4296875,1339.0799560546875,1557192.9019973427,1569235.7421875,-0.7674334624426571
2023-08-21,1165.723388671875,63053.453125,1339.1700439453125,1561101.8416357934,1576336.328125,-0.966448987909041
2023-08-22,1177.08740234375,63053.453125,1339.739990234375,1576991.0649210215,1576336.328125,0.04153534904574041
2023-08-23,1190.3447265625,63526.828125,1339.68994140625,1594692.8569817543,1588170.703125,0.410670833048421
2023-08-24,1194.1326904296875,64568.25,1327.780029296875,1585545.5386830866,1614206.25,-1.775529695595801
2023-08-25,1193.185791015625,63526.828125,1326.6199951171875,1582904.128251046,1588170.703125,-0.3316126448870471
2023-08-28,1193.185791015625,63242.79296875,1323.6099853515625,1579312.627367884,1581069.82421875,-0.11113973740750627
2023-08-29,1203.60205078125,63242.79296875,1322.8199462890625,1592148.8001678586,1581069.82421875,0.700726544735808
2023-08-30,1200.761474609375,63526.828125,1321.0699462890625,1586289.8967681825,1588170.703125,-0.11842595717933557
2023-08-31,1196.02685546875,63337.4765625,1323.030029296875,1582379.4456306696,1583436.9140625,-0.06678311099349576
2023-09-01,1263.2615966796875,67219.1484375,1324.6400146484375,1673366.8599305898,1680478.7109375,-0.42320387402841053
2023-09-04,1267.9964599609375,67408.5078125,1317.4599609375,1670534.566609025,1685212.6953125,-0.8709956164170252
2023-09-05,1258.526611328125,66935.1328125,1317.949951171875,1658675.0859484076,1673378.3203125,-0.8786557221170721
2023-09-06,1237.693603515625,66272.3984375,1331.72998046875,1648273.67843616,1656809.9609375,-0.5152239968734706
2023-09-07,1231.0648193359375,66651.09375,1333.4599609375,1641575.6459032297,1666277.34375,-1.4824481614314267
2023-09-08,1240.5343017578125,66556.421875,1334.02001953125,1654897.5934601426,1663910.546875,-0.5416729542212839
2023-09-11,1257.5799560546875,67029.796875,1335.3199462890625,1679271.599373147,1675744.921875,0.2104543150995175
2023-09-12,1250.004150390625,66745.7734375,1320.43994140625,1650555.4070993662,1668644.3359375,-1.0840493955814101
2023-09-13,1266.1026611328125,67124.46875,1324.0999755859375,1676446.5026952475,1678111.71875,-0.09923153721808076
2023-09-14,1275.5723876953125,67881.8828125,1329.77001953125,1696217.918899119,1697047.0703125,-0.04885848058583386
2023-09-15,1268.9434814453125,68165.8984375,1327.06005859375,1683964.2108389735,1704147.4609375,-1.1843605416296032
2023-09-18,1252.8450927734375,66461.765625,1328.4200439453125,1664304.533198759,1661544.140625,0.1661341703940833
2023-09-19,1241.4813232421875,66083.0625,1329.6600341796875,1650748.0986956507,1652076.5625,-0.08041175781460241
2023-09-20,1246.2161865234375,65893.7109375,1328.530029296875,1655635.6267922223,1647342.7734375,0.5034078813735743
2023-09-21,1201.708251953125,65230.98046875,1332.3399658203125,1601083.931333214,1630774.51171875,-1.8206429014054004
2023-09-22,1216.860107421875,65136.30859375,1341.1700439453125,1632016.3237462938,1628407.71484375,0.22160352531184202
2023-09-25,1217.80712890625,65704.3515625,1334.6600341796875,1625358.5042902827,1642608.7890625,-1.0501760910498148
2023-09-26,1188.4508056640625,65286.55859375,1338.449951171875,1590681.92281124,1632163.96484375,-2.541536446461201
2023-09-27,1190.3447265625,65096.2265625,1353.75,1611429.1735839844,1627405.6640625,-0.9817153049985983
2023-09-28,1193.1536865234375,65096.2265625,1352.8199462890625,1614122.1061172336,1627405.6640625,-0.8162413489520848
2023-09-29,1199.8192138671875,65096.2265625,1347.8499755859375,1617176.2981184274,1627405.6640625,-0.6285689038673326
2023-10-02,1184.5833740234375,65096.2265625,1351.93994140625,1601485.577268064,1627405.6640625,-1.592724381315691
2023-10-03,1171.2520751953125,65096.2265625,1354.18994140625,1586097.779080689,1627405.6640625,-2.5382660202062923
2023-10-04,1186.4879150390625,64239.69140625,1359.219970703125,1612698.0691190064,1605992.28515625,0.4175477070927469
2023-10-05,1166.4912109375,63478.328125,1351.1600341796875,1576116.3044406176,1586958.203125,-0.6831874124367476
2023-10-06,1171.2520751953125,62812.14453125,1346.06005859375,1576575.6369654536,1570303.61328125,0.39941471389075556
2023-10-09,1164.586669921875,62812.14453125,1343.3599853515625,1564459.131846875,1570303.61328125,-0.3721879886758095
2023-10-10,1176.965576171875,63192.81640625,1346.8900146484375,1585243.1821308434,1579820.41015625,0.3432524317151353
2023-10-11,1207.4371337890625,64905.875,1341.8900146484375,1620247.8331472725,1622646.875,-0.1478474392481388
2023-10-12,1212.1983642578125,65572.0625,1338.260009765625,1622236.5947895348,1639301.5625,-1.040990144878562
2023-10-13,1189.3447265625,64715.54296875,1348.3399658203125,1603641.0279618502,1617888.57421875,-0.880625927145795
2023-10-16,1195.0582275390625,64049.36328125,1352.0699462890625,1615802.3135210425,1601234.08203125,0.9098127283995838
2023-10-17,1217.9117431640625,66047.921875,1347.760009765625,1641452.7428604662,1651198.046875,-0.5901959509325594
2023-10-18,1230.290771484375,67094.78125,1352.989990234375,1664571.0988960862,1677369.53125,-0.7630061304604863
2023-10-19,1217.9117431640625,66143.09375,1354.56005859375,1649734.6021823287,1653577.34375,-0.232389587472015
2023-10-20,1203.6280517578125,65476.8984375,1356.22998046875,1632396.4491271377,1636922.4609375,-0.2764951864470233
2023-10-23,1217.9117431640625,65096.2265625,1349.3399658203125,1643376.9898931533,1627405.6640625,0.9813979503293657
2023-10-24,1219.8162841796875,65191.3984375,1334.43994140625,1627771.5707871318,1629784.9609375,-0.12353716586083197
2023-10-25,1200.7716064453125,64715.54296875,1343.6400146484375,1613404.7788736075,1617888.57421875,-0.2771386989556812
2023-10-26,1172.204345703125,63478.328125,1352.6800537109375,1585617.4373058975,1586958.203125,-0.0844865237447534
2023-10-27,1176.0133056640625,64049.36328125,1350.3399658203125,1588017.7669746429,1601234.08203125,-0.825383072026642
2023-10-30,1186.4879150390625,64049.36328125,1355.219970703125,1607952.1174588501,1601234.08203125,0.41955361199144114
2023-10-31,1186.4879150390625,63668.66015625,1348.0699462890625,1599468.6998993307,1591716.50390625,0.4870337132307112
2023-11-01,1216.0074462890625,65286.55859375,1350.1600341796875,1641804.6552443951,1632163.96484375,0.5906692347277698
2023-11-02,1256.9534912109375,66333.4375,1347.8399658203125,1694172.1506314725,1658335.9375,2.160974282779926
2023-11-03,1277.90283203125,66238.2578125,1333.6800537109375,1704313.5176607966,1655956.4453125,2.9201898688326233
2023-11-06,1295.995361328125,67475.4609375,1307.8399658203125,1694954.5290626585,1686886.5234375,0.47827791099532835
2023-11-07,1302.6611328125,67475.4609375,1297.1099853515625,1689694.7629004717,1686886.5234375,0.1664747108921727
2023-11-08,1277.90283203125,66523.765625,1304.550048828125,1667088.2019239664,1663094.140625,0.24015846135236885
2023-11-09,1282.6640625,66904.4375,1308.1199951171875,1677878.5071744919,1672610.9375,0.3149309595191996
2023-11-10,1274.0938720703125,67094.78125,1315.199951171875,1675688.1983352602,1677369.53125,-0.10023628564940212
2023-11-13,1273.1416015625,66999.609375,1319.6199951171875,1680063.1140373945,1674990.234375,0.3028602530502189
2023-11-14,1315.0400390625,67380.296875,1319.0699462890625,1734629.7936941385,1684507.421875,2.9754913019824025
2023-11-15,1318.8489990234375,68712.6796875,1304.239990234375,1720095.6056069434,1717816.9921875,0.13264587728532007
2023-11-16,1317.896728515625,69283.6953125,1301.8599853515625,1715717.0156802237,1732092.3828125,-0.9454095690719866
2023-11-17,1319.8011474609375,68998.1875,1292.449951171875,1705776.9285924733,1724954.6875,-1.111783344020545
2023-11-20,1335.9893798828125,69188.53125,1294.5,1729438.2522583008,1729713.28125,-0.01590026478264228
2023-11-21,1324.562255859375,69283.6953125,1288.1500244140625,1706234.9022231996,1732092.3828125,-1.4928465043714367
2023-11-22,1319.8011474609375,69283.6953125,1295.18994140625,1709393.1708478332,1732092.3828125,-1.3105081570654376
2023-11-23,1315.0400390625,68903.0078125,1298.7900390625,1707960.903702736,1722575.1953125,-0.8483978899459843
2023-11-24,1302.6611328125,68236.8359375,1300.1800537109375,1693694.021627307,1705920.8984375,-0.7167317559326425
2023-11-27,1298.8519287109375,67856.140625,1289.7900390625,1675246.2798684835,1696403.515625,-1.247181791457297
2023-11-28,1329.32373046875,69188.53125,1302.530029296875,1731484.077592492,1729713.28125,0.10237513706390367
2023-11-29,1335.9893798828125,69188.53125,1287.530029296875,1720126.4454208314,1729713.28125,-0.5542442168357864
2023-11-30,1324.562255859375,69283.6953125,1288.3599853515625,1706513.008556217,1732092.3828125,-1.4767904131503862
2023-12-01,1312.1829833984375,68522.3359375,1296.6600341796875,1701455.2321034223,1713058.3984375,-0.6773362977386621
2023-12-04,1304.5654296875,69093.3515625,1299.18994140625,1694878.2841563225,1727333.7890625,-1.878936492279959
2023-12-05,1284.5684814453125,67760.984375,1307.800048828125,1679958.72275725,1694024.609375,-0.8303236292971805
2023-12-06,1293.1385498046875,68236.8359375,1313.3699951171875,1698369.3708428293,1705920.8984375,-0.44266575323552715
2023-12-07,1293.1385498046875,68046.4921875,1313.719970703125,1698821.9377644956,1701162.3046875,-0.13757458159963099
2023-12-08,1315.992431640625,69093.3515625,1312.760009765625,1727582.2374120355,1727333.7890625,0.014383343341539678
2023-12-11,1315.992431640625,69474.03125,1316.510009765625,1732517.2090306878,1736850.78125,-0.24950745718025358
2023-12-12,1319.8011474609375,69949.8828125,1313.6199951171875,1733717.1768832952,1748747.0703125,-0.8594663965051819
2023-12-13,1299.8043212890625,69283.6953125,1310.1400146484375,1702925.6525337547,1732092.3828125,-1.6839015382877909
2023-12-14,1347.4161376953125,69569.1953125,1292.010009765625,1740875.1372220814,1739229.8828125,0.09459671926295155
2023-12-15,1332.1802978515625,69759.546875,1291.9200439453125,1721070.4289434701,1743988.671875,-1.3141279700452424
2023-12-18,1317.896728515625,69378.8671875,1276.469970703125,1682255.5984380841,1734471.6796875,-3.0104891224758235
2023-12-19,1336.9415283203125,69854.7109375,1302.9300537109375,1741941.2973027676,1746367.7734375,-0.25346758008591985
2023-12-20,1367.4130859375,71187.1015625,1297.760009765625,1774574.0197598934,1779677.5390625,-0.28676651756222027
2023-12-21,1371.2220458984375,71377.4296875,1296.97998046875,1778447.542307675,1784435.7421875,-0.33557946292223084
2023-12-22,1383.60107421875,72233.9609375,1291.7099609375,1787211.2895321846,1805849.0234375,-1.0320759744265717
2023-12-25,1383.60107421875,72233.9609375,1297.3599853515625,1795028.6693808436,1805849.0234375,-0.5991837587872917
2023-12-26,1383.60107421875,72900.1484375,1294.5799560546875,1791182.2178593278,1822503.7109375,-1.7185969438745508
2023-12-27,1429.3084716796875,74584.015625,1293.9200439453125,1849410.8804871887,1864600.390625,-0.8146254937080544
2023-12-28,1440.2774658203125,75062.1328125,1294.760009765625,1864813.6657107174,1876553.3203125,-0.6255966443749927
2023-12-29,1432.626220703125,75062.1328125,1277.8399658203125,1830667.0408965647,1876553.3203125,-2.4452425049288684
2024-01-01,1432.626220703125,75062.1328125,1293.530029296875,1853145.0372375846,1876553.3203125,-1.2474083641288325
2024-01-02,1432.626220703125,76113.9453125,1293.5400390625,1853159.377490282,1902848.6328125,-2.6113088800329254
2024-01-03,1385.764892578125,73627.828125,1307.6199951171875,1812053.8820665777,1840695.703125,-1.5560323745959947
2024-01-04,1392.4593505859375,73245.3515625,1309.530029296875,1823467.3341675103,1831133.7890625,-0.4186725700100147
2024-01-05,1396.28466796875,73245.3515625,1311.25,1830878.2708740234,1831133.7890625,-0.013954097182999892
2024-01-08,1395.3284912109375,73149.71875,1313.1300048828125,1832247.7084769458,1828742.96875,0.1916474751693098
2024-01-09,1344.641357421875,71428.546875,1311.800048828125,1763900.598322332,1785713.671875,-1.2215325388512221
2024-01-10,1326.470703125,70376.7265625,1319.7900390625,1750662.8210926056,1759418.1640625,-0.4976271786167219
2024-01-11,1310.21240234375,69994.234375,1317.5,1726204.8400878906,1749855.859375,-1.3515981422353773
2024-01-12,1336.990478515625,69898.625,1311.989990234375,1754118.1248511672,1747465.625,0.38069417538140193
2024-01-15,1329.3397216796875,70663.5859375,1312.8499755859375,1745223.6211525947,1766589.6484375,-1.2094504971090991
2024-01-16,1299.692626953125,69420.5234375,1319.7099609375,1715217.3059470654,1735513.0859375,-1.169439755590851
2024-01-17,1250.918212890625,67890.609375,1337.7900390625,1673465.924886942,1697265.234375,-1.4022151049845721
2024-01-18,1302.561767578125,68559.9375,1344.050048828125,1750708.2073150277,1713998.4375,2.1417621516955254
2024-01-19,1336.0341796875,71428.546875,1337.6600341796875,1787159.526466012,1785713.671875,0.08096788492937268
2024-01-22,1340.8157958984375,71811.03125,1333.2099609375,1787588.9748741388,1795275.78125,-0.4281685552795178
2024-01-23,1336.990478515625,71906.6484375,1338.739990234375,1789882.6201514602,1797666.2109375,-0.4329830943409996
2024-01-24,1339.8594970703125,70759.2109375,1336.780029296875,1791097.4177473485,1768980.2734375,1.2502764808603795
2024-01-25,1324.5579833984375,70854.84375,1329.8900146484375,1761516.4359444529,1771371.09375,-0.5563293789944801
2024-01-26,1329.3397216796875,70185.484375,1336.030029296875,1776037.7873012125,1754637.109375,1.219664044027624
2024-01-29,1338.9033203125,71141.6953125,1336.760009765625,1789792.4155361652,1778542.3828125,0.6325422903824762
2024-01-30,1324.5579833984375,71046.0703125,1333.2099609375,1765913.8973060846,1776151.7578125,-0.5764068560799251
2024-01-31,1308.2998046875,69516.1328125,1326.6199951171875,1735616.6805063486,1737903.3203125,-0.13157462670249087
2024-02-01,1315.9505615234375,70376.7265625,1333.9100341796875,1755359.6585005075,1759418.1640625,-0.23067316485021472
2024-02-02,1337.94677734375,71906.6484375,1328.949951171875,1778064.304421544,1797666.2109375,-1.090408575112134
2024-02-05,1323.6015625,71046.0703125,1337.72998046875,1770621.492351532,1776151.7578125,-0.3113622153424034
2024-02-06,1339.8594970703125,71141.6953125,1333.3900146484375,1786555.274425432,1778542.3828125,0.45053138403488013
2024-02-07,1344.641357421875,71715.40625,1326.7900390625,1784056.7591388226,1792885.15625,-0.4924128620509616
2024-02-08,1320.7322998046875,70854.84375,1327.6199951171875,1753430.609417811,1771371.09375,-1.012802139285729
2024-02-09,1340.8157958984375,70854.84375,1331.469970703125,1785255.9684831798,1771371.09375,0.7838490072560322
2024-02-12,1368.5504150390625,70854.84375,1330.06005859375,1820254.2452153563,1771371.09375,2.7596222856877795
2024-02-13,1332.2086181640625,71906.6484375,1328.5,1769839.149230957,1797666.2109375,-1.5479548726696546
2024-02-14,1323.6015625,70759.2109375,1340.7900390625,1774671.790687561,1768980.2734375,0.3217400066876541
2024-02-15,1303.5179443359375,69994.234375,1326.0,1728464.7941894531,1749855.859375,-1.222447270210425
2024-02-16,1303.5179443359375,69611.7578125,1327.6600341796875,1730628.6785308868,1740293.9453125,-0.5553812795618063
2024-02-19,1323.6015625,70567.96875,1331.5799560546875,1762481.3104276657,1764199.21875,-0.09737609585562801
2024-02-20,1312.1251220703125,70089.8671875,1333.3399658203125,1749508.8654132038,1752246.6796875,-0.15624593877298087
2024-02-21,1310.21240234375,69802.9921875,1333.75,1747495.7916259766,1745074.8046875,0.13873255931342587
2024-02-22,1318.819580078125,69898.625,1332.8699951171875,1757815.0472591817,1747465.625,0.5922532673100056
2024-02-23,1310.21240234375,69707.3671875,1327.1700439453125,1738874.6515962481,1742684.1796875,-0.2186011748804062
2024-02-26,1306.3870849609375,69611.7578125,1330.0,1737494.8229980469,1740293.9453125,-0.16084192684762133
2024-02-27,1305.4307861328125,69707.3671875,1331.719970703125,1738468.2482637465,1742684.1796875,-0.24192171323375034
2024-02-28,1300.64892578125,69994.234375,1331.7900390625,1732191.2836728096,1749855.859375,-1.009487473356785
2024-02-29,1300.64892578125,70185.484375,1333.3800048828125,1734259.271009028,1754637.109375,-1.1613705339465152
2024-03-01,1317.8631591796875,70185.484375,1335.199951171875,1759610.8257879317,1754637.109375,0.2834612573937578
2024-03-04,1340.8157958984375,71619.8046875,1330.9000244140625,1784491.775495991,1790495.1171875,-0.33528947573668866
2024-03-05,1314.9942626953125,70472.34375,1328.93994140625,1747548.3984158635,1761808.59375,-0.8094066168552239
2024-03-06,1316.9068603515625,69707.3671875,1333.4300537109375,1756003.185530886,1742684.1796875,0.7642811014543449
2024-03-07,1316.9068603515625,69038.0390625,1327.0899658203125,1747653.8802924901,1725950.9765625,1.2574461282333083
2024-03-08,1329.3397216796875,70089.8671875,1321.1800537109375,1756297.1248888522,1752246.6796875,0.2311572479095636
2024-03-11,1313.08154296875,69229.28125,1315.97998046875,1727989.0232698917,1730732.03125,-0.1584883119154612
2024-03-12,1331.252197265625,70089.8671875,1310.5400390625,1744659.3066065311,1752246.6796875,-0.43300827268920594
2024-03-13,1339.8594970703125,70854.84375,1311.1500244140625,1756756.8122951537,1771371.09375,-0.8250265292467751
2024-03-14,1329.3397216796875,71046.0703125,1313.6500244140625,1746287.1578391045,1776151.7578125,-1.6814216376519808
2024-03-15,1294.91064453125,69133.671875,1321.9200439453125,1711768.336124003,1728341.796875,-0.958922637927484
2024-03-18,1306.3870849609375,69611.7578125,1329.3399658203125,1736632.5628700703,1740293.9453125,-0.21038873647131195
2024-03-19,1308.2998046875,69611.7578125,1336.0899658203125,1748006.2413276434,1740293.9453125,0.4431605382479553
2024-03-20,1372.375732421875,73532.2109375,1337.02001953125,1834893.8285669088,1838305.2734375,-0.1855755363314615
2024-03-21,1423.0628662109375,75827.0859375,1330.1099853515625,1892830.1281301826,1895677.1484375,-0.15018487244328194
2024-03-22,1398.197509765625,75444.625,1334.6800537109375,1866146.3274324834,1886115.625,-1.0587525654752294
2024-03-25,1395.3284912109375,74775.265625,1343.5999755859375,1874763.3267253786,1869381.640625,0.2878858967813258
2024-03-26,1420.1939697265625,76400.828125,1339.1300048828125,1901824.3576144725,1910020.703125,-0.42912338578934284
2024-03-27,1416.96142578125,76305.1953125,1343.06005859375,1903064.2955348492,1907629.8828125,-0.23933297117990637
2024-03-28,1428.4893798828125,77612.515625,1349.800048828125,1928175.0347162783,1940312.890625,-0.6255617827087612
2024-03-29,1428.4893798828125,79149.3984375,1349.800048828125,1928175.0347162783,1978734.9609375,-2.5551641437247863
2024-04-01,1428.4893798828125,78765.1640625,1345.31005859375,1921761.131350696,1969129.1015625,-2.4055289302370997
2024-04-02,1494.7744140625,81646.828125,1355.530029296875,2026211.6052863598,2041170.703125,-0.7328685354800579
2024-04-03,1512.0660400390625,80782.3203125,1350.72998046875,2042392.932729423,2019558.0078125,1.1306892314352002
2024-04-04,1529.357666015625,81935.0,1344.8399658203125,2056741.311291486,2048375.0,0.4084365065716078
2024-04-05,1501.498779296875,81166.5546875,1351.3599853515625,2029065.368396014,2029163.8671875,-0.004854156585321068
2024-04-08,1517.829833984375,81166.5546875,1350.27001953125,2049480.119579196,2029163.8671875,1.0012129981328277
2024-04-09,1485.1676025390625,80302.046875,1354.219970703125,2011243.6271996796,2007551.171875,0.18392832902141
2024-04-10,1433.2926025390625,80302.046875,1348.5400390625,1932852.4622160196,2007551.171875,-3.7208869544886225
2024-04-11,1469.797119140625,80782.3203125,1363.760009765625,2004450.5335527062,2019558.0078125,-0.7480584465190732
2024-04-12,1436.1744384765625,80398.1171875,1367.8399658203125,1964456.7948377877,2009952.9296875,-2.2635423037884683
2024-04-15,1420.8040771484375,78957.2890625,1379.6099853515625,1960155.4920621961,1973932.2265625,-0.6979335113392104
2024-04-16,1379.4957275390625,76844.0703125,1387.6700439453125,1914284.8968565017,1921101.7578125,-0.35484122214122227
2024-04-17,1362.2042236328125,75787.4765625,1387.3399658203125,1889840.3610550314,1894686.9140625,-0.2557970381015018
2024-04-18,1385.2598876953125,76459.8359375,1379.5400390625,1911021.4795829058,1911495.8984375,-0.024819245229978915
2024-04-19,1385.2598876953125,74538.75,1379.4000244140625,1910827.5229067355,1863468.75,2.541431022480811
2024-04-22,1329.5419921875,73097.9140625,1373.9300537109375,1826697.7007371187,1827447.8515625,-0.04104909613370511
2024-04-23,1335.305908203125,72521.59375,1378.8399658203125,1841173.1528264582,1813039.84375,1.5517203978412608
2024-04-24,1361.24365234375,75499.3046875,1370.47998046875,1865557.1740772724,1887482.6171875,-1.1616235779113193
2024-04-25,1332.424072265625,73290.0390625,1376.969970703125,1834707.9357517362,1832250.9765625,0.13409512237485544
2024-04-26,1343.95166015625,73674.2578125,1371.699951171875,1843498.4266136885,1841856.4453125,0.08914816924887603
2024-04-29,1336.2666015625,73674.2578125,1377.0899658203125,1840159.3286725283,1841856.4453125,-0.09214163483212134
2024-04-30,1353.5584716796875,74442.6953125,1374.6400146484375,1860655.6373372823,1861067.3828125,-0.022124157299208136
2024-05-01,1343.95166015625,74442.6953125,1385.4599609375,1861991.2145819664,1861067.3828125,0.04963988827046961
2024-05-02,1375.6534423828125,74922.953125,1375.0,1891523.4832763672,1873073.828125,0.9849934836704044
2024-05-03,1392.9451904296875,74538.75,1364.6400146484375,1900868.7450724393,1863468.75,2.007009512364477
2024-05-06,1392.9451904296875,74538.75,1355.050048828125,1887510.44830665,1863468.75,1.2901583837480413
2024-05-07,1447.7022705078125,78092.7890625,1352.1700439453125,1957539.6427322775,1952319.7265625,0.2673699445207456
2024-05-08,1430.410400390625,78092.7890625,1357.72998046875,1942111.0849846601,1952319.7265625,-0.5228980396471461
2024-05-09,1408.315673828125,76555.90625,1361.93994140625,1918041.36629498,1913897.65625,0.21650635452989953
2024-05-10,1386.2205810546875,76075.625,1365.4000244140625,1892745.6152153462,1901890.625,-0.48083783917142187
2024-05-13,1382.3779296875,75307.1875,1370.1099853515625,1894009.804994464,1882679.6875,0.6018080276581239
2024-05-14,1384.29931640625,75211.125,1363.7900390625,1887893.6187958717,1880278.125,0.40501953911056265
2024-05-15,1413.1187744140625,75211.125,1362.550048828125,1925445.055077821,1880278.125,2.4021409108198277
2024-05-16,1396.7877197265625,75115.078125,1353.5999755859375,1890691.8233206123,1877876.953125,0.6824126668303121
2024-05-17,1382.3779296875,74346.6484375,1346.0400390625,1860736.0424757004,1858666.2109375,0.11136112154082056
2024-05-20,1391.0238037109375,75787.4765625,1353.3900146484375,1882597.726080671,1894686.9140625,-0.6380572902099146
2024-05-21,1385.2598876953125,75307.1875,1360.1600341796875,1884175.1361954063,1882679.6875,0.0794319238336394
2024-05-22,1366.046875,74634.796875,1363.4200439453125,1862495.6903438568,1865869.921875,-0.18083959077663803
2024-05-23,1368.928955078125,75211.125,1365.81005859375,1869696.9363459349,1880278.125,-0.5627459317522621
2024-05-24,1339.148681640625,72905.796875,1367.6199951171875,1831446.5134465396,1822644.921875,0.48290215312400964
2024-05-27,1339.148681640625,74154.515625,1365.7099609375,1828888.6936929226,1853862.890625,-1.347143688908825
2024-05-28,1369.8895263671875,74538.75,1360.9300537109375,1864323.8266969472,1863468.75,0.04588629119470777
2024-05-29,1315.1324462890625,72233.421875,1362.760009765625,1792209.905347973,1805835.546875,-0.7545339081737601
2024-05-30,1302.643798828125,70600.484375,1370.550048828125,1785338.522089541,1765012.109375,1.151630212992627
2024-05-31,1286.3125,70600.484375,1375.6199951171875,1769477.1949691772,1765012.109375,0.2529776181398713
2024-06-03,1318.97509765625,72713.7109375,1382.0999755859375,1822955.4502691627,1817842.7734375,0.28124967166409665
2024-06-04,1335.305908203125,72329.484375,1370.7900390625,1830424.0380661488,1808237.109375,1.2269922222101437
2024-06-05,1365.0863037109375,74346.6484375,1373.719970703125,1875246.3171410263,1858666.2109375,0.8920432354103669
2024-06-06,1377.57470703125,74346.6484375,1368.739990234375,1885541.5910490751,1858666.2109375,1.445949786649403
2024-06-07,1351.63720703125,74250.5859375,1365.25,1845322.696899414,1856264.6484375,-0.5894607510462668
2024-06-10,1337.227294921875,72713.7109375,1379.050048828125,1844103.3663563132,1817842.7734375,1.4446019921269038
2024-06-11,1305.5257568359375,72233.421875,1373.9599609375,1793740.1178652048,1805835.546875,-0.6697968168101642
2024-06-12,1367.007568359375,73482.140625,1377.3599853515625,1882861.5243309438,1837053.515625,2.493558751355107
2024-06-13,1374.6927490234375,75499.3046875,1370.4100341796875,1883892.7371757776,1887482.6171875,-0.19019407008217248
2024-06-14,1388.1419677734375,76459.8359375,1373.739990234375,1906946.1332530081,1911495.8984375,-0.23802118478051248
2024-06-17,1361.24365234375,75019.0234375,1382.280029296875,1881619.9156419039,1875475.5859375,0.32761448618552347
2024-06-18,1414.0794677734375,76651.9609375,1379.06005859375,1950100.5136838555,1916299.0234375,1.7638943522353623
2024-06-19,1433.2926025390625,77996.7265625,1378.6099853515625,1975951.4937908798,1949918.1640625,1.3350985804522875
2024-06-20,1403.51220703125,78380.953125,1381.1500244140625,1938460.9190066457,1959523.828125,-1.0748993615713576
2024-06-21,1391.0238037109375,76844.0703125,1391.8199462890625,1936054.6757677644,1921101.7578125,0.7783511672120325
2024-06-24,1402.551513671875,77420.3984375,1388.3900146484375,1947288.5166120827,1935509.9609375,0.6085505067035424
2024-06-25,1402.551513671875,77612.515625,1386.1099853515625,1944090.6580705345,1940312.890625,0.19469887891727655
2024-06-26,1414.0794677734375,78092.7890625,1390.8900146484375,1966829.0116454512,1952319.7265625,0.7431818101074184
2024-06-27,1418.6883544921875,78730.5390625,1393.3800048828125,1976771.9863095134,1968263.4765625,0.4322851004619155
2024-06-28,1428.3392333984375,78634.0625,1386.949951171875,1981035.0300188363,1965851.5625,0.7723608337715682
2024-07-01,1411.9327392578125,78923.5078125,1380.2900390625,1948876.6958237886,1973087.6953125,-1.2270615009271957
2024-07-02,1420.61865234375,78923.5078125,1383.4200439453125,1965312.3184549212,1973087.6953125,-0.3940715294130537
2024-07-03,1432.1998291015625,78923.5078125,1383.4200439453125,1981333.9505141526,1973087.6953125,0.41793657835094145
2024-07-04,1471.7685546875,81625.0546875,1385.77001953125,2039532.7387747765,2040626.3671875,-0.05359278064366313
2024-07-05,1526.77880859375,84037.1328125,1380.25,2107336.4505615234,2100928.3203125,0.30501422571476144
2024-07-08,1534.499755859375,84326.578125,1376.5699462890625,2112346.2465039194,2108164.453125,0.19836182005252834
2024-07-09,1525.8138427734375,84712.5234375,1382.75,2109819.0910949707,2117813.0859375,-0.3774646070330845
2024-07-10,1555.73193359375,84712.5234375,1382.4200439453125,2150675.008005798,2117813.0859375,1.5516913313315728
2024-07-11,1528.7091064453125,84519.5625,1382.989990234375,2114189.392194003,2112989.0625,0.056807189176022455
2024-07-12,1509.4073486328125,81432.0859375,1371.27001953125,2069805.044440329,2035802.1484375,1.6702456095218698
2024-07-15,1523.8836669921875,83651.203125,1374.1099853515625,2093983.76332812,2091280.078125,0.12928374498475392
2024-07-16,1528.7091064453125,84616.0390625,1383.68994140625,2115259.4139245152,2115400.9765625,-0.006692000219021832
2024-07-17,1500.721435546875,83651.203125,1382.6400146484375,2074957.5076277554,2091280.078125,-0.7805061917808276
2024-07-18,1497.826171875,83844.1796875,1378.6500244140625,2064978.0884234905,2096104.4921875,-1.4849643173812321
2024-07-19,1454.3968505859375,81432.0859375,1385.239990234375,2014688.6791025698,2035802.1484375,-1.0371081173646934
2024-07-22,1456.326904296875,80081.3125,1388.81005859375,2022561.4532881975,2002032.8125,1.0253898267812422
2024-07-23,1457.2919921875,80949.671875,1387.0999755859375,2021409.6867848635,2023741.796875,-0.11523753147449911
2024-07-24,1431.234619140625,79116.4765625,1384.5699462890625,1981644.439750582,1977911.9140625,0.188710410283921
2024-07-25,1398.4215087890625,77572.7421875,1382.6500244140625,1933527.5332683474,1939318.5546875,-0.2986111490118626
2024-07-26,1413.8629150390625,78055.1640625,1381.4300537109375,1953152.7226623148,1951379.1015625,0.09089064746028441
2024-07-29,1410.0025634765625,78344.609375,1382.0899658203125,1948750.3947618753,1958615.234375,-0.5036639887196936
2024-07-30,1399.3865966796875,78151.6484375,1381.3599853515625,1933056.648690626,1953791.2109375,-1.0612475954851264
2024-07-31,1485.2799072265625,80949.671875,1383.5,2054884.7516479492,2023741.796875,1.5388798522143032
2024-08-01,1446.6761474609375,80177.796875,1367.9200439453125,1978937.299209401,2004444.921875,-1.2725529340930297
2024-08-02,1386.840087890625,76800.8671875,1368.969970703125,1898542.4344895482,1920021.6796875,-1.118698055609857
2024-08-05,1306.737548828125,68889.21875,1357.1700439453125,1773465.0565680563,1722230.46875,2.974897306005886
2024-08-06,1281.6451416015625,69950.546875,1367.4000244140625,1752521.5979161412,1748763.671875,0.21489044526594725
2024-08-07,1335.6903076171875,72073.1796875,1370.31005859375,1830309.8636940122,1801829.4921875,1.5806363271330337
2024-08-08,1323.1441650390625,70818.890625,1375.3299560546875,1819759.80635719,1770472.265625,2.783864039507611
2024-08-09,1323.1441650390625,72073.1796875,1373.760009765625,1817682.5410853922,1801829.4921875,0.8798306924505894
2024-08-12,1339.550537109375,72845.046875,1363.8399658203125,1826932.5587458313,1821126.171875,0.31883495830786757
2024-08-13,1349.20166015625,73423.9453125,1369.5400390625,1847785.6943535805,1835598.6328125,0.6639284494567077
2024-08-14,1371.39892578125,74485.265625,1362.1700439453125,1868078.5349979997,1862131.640625,0.3193595040898112
2024-08-15,1393.595947265625,74485.265625,1355.7099609375,1889311.9072301388,1862131.640625,1.4596318548143028
2024-08-16,1417.723388671875,77379.7734375,1363.510009765625,1933080.0315329432,1934494.3359375,-0.07310977232048987
2024-08-19,1420.61865234375,75546.578125,1348.97998046875,1916386.1218922138,1888664.453125,1.4677921597637589
2024-08-20,1416.7584228515625,76125.5,1330.8800048828125,1885535.4567224532,1903137.5,-0.9248960349710234
2024-08-21,1418.6883544921875,75546.578125,1327.5799560546875,1883422.2233120352,1888664.453125,-0.2775627933427227
2024-08-22,1397.4564208984375,75546.578125,1333.6600341796875,1863731.778060034,1888664.453125,-1.3201220059874674
2024-08-23,1414.828125,74967.6875,1339.5400390625,1895218.9218292236,1874192.1875,1.1219091867665565
2024-08-26,1414.828125,73423.9453125,1323.8800048828125,1873062.6650333405,1835598.6328125,2.0409708065340038
2024-08-27,1372.3638916015625,73134.484375,1326.6400146484375,1820632.8532572836,1828362.109375,-0.42274208583105155
2024-08-28,1366.5732421875,73713.390625,1326.3599853515625,1812568.0654896498,1842834.765625,-1.6423990202445116
2024-08-29,1360.78271484375,71397.8046875,1336.68994140625,1818944.56737113,1784945.1171875,1.9047896686707144
2024-08-30,1342.4459228515625,71687.25,1332.8800048828125,1789319.3282053024,1792181.25,-0.15968930568254214
2024-09-02,1346.3062744140625,71783.734375,1336.5799560546875,1799445.9810924977,1794593.359375,0.27040229989414577
2024-09-03,1277.78466796875,69950.546875,1337.550048828125,1709100.945033431,1748763.671875,-2.268043846029988
2024-09-04,1272.9591064453125,67538.453125,1340.4100341796875,1706287.1593797058,1688461.328125,1.0557441238231435
2024-09-05,1247.86669921875,66573.6171875,1331.010009765625,1660923.0675133467,1664340.4296875,-0.2053283158419128
2024-09-06,1223.739501953125,66477.1484375,1332.7900390625,1630987.8186104298,1661928.7109375,-1.8617460618762904
2024-09-09,1219.8787841796875,65126.37109375,1337.77001953125,1631917.264937818,1628159.27734375,0.23081203702619568
2024-09-10,1191.891357421875,63872.0859375,1341.27001953125,1598648.1442483664,1596802.1484375,0.11560579453582243
2024-09-11,1162.9384765625,62617.796875,1343.3399658203125,1562221.733356595,1565444.921875,-0.20589600268685615
2024-09-12,1178.3800048828125,63968.5703125,1339.1800537109375,1578062.9982308596,1599214.2578125,-1.3226032395791898
2024-09-13,1188.9959716796875,62135.3828125,1335.68994140625,1588129.959745109,1553384.5703125,2.236753866147856
2024-09-16,1173.5545654296875,62135.3828125,1329.510009765625,1560252.5417449176,1553384.5703125,0.4421294999110259
2024-09-17,1166.7987060546875,62135.3828125,1319.1099853515625,1539135.824052021,1553384.5703125,-0.9172710050552757
2024-09-18,1169.694091796875,62135.3828125,1322.9300537109375,1547423.467686206,1553384.5703125,-0.3837493136097492
2024-09-19,1161.973388671875,60881.09375,1322.260009765625,1536430.9442526698,1522027.34375,0.946343083901624
2024-09-20,1130.125244140625,60784.609375,1327.6099853515625,1500365.5588189662,1519615.234375,-1.2667466816987383
2024-09-23,1139.7762451171875,60398.67578125,1331.5,1517612.0703735352,1509966.89453125,0.5063141364207491
2024-09-24,1148.4620361328125,60977.578125,1333.6199951171875,1531611.9350197166,1524439.453125,0.4704996239774273
2024-09-25,1143.6365966796875,60012.73828125,1324.8900146484375,1515192.7073274404,1500318.45703125,0.991406206227885
2024-09-26,1189.961181640625,62424.83203125,1335.050048828125,1588657.7336528897,1560620.80078125,1.7965243611775872
2024-09-27,1190.4078369140625,62289.97265625,1313.300048828125,1563362.670344621,1557249.31640625,0.3925738720167882
2024-09-30,1134.1376953125,59670.2890625,1309.300048828125,1484926.5398504734,1491757.2265625,-0.4578953324574586
2024-10-01,1124.4356689453125,59670.2890625,1315.3299560546875,1479003.919020161,1491757.2265625,-0.854918435470009
2024-10-02,1129.2867431640625,59476.24609375,1324.8399658203125,1496124.2102148086,1486906.15234375,0.6199488687654187
2024-10-03,1120.554931640625,59476.24609375,1324.030029296875,1483648.3789688945,1486906.15234375,-0.21909744402633935
2024-10-04,1098.2408447265625,58797.0703125,1334.4100341796875,1465503.6031491011,1469926.7578125,-0.3009098677801636
2024-10-07,1093.3900146484375,59185.171875,1345.8800048828125,1471571.7582538575,1479629.296875,-0.5445646850978259
2024-10-08,1092.4200439453125,58505.9921875,1342.3699951171875,1466431.889056787,1462649.8046875,0.25857757319394103
2024-10-09,1100.1812744140625,58505.9921875,1341.31005859375,1475684.2096480727,1462649.8046875,0.891150083827319
2024-10-10,1059.433837890625,57147.64453125,1343.02001953125,1422840.8536559343,1428691.11328125,-0.40948386750159216
2024-10-11,1068.1654052734375,57535.74609375,1349.739990234375,1441745.5636824667,1438393.65234375,0.23303157193825808
2024-10-14,1077.8671875,57535.74609375,1348.3299560546875,1453320.6175546646,1438393.65234375,1.0377524390901227
2024-10-15,1064.28466796875,59185.171875,1357.27001953125,1444521.6720807552,1479629.296875,-2.3727311204497337
2024-10-16,1059.433837890625,57729.796875,1363.1800537109375,1444199.0760389268,1443244.921875,0.06611172847137414
2024-10-17,1060.4039306640625,57923.84765625,1364.199951171875,1446602.9904343784,1448096.19140625,-0.10311476411118958
2024-10-18,1053.61279296875,57438.72265625,1370.050048828125,1443502.258452773,1435968.06640625,0.5246768519984402
2024-10-21,1022.567138671875,57244.67578125,1369.010009765625,1399904.6484991908,1431116.89453125,-2.1809711108387475
2024-10-22,1013.8355102539062,55983.34765625,1376.5,1395544.579864502,1399583.69140625,-0.2885937844624098
2024-10-23,1026.44775390625,57341.69921875,1376.6300048828125,1413038.7764719129,1433542.48046875,-1.430282274588246
2024-10-24,1000.2529907226562,54916.07421875,1377.3399658203125,1377688.4200536087,1372901.85546875,0.34864579472977386
2024-10-25,983.760009765625,54236.90234375,1376.3199462890625,1353968.5238019526,1355922.55859375,-0.14411109096259533
2024-10-28,1011.8952026367188,56371.44921875,1387.6600341796875,1404166.531477131,1409286.23046875,-0.3632831202726061
2024-10-29,1037.1197509765625,57826.8203125,1381.969970703125,1433268.3518727124,1445670.5078125,-0.8578826138297413
2024-10-30,1028.3880615234375,57341.69921875,1383.1800537109375,1422445.8541736752,1433542.48046875,-0.774070280180772
2024-10-31,1027.41796875,57438.72265625,1378.5699462890625,1416367.5339961052,1435968.06640625,-1.3649699369149948
2024-11-01,1036.1495361328125,56565.4921875,1372.9300537109375,1422560.8382953852,1414137.3046875,0.5956658932596781
2024-11-04,1028.3880615234375,56953.59375,1379.3399658203125,1418496.7536317557,1423839.84375,-0.3752592078173689
2024-11-05,1014.8056030273438,55886.32421875,1372.8599853515625,1393186.0053068027,1397158.10546875,-0.2842985447673918
2024-11-06,974.0582275390625,55595.2578125,1378.0,1342252.2375488281,1389881.4453125,-3.4268539899072414
2024-11-07,1005.1039428710938,55595.2578125,1399.800048828125,1406944.548308298,1389881.4453125,1.2276660756458613
2024-11-08,983.760009765625,55304.16796875,1372.0799560546875,1349797.3909675777,1382604.19921875,-2.3728271814674073
2024-11-11,950.288818359375,53363.67578125,1397.199951171875,1327743.4906108975,1334091.89453125,-0.47585956757372205
2024-11-12,908.5711669921875,51423.17578125,1400.550048828125,1272499.3922947347,1285579.39453125,-1.0174402523995485
2024-11-13,872.1895751953125,49094.58203125,1406.6500244140625,1226865.4872421771,1227364.55078125,-0.040661394265884
2024-11-14,871.2194213867188,48415.40625,1399.0,1218835.9705200195,1210385.15625,0.6981921602708496
2024-11-15,954.1695556640625,51908.3046875,1400.8299560546875,1336629.2967296094,1297707.6171875,2.999264166027138
2024-11-18,980.8495483398438,55013.09765625,1394.3499755859375,1367647.543781139,1375327.44140625,-0.5584050309691002
2024-11-19,977.9389038085938,54625.00390625,1389.5,1358846.106842041,1365625.09765625,-0.49640203785382697
2024-11-20,940.1019897460938,53654.75,1392.1600341796875,1308772.418177314,1341368.75,-2.4300798585538796
2024-11-21,974.0582275390625,54722.0234375,1397.6199951171875,1361363.2552170008,1368050.5859375,-0.48882188928097703
2024-11-22,957.5652465820312,54333.92578125,1399.5999755859375,1340208.2957381532,1358348.14453125,-1.3354344293934117
2024-11-25,987.640625,56177.40234375,1403.510009765625,1386163.503238678,1404435.05859375,-1.3009896928496745
2024-11-26,989.5811157226562,56565.4921875,1395.56005859375,1381019.8798411787,1414137.3046875,-2.3418818481448445
2024-11-27,966.2968139648438,54625.00390625,1395.27001953125,1348244.9744937122,1365625.09765625,-1.2726862732946542
2024-11-28,962.4160766601562,53848.8046875,1388.469970703125,1336285.8217645437,1346220.1171875,-0.7379399027040878
2024-11-29,951.744140625,52587.48046875,1393.300048828125,1326065.1576046944,1314687.01171875,0.8654642347967867
2024-12-02,928.9450073242188,52005.328125,1399.8599853515625,1300392.944345288,1300133.203125,0.019978046838864394
2024-12-03,894.503662109375,52005.328125,1401.06005859375,1253253.353247285,1300133.203125,-3.6057728365858743
2024-12-04,910.0264892578125,51520.203125,1411.6700439453125,1284657.1340819746,1288005.078125,-0.25993251889185887
2024-12-05,922.1536865234375,52102.3515625,1410.800048828125,1300974.465974301,1302558.7890625,-0.12163159939515555
2024-12-06,918.2730102539062,52490.45703125,1399.989990234375,1285573.0226578563,1312261.42578125,-2.0337718231338564
2024-12-09,903.7203369140625,51811.28125,1424.219970703125,1287096.5517635643,1295282.03125,-0.6319457298837317
2024-12-10,894.0185546875,52393.43359375,1426.5999755859375,1275406.8482905626,1309835.83984375,-2.6284966791941144
2024-12-11,920.6984252929688,52393.43359375,1433.949951171875,1320235.4619928747,1309835.83984375,0.7939637802524491
2024-12-12,942.5274658203125,54236.90234375,1429.1500244140625,1347013.150788024,1355922.55859375,-0.6570734994604699
2024-12-13,935.7361450195312,54430.94921875,1427.8599853515625,1336100.1983205155,1360773.73046875,-1.8131987409644612
2024-12-16,931.85546875,53945.828125,1434.449951171875,1336700.0316476822,1348645.703125,-0.8857531262390084
2024-12-17,914.8773803710938,52587.48046875,1431.3499755859375,1309509.7160582915,1314687.01171875,-0.39380442754127776
2024-12-18,917.7879028320312,53266.65234375,1436.4200439453125,1318328.9397184625,1331666.30859375,-1.0015548782165928
2024-12-19,884.8019409179688,51520.203125,1451.5,1284290.0172424316,1288005.078125,-0.2884352667286483
2024-12-20,891.1080322265625,51423.17578125,1437.449951171875,1280923.1974129379,1285579.39453125,-0.36218666370347874
2024-12-23,894.503662109375,51908.3046875,1445.4200439453125,1292933.5225953758,1297707.6171875,-0.3678867665484642
2024-12-24,905.6607055664062,52781.52734375,1442.699951171875,1306596.6556989402,1319538.18359375,-0.980761910167971
2024-12-25,905.6607055664062,52781.52734375,1453.4200439453125,1316305.422483869,1319538.18359375,-0.24499185776319932
2024-12-26,905.6607055664062,52005.328125,1457.6099853515625,1320100.0877741352,1300133.203125,1.5357568440789615
2024-12-27,888.6826171875,52457.6171875,1466.989990234375,1303688.5039093494,1311440.4296875,-0.5911001066207566
2024-12-30,883.6681518554688,51969.18359375,1472.800048828125,1301466.4972005934,1299229.58984375,0.17217182970041822
2024-12-31,889.0414428710938,51969.18359375,1467.3900146484375,1304570.5358776823,1299229.58984375,0.411085621485463
2025-01-02,883.6681518554688,52164.5625,1473.52001953125,1302102.712381214,1304114.0625,-0.15423115022088485
2025-01-03,901.7421264648438,53141.421875,1471.6500244140625,1327048.822427176,1328535.546875,-0.11190701305066053
2025-01-06,946.194091796875,54606.72265625,1465.530029296875,1386675.8550716043,1365168.06640625,1.575468192863072
2025-01-07,928.1203002929688,54118.2890625,1459.449951171875,1354545.1269441992,1352957.2265625,0.1173651576357404
2025-01-08,950.1021118164062,55974.33203125,1451.8800048828125,1379434.2587431744,1399358.30078125,-1.423798467265469
2025-01-09,941.309326171875,54802.09375,1457.969970703125,1372400.730701387,1370052.34375,0.1714085569139101
2025-01-10,904.6729736328125,54020.6015625,1455.22998046875,1316507.2337502837,1350515.0390625,-2.5181359946812476
2025-01-13,888.064453125,52848.36328125,1472.25,1307452.8911132812,1321209.08203125,-1.0411819828561653
2025-01-14,898.8111572265625,52652.9921875,1458.8900146484375,1311266.6223324388,1316324.8046875,-0.3842655199574385
2025-01-15,904.6729736328125,52457.6171875,1460.43994140625,1321220.5446041226,1311440.4296875,0.7457536534048348
2025-01-16,906.6268920898438,53043.73828125,1437.219970703125,1303022.2752880305,1326093.45703125,-1.7397855046257016
2025-01-17,904.6729736328125,52457.6171875,1453.3199462890625,1314779.2774492055,1311440.4296875,0.25459393245190753
2025-01-20,901.7421264648438,52164.5625,1457.3800048828125,1314180.9446703717,1304114.0625,0.7719326445321251
2025-01-21,914.93115234375,52262.24609375,1435.530029296875,1313411.143928647,1306556.15234375,0.5246610773367966
2025-01-22,922.7469482421875,53043.73828125,1425.7900390625,1315643.4073790312,1326093.45703125,-0.7880326681962146
2025-01-23,908.5809936523438,52457.6171875,1434.3399658203125,1303214.0313802883,1311440.4296875,-0.6272796019543114
2025-01-24,913.9541625976562,52457.6171875,1433.9300537109375,1310546.3414629921,1311440.4296875,-0.06817604553497336
2025-01-27,880.7371826171875,52457.6171875,1427.6300048828125,1257366.82832025,1311440.4296875,-4.123222080330036
2025-01-28,869.5021362304688,52457.6171875,1417.9200439453125,1232884.5072144493,1311440.4296875,-5.990048857329311
2025-01-29,877.3179321289062,52457.6171875,1443.260009765625,1266197.8872919232,1311440.4296875,-3.4498358729384004
2025-01-30,885.6220703125,52457.6171875,1443.3199462890625,1278235.9989558458,1311440.4296875,-2.5319053751885923
2025-01-31,886.110595703125,51187.6953125,1441.6600341796875,1277470.2316883504,1279692.3828125,-0.17364728851989586
2025-02-03,863.1517944335938,49820.08984375,1456.780029296875,1257422.296382621,1245502.24609375,0.9570476750447865
2025-02-04,891.9724731445312,51480.75390625,1459.050048828125,1301432.4804948717,1287018.84765625,1.1199239906136471
2025-02-05,898.32275390625,51676.12890625,1450.1600341796875,1302711.7555090785,1291903.22265625,0.8366364185240949
2025-02-06,907.6039428710938,52750.6796875,1443.8900146484375,1310480.2703671232,1318766.9921875,-0.6283689134978454
2025-02-07,895.3917846679688,52457.6171875,1442.1500244140625,1291289.2841190621,1311440.4296875,-1.5365658334354992
2025-02-10,935.4475708007812,54313.65625,1450.6199951171875,1356978.9505874142,1357841.40625,-0.06351667128546845
2025-02-11,939.3553466796875,54411.34765625,1453.2099609375,1365080.5466548204,1360283.69140625,0.35263638598883595
2025-02-12,929.585693359375,54509.03125,1450.75,1348596.4446411133,1362725.78125,-1.0368437145091836
2025-02-13,950.1021118164062,54509.03125,1452.1199951171875,1379662.2739716694,1362725.78125,1.2428393852014663
2025-02-14,953.032958984375,54704.40625,1438.739990234375,1371166.6301022172,1367610.15625,0.2600502662227333
2025-02-17,949.613525390625,54704.40625,1432.5999755859375,1360416.3132906854,1367610.15625,-0.5260156139115124
2025-02-18,977.9456176757812,55583.58203125,1441.2900390625,1409503.2775009274,1389589.55078125,1.4330653759220935
2025-02-19,998.4620361328125,57341.94140625,1440.0799560546875,1437865.1651164144,1433548.53515625,0.3011150201268853
2025-02-20,997.4850463867188,57048.87890625,1439.97998046875,1436358.4976138175,1426221.97265625,0.710725619988084
2025-02-21,988.6923217773438,56853.50390625,1431.699951171875,1415510.7488126308,1421337.59765625,-0.40995530219052334
2025-02-24,980.8765869140625,55974.33203125,1434.2900390625,1406861.5181604624,1399358.30078125,0.5361898646703667
2025-02-25,967.198974609375,55876.64453125,1428.6500244140625,1381788.8386889398,1396916.11328125,-1.0829050111518468
2025-02-26,971.5953369140625,55290.52734375,1429.5,1388895.5341186523,1382263.18359375,0.4798182143330276
2025-02-27,945.2171630859375,54997.46484375,1434.4200439453125,1355838.444611594,1374936.62109375,-1.3890223148586678
2025-02-28,911.023193359375,53239.109375,1449.8599853515625,1320856.0737789571,1330977.734375,-0.7604680630360683
2025-03-03,926.1663818359375,53239.109375,1459.800048828125,1352017.7294270694,1330977.734375,1.5807924136273632
2025-03-04,901.7421264648438,53239.109375,1457.9300537109375,1314676.9468703046,1330977.734375,-1.2247227796301052
2025-03-05,913.4656982421875,52750.6796875,1452.8499755859375,1327128.6173897535,1318766.9921875,0.6340487176118792
2025-03-06,910.5347900390625,53043.73828125,1443.030029296875,1313929.0447458923,1326093.45703125,-0.9173118395886193
2025-03-07,894.414794921875,52457.6171875,1446.5,1293771.0008544922,1311440.4296875,-1.3473298849890014
2025-03-10,888.064453125,52457.6171875,1446.260009765625,1284372.104649067,1311440.4296875,-2.0640148363340494
2025-03-11,896.3687744140625,52359.93359375,1457.030029296875,1306036.2216453254,1308998.33984375,-0.2262889194174389
2025-03-12,926.1663818359375,53629.85546875,1451.02001953125,1343885.9614607692,1340746.38671875,0.2341661907963699
2025-03-13,911.023193359375,53434.48828125,1448.75,1319844.8513793945,1335862.20703125,-1.1990275319975985
2025-03-14,930.07421875,53434.48828125,1453.22998046875,1351611.7387485504,1335862.20703125,1.178978762510341
2025-03-17,975.0146484375,56267.390625,1449.050048828125,1412845.0239264965,1406684.765625,0.4379274199901806
2025-03-18,968.1759643554688,56267.390625,1442.489990234375,1396584.1373682767,1406684.765625,-0.7180449027067937
2025-03-19,984.784423828125,57146.56640625,1448.93994140625,1426893.485359311,1428664.16015625,-0.123939190631428
2025-03-20,994.5541381835938,58807.234375,1443.3900146484375,1435529.5120814815,1470180.859375,-2.356944526420335
2025-03-21,1013.1165161132812,60272.53125,1465.8199462890625,1485046.397233732,1506813.28125,-1.4445641199957393
2025-03-24,1006.2777099609375,59100.296875,1464.780029296875,1473975.4934773743,1477507.421875,-0.23904640649070608
2025-03-25,997.4850463867188,58416.48828125,1466.27001953125,1462582.418447584,1460412.20703125,0.1486026620350911
2025-03-26,1008.2315673828125,59979.47265625,1462.0899658203125,1474125.2578936964,1499486.81640625,-1.6913492159495225
2025-03-27,1020.9323120117188,60370.22265625,1465.6800537109375,1496360.1259045675,1509255.56640625,-0.8544239152543431
2025-03-28,988.058349609375,59156.625,1461.8900146484375,1444432.6351839602,1478915.625,-2.331640103947097
2025-03-31,956.5978393554688,56798.22265625,1469.4100341796875,1405634.4638235345,1419955.56640625,-1.0085599100090548
2025-04-01,981.6679077148438,57780.88671875,1471.9599609375,1444975.8550935388,1444522.16796875,0.031407418650197805
2025-04-02,985.1089477539062,57780.88671875,1469.969970703125,1448080.5710691959,1444522.16796875,0.24633772879025795
2025-04-03,942.8338012695312,56601.6875,1466.0400390625,1382232.102842629,1415042.1875,-2.318664768245371
2025-04-04,914.3226318359375,55127.6875,1450.6800537109375,1326389.6046608835,1378192.1875,-3.7587343266750617
2025-04-07,891.7103881835938,52277.94921875,1458.52001953125,1300577.4527897537,1306948.73046875,-0.4874925489013804
2025-04-08,897.6092529296875,52572.75,1469.949951171875,1319440.6775154173,1314318.75,0.38970208067239387
2025-04-09,878.9295043945312,52081.4140625,1486.1300048828125,1306203.5086574927,1302035.3515625,0.32012626154818147
2025-04-10,927.1034545898438,55422.484375,1443.949951171875,1338690.9879862815,1385562.109375,-3.3828235538182483
2025-04-11,941.8506469726562,54243.28515625,1452.0400390625,1367604.8502212167,1356082.12890625,0.8497067448459239
2025-04-14,967.4124145507812,55225.94921875,1419.050048828125,1372806.6341052204,1380648.73046875,-0.5680008383354029
2025-04-15,970.8533325195312,55619.01953125,1419.4200439453125,1378048.6799093261,1390475.48828125,-0.893709272594545
2025-04-16,943.81689453125,53751.953125,1427.02001953125,1346845.603267908,1343798.828125,0.22672851613951828
2025-04-17,949.7157592773438,54145.015625,1414.22998046875,1343116.499693662,1353625.390625,-0.776351493117744
2025-04-18,949.7157592773438,54341.5546875,1414.22998046875,1343116.499693662,1358538.8671875,-1.1352172445213915
2025-04-21,949.7157592773438,54439.81640625,1414.22998046875,1343116.499693662,1360995.41015625,-1.313664273161319
2025-04-22,948.732666015625,54046.75,1421.6400146484375,1348756.3212119043,1351168.75,-0.17854385605763357
2025-04-23,962.4967041015625,54734.62109375,1429.219970703125,1375619.5112378895,1368365.52734375,0.5301203332870319
2025-04-24,956.5978393554688,54734.62109375,1426.449951171875,1364538.9412397295,1368365.52734375,-0.2796464853545788
2025-04-25,945.7832641601562,54734.62109375,1430.06005859375,1352526.8701618612,1368365.52734375,-1.1574872989262297
2025-04-28,947.74951171875,54832.8828125,1437.3599853515625,1362257.224281013,1370822.0703125,-0.624796333307831
2025-04-29,952.6652221679688,54832.8828125,1435.8800048828125,1367912.9438582286,1370822.0703125,-0.21221765517739355
2025-04-30,949.7157592773438,54538.0859375,1431.1600341796875,1359195.2385083511,1363452.1484375,-0.31221557236367214
2025-05-01,956.5978393554688,54538.0859375,1423.75,1361956.1737823486,1363452.1484375,-0.1097196301949932
2025-05-02,948.2410888671875,53358.8828125,1435.0999755859375,1360820.7634828836,1333972.0703125,2.0126878041827334
2025-05-05,948.2410888671875,53358.8828125,1398.9000244140625,1326494.4823667258,1333972.0703125,-0.5605505626532725
2025-05-06,955.6145629882812,53358.8828125,1374.3699951171875,1313367.9822681174,1333972.0703125,-1.5445666744398845
2025-05-07,961.0219116210938,53653.68359375,1374.77001953125,1321184.1122092903,1341342.08984375,-1.5028215238372056
2025-05-08,957.5809936523438,53653.68359375,1397.2900390625,1338018.384025991,1341342.08984375,-0.247789571573509
2025-05-09,955.123046875,53850.21875,1403.8499755859375,1340849.466037035,1346255.46875,-0.4015584588848098
2025-05-12,997.8897705078125,56601.6875,1395.1700439453125,1392225.9149719626,1415042.1875,-1.612409349317545
2025-05-13,977.2437744140625,55913.8203125,1416.030029296875,1383806.5305137336,1397845.5078125,-1.0043296788023515
2025-05-14,997.8897705078125,56405.15625,1416.0,1413011.9150390625,1410128.90625,0.20445001703635057
2025-05-15,1005.7548828125,56306.890625,1407.3299560546875,1415428.975030303,1407672.265625,0.551030917829376
2025-05-16,995.9235229492188,55815.5546875,1397.02001953125,1391325.099482149,1395388.8671875,-0.29122833074782806
2025-05-19,989.04150390625,54832.8828125,1398.1300048828125,1382808.6026857495,1370822.0703125,0.8744046826235419
2025-05-20,981.1763916015625,54931.15234375,1388.550048828125,1362412.526467353,1373278.80859375,-0.7912655506221666
2025-05-21,994.9403686523438,54734.62109375,1392.72998046875,1385683.2802007496,1368365.52734375,1.2655794457652414
2025-05-22,964.4629516601562,53751.953125,1373.8599853515625,1325037.056639947,1343798.828125,-1.3961741216303336
2025-05-23,958.5640258789062,53260.6171875,1381.3399658203125,1324102.7987441495,1331515.4296875,-0.5567063496282776
2025-05-26,958.5640258789062,53751.953125,1364.72998046875,1308181.064315766,1343798.828125,-2.6505279706882434
2025-05-27,961.0219116210938,52965.81640625,1368.0999755859375,1314774.0538263693,1324145.41015625,-0.7077286420359874
2025-05-28,985.1089477539062,54931.15234375,1374.800048828125,1354327.8294730932,1373278.80859375,-1.3799804527722115
2025-05-29,989.04150390625,55127.6875,1373.5999755859375,1358547.385619104,1378192.1875,-1.4254036598865927
2025-05-30,989.04150390625,55225.94921875,1370.4100341796875,1355392.4011732936,1380648.73046875,-1.8293088414227943
2025-06-02,1020.5020751953125,55815.5546875,1381.989990234375,1410323.6529333293,1395388.8671875,1.0702956069823966
2025-06-03,1027.384033203125,55815.5546875,1376.0699462890625,1413752.2913880646,1395388.8671875,1.3160076472143123
2025-06-04,1041.14794921875,56798.22265625,1377.719970703125,1434410.322095275,1419955.56640625,1.0179723951227793
2025-06-05,1073.591796875,58075.6875,1361.0899658203125,1461255.0221135616,1451892.1875,0.64487120284622
2025-06-06,1066.7098388671875,58075.6875,1354.550048828125,1444911.8643229902,1451892.1875,-0.48077420879502064
2025-06-09,1088.3389892578125,58763.55859375,1359.18994140625,1479259.4070394635,1469088.96484375,0.6922958676498725
2025-06-10,1058.8446044921875,58173.95703125,1353.8499755859375,1433516.7419410497,1454348.92578125,-1.4324061764620644
2025-06-11,1073.591796875,58861.82421875,1363.8800048828125,1464250.3851640224,1471545.60546875,-0.4957522402035064
2025-06-12,1076.541259765625,58468.7578125,1365.68994140625,1470221.569970727,1461718.9453125,0.581686697397843
2025-06-13,1051.9625244140625,57289.55078125,1349.7900390625,1419928.5369211435,1432238.76953125,-0.8595098018562508
2025-06-16,1043.1143798828125,56208.62109375,1365.1400146484375,1423997.1798332185,1405215.52734375,1.3365673894147
2025-06-17,1043.1143798828125,57093.0234375,1357.780029296875,1416319.8732772768,1427325.5859375,-0.7710723305639045
2025-06-18,1068.6759033203125,58763.55859375,1380.5,1475307.0845336914,1469088.96484375,0.4232636578685778
2025-06-19,1051.9625244140625,58173.95703125,1370.75,1441977.6303405762,1454348.92578125,-0.8506414947175189
2025-06-20,1046.063720703125,58468.7578125,1374.8900146484375,1438222.5642807186,1461718.9453125,-1.6074486211682837
2025-06-23,1035.2491455078125,56994.75390625,1369.469970703125,1417742.6169690192,1424868.84765625,-0.5001323945675873
2025-06-24,1097.1871337890625,59451.42578125,1361.93994140625,1494302.9807043672,1486285.64453125,0.539420951996461
2025-06-25,1102.102783203125,60237.55859375,1353.780029296875,1492004.738132894,1505938.96484375,-0.925284957501693
2025-06-26,1092.271484375,59156.625,1357.030029296875,1482245.2044415474,1478915.625,0.22513653823539315
2025-06-27,1101.7193603515625,60112.6953125,1352.760009765625,1490361.8926681578,1502817.3828125,-0.8288092942491776
2025-06-30,1088.8626708984375,59124.0,1363.5899658203125,1484762.2121934146,1478100.0,0.4507281099664917
2025-07-01,1077.98388671875,59519.4765625,1348.5,1453661.2712402344,1487986.9140625,-2.3068511220001087
2025-07-02,1097.7633056640625,60112.6953125,1355.5899658203125,1488116.9220039397,1502817.3828125,-0.9781934236778977
2025-07-03,1148.2010498046875,63078.78125,1354.75,1555525.3722229004,1576969.53125,-1.3598334401617618
2025-07-04,1133.366455078125,62584.43359375,1357.0999755859375,1538091.588516444,1564610.83984375,-1.694942323802029
2025-07-07,1108.64208984375,61002.5234375,1362.199951171875,1510192.2006522417,1525063.0859375,-0.9750996809497092
2025-07-08,1099.7413330078125,60705.91015625,1374.6400146484375,1511748.4421153516,1517647.75390625,-0.38871416477995746
2025-07-09,1081.939697265625,59717.21875,1370.300048828125,1482582.0199921727,1492930.46875,-0.6931634777667672
2025-07-10,1094.7965087890625,60310.4375,1373.0,1503155.6065673828,1507760.9375,-0.30544171944481
2025-07-11,1117.54296875,61892.34765625,1372.6400146484375,1533984.1969952583,1547308.69140625,-0.8611400223495047
2025-07-14,1105.6751708984375,61793.4765625,1378.1700439453125,1523808.3988663405,1544836.9140625,-1.3612126305850736
2025-07-15,1131.388671875,62979.9140625,1382.010009765625,1563590.4694666862,1574497.8515625,-0.6927530631426038
2025-07-16,1153.1461181640625,63968.609375,1386.449951171875,1598779.3792226017,1599215.234375,-0.027254314680702496
2025-07-17,1179.848388671875,65946.0,1384.9200439453125,1633995.6822882593,1648650.0,-0.8888677227877784
2025-07-18,1189.73828125,66341.4765625,1391.5799560546875,1655615.9451384544,1658536.9140625,-0.1761172090460672
2025-07-21,1213.4735107421875,67033.5625,1390.5699462890625,1687419.7946559638,1675839.0625,0.6910408293435921
2025-07-22,1177.8704833984375,65253.91796875,1381.8199462890625,1627604.928105101,1631347.94921875,-0.22944345597403215
2025-07-23,1196.6611328125,65649.390625,1379.780029296875,1651129.1328904629,1641234.765625,0.6028611794422378
2025-07-24,1185.7822265625,65253.91796875,1373.719970703125,1628932.7255337238,1631347.94921875,-0.1480507997195124
2025-07-25,1172.925537109375,65155.046875,1372.0,1609253.8369140625,1628876.171875,-1.2046547981821254
2025-07-28,1242.1539306640625,69604.171875,1382.780029296875,1717625.6486348808,1740104.296875,-1.2917989042661393
2025-07-29,1247.0987548828125,69801.90625,1388.2900390625,1731334.7791310549,1745047.65625,-0.7858167695209639
2025-07-30,1278.7459716796875,71779.3046875,1388.8599853515625,1775999.1114954203,1794482.6171875,-1.0300186535687317
2025-07-31,1243.142822265625,70592.8671875,1392.52001953125,1731101.2671414614,1764821.6796875,-1.910698000492017
2025-08-01,1207.539794921875,68121.1328125,1391.510009765625,1680303.711824119,1703028.3203125,-1.334364685386502
2025-08-04,1244.1318359375,68912.0859375,1390.1800537109375,1729567.262507081,1722802.1484375,0.3926808470558596
2025-08-05,1232.26416015625,69109.828125,1383.5899658203125,1704948.327232182,1727745.703125,-1.3194867654183096
2025-08-06,1219.407470703125,68022.2578125,1386.5799560546875,1690805.9571402967,1700556.4453125,-0.5733704517177363
2025-08-07,1249.0767822265625,69703.046875,1384.3900146484375,1729209.424843654,1742576.171875,-0.7670681630498555
2025-08-08,1275.779052734375,70988.34375,1384.969970703125,1766915.677289188,1774708.59375,-0.4391096368303149
2025-08-11,1255.9996337890625,70197.390625,1387.81005859375,1743088.9253625274,1754934.765625,-0.6750017433413746
2025-08-12,1271.8232421875,70296.265625,1389.7900390625,1767567.273440361,1757406.640625,0.5781606021328933
2025-08-13,1283.69091796875,71087.2109375,1383.0899658203125,1775460.027857244,1777180.2734375,-0.09679634677288718
2025-08-14,1258.9664306640625,70790.6015625,1378.780029296875,1735837.7721547782,1769765.0390625,-1.9170492217257307
2025-08-15,1254.021728515625,70790.6015625,1387.8699951171875,1740419.1302318275,1769765.0390625,-1.6581810682743447
2025-08-18,1239.18701171875,69208.6953125,1387.97998046875,1719966.7643225193,1730217.3828125,-0.5924468562047425
2025-08-19,1239.18701171875,69208.6953125,1386.9100341796875,1718640.9007778764,1730217.3828125,-0.669076738542862
2025-08-20,1250.065673828125,69703.046875,1391.3399658203125,1739266.3318971694,1742576.171875,-0.1899394718722247
2025-08-21,1239.18701171875,69801.90625,1396.9100341796875,1731032.7708950639,1745047.65625,-0.80312335910947
2025-08-22,1291.602783203125,70592.8671875,1399.6099853515625,1807740.1524789631,1764821.6796875,2.4318872147503834
2025-08-25,1291.602783203125,70691.7421875,1382.8900146484375,1786144.5917837322,1767293.5546875,1.0666613390985624
2025-08-26,1243.142822265625,69505.296875,1389.050048828125,1726787.5979683995,1737632.421875,-0.6241149606830199
2025-08-27,1236.219970703125,69801.90625,1393.949951171875,1723228.7677993178,1745047.65625,-1.2503319535450141
2025-08-28,1244.1318359375,68813.2265625,1392.75,1732764.6145019531,1720330.6640625,0.7227651462127005
2025-08-29,1222.374267578125,68912.0859375,1384.4100341796875,1692267.2015582025,1722802.1484375,-1.772400092894666
2025-09-01,1195.6719970703125,66835.828125,1388.8399658203125,1660597.0555434376,1670895.703125,-0.6163549024814197
2025-09-02,1209.5177001953125,68318.8671875,1392.93994140625,1684785.5144398808,1707971.6796875,-1.3575263292340711
2025-09-03,1237.208984375,69010.9609375,1394.5699462890625,1725374.4668881893,1725274.0234375,0.005821883905099412
2025-09-04,1237.208984375,69307.5625,1389.6300048828125,1719262.7269980907,1732689.0625,-0.7748842993524296
2025-09-05,1234.2421875,68714.34375,1392.06005859375,1718139.2518501282,1717858.59375,0.0163376718636421
2025-09-08,1255.0106201171875,69307.5625,1385.510009765625,1738829.7765345275,1732689.0625,0.3544036935090533
2025-09-09,1275.779052734375,70691.7421875,1385.719970703125,1767872.5115787387,1767293.5546875,0.032759520324354696
2025-09-10,1302.4814453125,71779.3046875,1387.25,1806867.3850097656,1794482.6171875,0.6901581382647404
2025-09-11,1332.1507568359375,72570.2578125,1387.199951171875,1847959.4648363888,1814256.4453125,1.857676714389922
2025-09-12,1338.0845947265625,74547.65625,1389.5,1859268.5443725586,1863691.40625,-0.23731728668218155
2025-09-15,1366.764892578125,75635.21875,1393.699951171875,1904860.1640495658,1890880.46875,0.7393220000208256
2025-09-16,1406.323974609375,78502.4296875,1385.010009765625,1947772.781807363,1962560.7421875,-0.7535033215661957
2025-09-17,1405.3349609375,77316.0,1377.6400146484375,1936045.6761718988,1932900.0,0.1627438652749058
2025-09-18,1423.1365966796875,79392.2578125,1378.68994140625,1962064.1110894084,1984806.4453125,-1.1458212601436313
2025-09-19,1418.1915283203125,79392.2578125,1386.75,1966677.1018981934,1984806.4453125,-0.9134061135846583
2025-09-22,1483.4639892578125,82556.078125,1396.22998046875,2071256.8967475295,2063901.953125,0.3563610960972907
2025-09-23,1494.3427734375,83742.5234375,1389.3900146484375,2076224.9278761148,2093563.0859375,-0.8281650635629689
2025-09-24,1489.3980712890625,84434.609375,1391.8499755859375,2073018.669161424,2110865.234375,-1.792940856538472
2025-09-25,1489.3980712890625,85126.6875,1403.6500244140625,2090593.6391271502,2128167.1875,-1.7655355553615193
2025-09-26,1456.76171875,82358.34375,1408.9200439453125,2052460.784799099,2058958.59375,-0.31558715996645725
2025-09-29,1485.8670654296875,83619.59375,1408.7099609375,2093155.7356997728,2090489.84375,0.1275247501318022
2025-09-30,1483.880615234375,83321.6640625,1399.3299560546875,2076438.5961063206,2083041.6015625,-0.3169886502135344
2025-10-01,1552.413330078125,85407.1875,1403.1500244140625,2178268.801999837,2135179.6875,2.018055658364215
2025-10-02,1579.2303466796875,89131.3359375,1401.8199462890625,2213796.599760577,2228283.3984375,-0.6501326845176569
2025-10-03,1595.1220703125,89131.3359375,1405.6300048828125,2242151.4434820414,2228283.3984375,0.6223645095711605
2025-10-06,1631.8714599609375,89131.3359375,1406.06005859375,2294509.280610144,2228283.3984375,2.9720583216247265
2025-10-07,1611.013671875,89131.3359375,1409.9200439453125,2271400.4670464993,2228283.3984375,1.9349903445510241
2025-10-08,1662.6614990234375,89131.3359375,1414.5699462890625,2351950.987370476,2228283.3984375,5.549903976293735
2025-10-09,1638.823974609375,89131.3359375,1422.52001953125,2331259.912369609,2228283.3984375,4.621338291364441
2025-10-10,1589.1627197265625,93749.28125,1421.510009765625,2259010.713237673,2343732.03125,-3.61480394868956
2025-10-13,1623.925537109375,92656.8671875,1429.030029296875,2320638.3578713536,2316421.6796875,0.18203413570290206
2025-10-14,1595.1220703125,90968.5859375,1426.0699462890625,2274755.645135045,2274214.6484375,0.023788286559356386
2025-10-15,1659.6817626953125,94345.1484375,1429.4300537109375,2372398.991192624,2358628.7109375,0.5838256861399271
2025-10-16,1704.376953125,97026.5390625,1420.0899658203125,2420368.6091082096,2425663.4765625,-0.21828532710538306
2025-10-17,1693.4515380859375,97225.1640625,1415.719970703125,2397453.1618861854,2430629.1015625,-1.3649116459186539
2025-10-20,1719.275390625,97423.78125,1419.739990234375,2440924.0262961388,2435594.53125,0.21881700659771575
2025-10-21,1675.5733642578125,96827.9140625,1419.739990234375,2378878.5118083656,2420697.8515625,-1.727573712974595
2025-10-22,1669.614013671875,97920.328125,1430.739990234375,2388783.537616074,2448008.203125,-2.419300124620616
2025-10-23,1673.5869140625,95834.8125,1430.4000244140625,2393898.7627340555,2395870.3125,-0.08228950271883528
2025-10-24,1714.3092041015625,98118.953125,1435.8399658203125,2461473.6690226346,2452973.828125,0.3465116830916992
2025-10-27,1765.95703125,101296.8984375,1436.969970703125,2537627.22345829,2532422.4609375,0.20552504967370488
2025-10-28,1738.1466064453125,98814.1328125,1430.969970703125,2487235.598502785,2470353.3203125,0.6833952880938243
2025-10-29,1802.7064208984375,99807.234375,1425.969970703125,2570605.2221948802,2495180.859375,3.0228014348736565
2025-10-30,1786.8148193359375,103382.421875,1424.010009765625,2544442.188331932,2584560.546875,-1.5522313296771229
2025-10-31,1852.3677978515625,106758.984375,1424.02001953125,2637808.8276756406,2668974.609375,-1.167706189106743
2025-11-03,1938.7784423828125,110334.1640625,1427.1700439453125,2766966.514815703,2758354.1015625,0.3122301537835437
2025-11-04,1797.740234375,104176.90625,1428.969970703125,2568916.810046673,2604422.65625,-1.3632904827533099
2025-11-05,1777.875732421875,99906.546875,1439.81005859375,2559803.362470746,2497663.671875,2.4879126559540943
2025-11-06,1679.5462646484375,98516.1953125,1439.739990234375,2418109.9226631224,2462904.8828125,-1.818785632444897
2025-11-07,1639.8172607421875,97225.1640625,1447.9000244140625,2374291.4518632144,2430629.1015625,-2.317821738539605
2025-11-10,1713.3160400390625,99906.546875,1454.0,2491161.522216797,2497663.671875,-0.2603292721682582
2025-11-11,1735.1669921875,102786.5546875,1456.0899658203125,2526559.2463468313,2569663.8671875,-1.6774419950826736
2025-11-12,1730.200927734375,102389.3125,1459.8399658203125,2525816.463206023,2559732.8125,-1.3249956842508182
2025-11-13,1702.3905029296875,102091.3828125,1468.02001953125,2499143.3393606544,2552284.5703125,-2.0821044631923247
2025-11-14,1686.4989013671875,96529.984375,1468.7099609375,2476977.7355481386,2413249.609375,2.6407598254887255
2025-11-17,1720.2685546875,99906.546875,1446.530029296875,2488420.122810602,2497663.671875,-0.37008782121007444
2025-11-18,1648.75634765625,97125.8515625,1461.68994140625,2409970.569198847,2428146.2890625,-0.7485430324163378
2025-11-19,1633.85791015625,95834.8125,1456.550048828125,2379795.818816304,2395870.3125,-0.6709250329548389
2025-11-20,1660.6749267578125,99906.546875,1466.1300048828125,2434765.338476196,2497663.671875,-2.5182867536198805
2025-11-21,1597.1085205078125,94146.5234375,1473.25,2352940.1278381348,2353663.0859375,-0.030716295109722846
2025-11-24,1657.6951904296875,96033.4296875,1467.72998046875,2433048.929472506,2400835.7421875,1.3417489051398057
2025-11-25,1671.6004638671875,98615.5078125,1474.8599853515625,2465376.6356528252,2465387.6953125,-0.0004485971799028654
2025-11-26,1728.21435546875,102091.3828125,1464.9200439453125,2531695.849560201,2552284.5703125,-0.8066781028957859
2025-11-27,1747.085693359375,102786.5546875,1470.5899658203125,2569246.6900825202,2569663.8671875,-0.016234695529904197
2025-11-28,1718.2821044921875,99807.234375,1461.4000244140625,2511097.5094551295,2495180.859375,0.6378956467354646
2025-12-01,1701.397216796875,100105.171875,1465.6199951171875,2493601.7805742323,2502629.296875,-0.3607212747025801
2025-12-02,1743.11279296875,102687.2421875,1470.1700439453125,2562672.2114405036,2567181.0546875,-0.1756340184407179
2025-12-03,1752.0518798828125,103779.6640625,1467.3599853515625,2570890.8208000213,2594491.6015625,-0.9096495339690258
2025-12-04,1745.0992431640625,104375.5234375,1465.030029296875,2556622.795338601,2609388.0859375,-2.0221327323161176
2025-12-05,1809.6590576171875,107652.78125,1472.3800048828125,2664505.8120906204,2691319.53125,-0.9963038148400716
2025-12-08,1832.5032958984375,108745.1953125,1471.81005859375,2697096.7833095193,2718629.8828125,-0.7920570445839492
2025-12-09,1819.5911865234375,107652.78125,1468.510009765625,2672087.8710909784,2691319.53125,-0.7145810794933483
2025-12-10,1830.5167236328125,107255.5390625,1467.9300537109375,2687070.512441084,2681388.4765625,0.21190647786581973
2025-12-11,1811.6453857421875,106560.359375,1469.0400390625,2661379.608238101,2664008.984375,-0.09869997257220264
2025-12-12,1766.9503173828125,108149.328125,1470.8499755859375,2598918.8311840743,2703733.203125,-3.8766536513210825
2025-12-15,1767.943359375,104077.59375,1472.9100341796875,2604021.513884783,2601939.84375,0.08000454506214005
2025-12-16,1743.11279296875,102091.3828125,1467.47998046875,2557983.1273806095,2552284.5703125,0.22327279388800747
2025-12-17,1776.8824462890625,107156.21875,1471.739990234375,2615108.954149097,2678905.46875,-2.381439559741938
2025-12-18,1848.394775390625,106858.2890625,1474.0,2724533.8989257812,2671457.2265625,1.9868059962007134
2025-12-19,1804.6927490234375,105567.25,1474.3599853515625,2660766.7750142664,2639181.25,0.8178871767244633
2025-12-22,1848.394775390625,109738.3046875,1473.719970703125,2724016.294236481,2743457.6171875,-0.7086430943646027
2025-12-23,1877.1983642578125,110731.40625,1476.8399658203125,2772321.5681084543,2768285.15625,0.14580910674397707
2025-12-24,1897.06298828125,110334.1640625,1478.6700439453125,2805130.212248862,2758354.1015625,1.6957978912085725
2025-12-26,1897.06298828125,116193.5,1446.52001953125,2744139.5908606052,2904837.5,-5.532079131428002
2025-12-29,2036.1146240234375,119253.171875,1441.3299560546875,2934713.0015660077,2981329.296875,-1.5636077288696315
2025-12-30,2065.594970703125,119652.34375,1434.7099609375,2963529.679730177,2991308.59375,-0.9286542377427764
2025-12-31,2061.603515625,119652.34375,1437.9100341796875,2964400.3816173077,2991308.59375,-0.8995465124833291
2026-01-02,2213.280029296875,128234.578125,1443.6400146484375,3195179.613915235,3205864.453125,-0.3332904234098155
2026-01-05,2366.952392578125,137814.75,1440.47998046875,3409547.5362313986,3445368.75,-1.039691724393843
2026-01-06,2374.935302734375,138613.09375,1445.56005859375,3433111.6153770685,3465327.34375,-0.9296590243064728
2026-01-07,2430.816162109375,140708.765625,1444.9599609375,3512432.026647806,3517719.140625,-0.1502994913986977
2026-01-08,2337.01611328125,138513.296875,1446.1400146484375,3379652.5162941813,3462832.421875,-2.402077127826463
2026-01-09,2408.863037109375,138712.890625,1450.0799560546875,3493044.0069933236,3467822.265625,0.727307786743725
2026-01-12,2384.9140625,138513.296875,1455.239990234375,3470622.3170223236,3462832.421875,0.22495732389804513
2026-01-13,2309.07568359375,137315.78125,1464.9300537109375,3382634.365189612,3432894.53125,-1.4640754501154762
2026-01-14,2352.982177734375,140010.203125,1473.010009765625,3465966.3006028533,3500255.078125,-0.9796079644719624
2026-01-15,2478.714111328125,143602.765625,1462.9000244140625,3626110.9339773953,3590069.140625,1.0039303406318423
2026-01-16,2524.6162109375,148592.4375,1468.8399658203125,3708257.1889828444,3714810.9375,-0.1764221282703038
2026-01-19,2496.67578125,148991.609375,1471.5799560546875,3674058.0364546776,3724790.234375,-1.3620148982385616
2026-01-20,2446.7822265625,144900.078125,1471.52001953125,3600489.0298199654,3622501.953125,-0.6076718132903891
2026-01-21,2586.484130859375,149191.203125,1477.780029296875,3822254.5946772695,3729780.078125,2.47935574257121
2026-01-22,2604.44580078125,151985.421875,1464.8299560546875,3815070.227905214,3799635.546875,0.40621477612261536
2026-01-23,2620.411865234375,151785.828125,1463.260009765625,3834343.891512811,3794645.703125,1.0461632387740005
2026-01-26,2652.34375,151785.828125,1444.81005859375,3832132.9288482666,3794645.703125,0.9878979134308796
2026-01-27,2752.130859375,159170.546875,1440.97998046875,3965765.4719896317,3979263.671875,-0.33921350778467474
2026-01-28,2794.04150390625,162064.5625,1432.510009765625,4002492.4220463037,4051614.0625,-1.2123968299040389
2026-01-29,2704.233154296875,160368.0625,1429.27001953125,3865079.3732589483,4009201.5625,-3.594785320575955
2026-01-30,2748.139404296875,160168.484375,1428.760009765625,3926431.682120502,4004212.109375,-1.9424652123795294
2026-02-02,2678.288330078125,150089.34375,1448.800048828125,3880304.263392985,3752233.59375,3.413184878902764
2026-02-03,2835.9521484375,167154.015625,1452.5400390625,4119334.044470787,4178850.390625,-1.4242277322905394
2026-02-04,2752.130859375,168750.71875,1446.6800537109375,3981452.8194601536,4218767.96875,-5.625224023879216
2026-02-05,2704.233154296875,158970.953125,1460.1099853515625,3948477.83130762,3974273.828125,-0.6490744707832619
2026-02-06,2833.95654296875,158272.40625,1470.6800537109375,4167843.360827744,3956810.15625,5.3334174813619795
2026-02-09,2895.824462890625,166056.296875,1462.4000244140625,4234853.765230089,4151407.421875,2.0100735696377603
2026-02-10,2821.98193359375,165457.53125,1458.5400390625,4115973.6396574974,4136438.28125,-0.4947406488637007
2026-02-11,2949.709716796875,167453.40625,1455.3299560546875,4292800.912520081,4186335.15625,2.543173260056175
2026-02-12,3003.5947265625,178231.09375,1444.18994140625,4337761.292162418,4455777.34375,-2.648607470324338
2026-02-13,3085.420166015625,180825.71875,1440.9000244140625,4445781.992539555,4520642.96875,-1.6559807250415282
2026-02-16,3163.254150390625,180825.71875,1439.52001953125,4553567.67635262,4520642.96875,0.7283191313762094
2026-02-17,3067.45849609375,180825.71875,1440.22998046875,4417845.689917803,4520642.96875,-2.273952611228258
2026-02-18,3157.26708984375,180825.71875,1439.969970703125,4546369.798864245,4520642.96875,0.5690967035461236
2026-02-19,3211.152099609375,189607.546875,1440.1600341796875,4624572.917529613,4740188.671875,-2.4390538509863724
2026-02-20,3332.892578125,189707.34375,1447.75,4825195.229980469,4742683.59375,1.7397668345239037
2026-02-23,3310.939208984375,192601.34375,1443.43994140625,4779141.897816062,4815033.59375,-0.7454090451316064
2026-02-24,3510.513671875,199586.890625,1442.199951171875,5062862.646166325,4989672.265625,1.466837432300916
2026-02-25,3554.420166015625,203079.65625,1439.989990234375,5118329.460149705,5076991.40625,0.8142234365182688
2026-02-26,3628.2626953125,217549.71875,1426.9300537109375,5177277.0826996565,5438742.96875,-4.807469070567915
2026-02-27,3634.249755859375,216052.8125,1432.3199462890625,5205408.4151135385,5401320.3125,-3.627111262649474
2026-03-02,3550.428466796875,216052.8125,1438.5,5107291.349487305,5401320.3125,-5.443649811551432
2026-03-03,3193.1904296875,194697.015625,1452.27001953125,4637374.727689266,4867425.390625,-4.726331571077136
2026-03-04,3255.058349609375,171844.3125,1483.0699462890625,4827479.21172294,4296107.8125,12.368670024454609
2026-03-05,3117.35205078125,191204.25,1460.75,4553672.008178711,4780106.25,-4.737012735256441
2026-03-06,3021.556396484375,187811.265625,1479.510009765625,4470422.933669984,4695281.640625,-4.789035550273912
2026-03-09,3055.484130859375,173141.625,1483.8900146484375,4534002.391698986,4328540.625,4.746675253833077
2026-03-10,3277.01171875,187511.890625,1464.469970703125,4799085.25575161,4687797.265625,2.37399323862979
2026-03-11,3185.20751953125,189607.546875,1472.780029296875,4691110.023931861,4740188.671875,-1.0353733013695798
2026-03-12,3021.556396484375,187511.890625,1475.3399658203125,4457822.910713404,4687797.265625,-4.905808461427441
2026-03-13,3047.5009765625,183120.96875,1470.5799560546875,4481593.8521898985,4578024.21875,-2.106375194896437
2026-03-16,3195.18603515625,188310.234375,1501.75,4798370.628295898,4707755.859375,1.9247975389473204
2026-03-17,3334.88818359375,193499.484375,1488.9100341796875,4965348.479420006,4837487.109375,2.6431361397782904
2026-03-18,3354.845703125,208069.328125,1484.8699951171875,4981509.722818136,5201733.203125,-4.233655816383697
2026-03-19,3253.062744140625,200085.859375,1505.25,4896672.695617676,5002146.484375,-2.1085705723890458
2026-03-20,3173.23291015625,198988.125,1489.8399658203125,4727609.210407078,4974703.125,-4.9670082492193295
2026-03-23,3233.105224609375,185915.1875,1504.2099609375,4863269.083616495,4647879.6875,4.634143106065403
2026-03-24,3183.211669921875,189308.171875,1485.3599853515625,4728215.239406079,4732704.296875,-0.09485184763994292
2026-03-25,3091.407470703125,188609.609375,1497.31005859375,4628795.501095653,4715240.234375,-1.8333049639581156
2026-03-26,2877.86279296875,179728.0,1500.969970703125,4319585.632049918,4493200.0,-3.8639359020315567
2026-03-27,2893.828857421875,179728.0,1508.3599853515625,4364935.652990788,4493200.0,-2.8546324892996466
2026-03-30,2840.0,176300.0,1507.02001953125,4279936.85546875,4407500.0,-2.8942290307714114
2026-03-31,2836.0,167200.0,1516.1300048828125,4299744.693847656,4180000.0,2.864705594441541
2026-04-01,3168.0,189650.0,1503.3299560546875,4762549.30078125,4741250.0,0.4492338683100394
2026-04-02,3022.0,178400.0,1512.0899658203125,4569535.876708984,4460000.0,2.455961361187997
2026-04-03,3022.0,186200.0,1509.219970703125,4560862.751464844,4655000.0,-2.022282460475966
2026-04-06,3022.0,193100.0,1509.260009765625,4560983.749511719,4827500.0,-5.520792345691994
2026-04-07,3180.0,196500.0,1507.8499755859375,4794962.922363281,4912500.0,-2.392612267414118
2026-04-08,3492.0,210500.0,1499.1300048828125,5234961.977050781,5262500.0,-0.5232878470160296
2026-04-09,3486.0,204000.0,1477.5999755859375,5150913.514892578,5100000.0,0.9983042135799591
2026-04-10,3494.0,206000.0,1473.280029296875,5147640.422363281,5150000.0,-0.04581704148968191
2026-04-13,3378.0,201000.0,1482.1800537109375,5006804.221435547,5025000.0,-0.36210504605876936
2026-04-14,3548.0,206500.0,1476.8399658203125,5239828.198730469,5162500.0,1.497882784125304
2026-04-15,3588.0,211000.0,1469.4200439453125,5272279.117675781,5275000.0,-0.05158070756813293
2026-04-16,3692.0,217500.0,1474.06005859375,5442229.736328125,5437500.0,0.08698365660919638
2026-04-17,3840.0,216000.0,1477.9200439453125,5675212.96875,5400000.0,5.096536458333323
2026-04-20,3722.0,214500.0,1465.1500244140625,5453288.390869141,5362500.0,1.6930236059513382
2026-04-21,3680.0,219000.0,1469.260009765625,5406876.8359375,5475000.0,-1.2442587043378972
2026-04-22,3744.0,217500.0,1485.800048828125,5562835.3828125,5437500.0,2.30501853448275
2026-04-23,3802.0,224500.0,1477.9599609375,5619203.771484375,5612500.0,0.1194435899220414
2026-04-24,3742.0,219500.0,1479.949951171875,5537972.717285156,5487500.0,0.9197761692055773
2026-04-27,3788.0,224500.0,1474.68994140625,5586125.498046875,5612500.0,-0.4699243109688167
2026-04-28,3616.0,222000.0,1473.0,5326368.0,5550000.0,-4.029405405405406
2026-04-29,3756.0,226000.0,1471.989990234375,5528794.4033203125,5650000.0,-2.14523179964049
2026-04-30,3744.0,220500.0,1487.3800048828125,5568750.73828125,5512500.0,1.0204215561224528
2026-05-01,3862.0,220500.0,1474.010009765625,5692626.657714844,5512500.0,3.267603768069738
2026-05-04,3862.0,232500.0,1471.72998046875,5683821.1845703125,5812500.0,-2.2138290826612894
2026-05-05,4190.0,232500.0,1476.050048828125,6184649.704589844,5812500.0,6.402575562836033
2026-05-06,4548.0,266000.0,1473.9599609375,6703569.90234375,6650000.0,0.8055624412593998
2026-05-07,4586.0,271500.0,1444.449951171875,6624247.476074219,6787500.0,-2.4051937226634457
2026-05-08,4886.0,268500.0,1454.7900390625,7108104.130859375,6712500.0,5.893543848929239
2026-05-11,4854.0,285500.0,1460.550048828125,7089509.937011719,7137500.0,-0.6723651557027144
2026-05-12,4440.0,279000.0,1474.449951171875,6546557.783203125,6975000.0,-6.142540742607528
2026-05-13,4758.0,284000.0,1492.989990234375,7103646.373535156,7100000.0,0.051357373734584044
2026-05-14,4892.0,296000.0,1489.8399658203125,7288297.112792969,7400000.0,-1.5094984757706875
2026-05-15,4534.0,270500.0,1493.3399658203125,6770803.405029297,6762500.0,0.12278602631123903
2026-05-18,4572.0,281000.0,1497.1500244140625,6844969.911621094,7025000.0,-2.562705884397243
2026-05-19,4488.0,275500.0,1492.3199462890625,6697531.9189453125,6887500.0,-2.758157256692373
2026-05-20,4738.0,276000.0,1507.8499755859375,7144193.184326172,6900000.0,3.539031656901037
2026-05-21,4832.0,299500.0,1499.77001953125,7246888.734375,7487500.0,-3.2135060517529235
2026-05-22,4784.0,292500.0,1504.4000244140625,7197049.716796875,7312500.0,-1.5788072916666618
2026-05-25,4784.0,292500.0,1512.8299560546875,7237378.509765625,7312500.0,-1.0273024305555545
2026-05-26,5125.0,299000.0,1514.7900390625,7763298.9501953125,7475000.0,3.8568421430811073
2026-05-27,5035.0,307000.0,1505.43994140625,7579890.104980469,7675000.0,-1.2392168732186515
2026-05-28,5115.0,299500.0,1503.1099853515625,7688407.575073242,7487500.0,2.6832397338663494
2026-05-29,5335.0,317000.0,1495.2900390625,7977372.3583984375,7925000.0,0.6608499482452679
2026-06-01,5740.0,349000.0,1506.8399658203125,8649261.403808594,8725000.0,-0.8680641397295852
2026-06-02,5905.0,360500.0,1511.27001953125,8924049.465332031,9012500.0,-0.9814206343186527
2026-06-03,5850.0,360500.0,1516.5999755859375,8872109.857177734,9012500.0,-1.5577269661277704
2026-06-04,5590.0,351500.0,1530.1099853515625,8553314.818115234,8787500.0,-2.6649807326858066
2026-06-05,5075.0,329000.0,1533.0699462890625,7780329.977416992,8225000.0,-5.4063224630152895
2026-06-08,5140.0,295500.0,1554.47998046875,7990027.099609375,7387500.0,8.156035189297794
2026-06-09,4960.0,322000.0,1528.8800048828125,7583244.82421875,8050000.0,-5.798200941381992
2026-06-10,4912.0,302500.0,1525.81005859375,7494779.0078125,7562500.0,-0.8954841942148795
2026-06-11,5070.0,299000.0,1525.050048828125,7732003.747558594,7475000.0,3.438177224864125
2026-06-12,5400.0,322500.0,1517.3800048828125,8193852.0263671875,8062500.0,1.6291724200581337
2026-06-15,5670.0,337000.0,1509.5,8558865.0,8425000.0,1.588902077151344
2026-06-16,5420.0,343000.0,1513.31005859375,8202140.517578125,8575000.0,-4.348215538447519
2026-06-17,5600.0,346500.0,1510.9599609375,8461375.78125,8662500.0,-2.3217803030303075
2026-06-18,6010.0,362500.0,1525.4200439453125,9167774.464111328,9062500.0,1.1616492591594918
2026-06-19,5710.0,354000.0,1537.56005859375,8779467.934570312,8850000.0,-0.7969724907309295
2026-06-22,5810.0,353500.0,1531.3299560546875,8897027.044677734,8837500.0,0.6735733485457862
2026-06-23,5075.0,310000.0,1539.050048828125,7810678.997802734,7750000.0,0.782954810357861
2026-06-24,5440.0,340500.0,1535.25,8351760.0,8512500.0,-1.8882819383259863
2026-06-25,5590.0,358500.0,1542.760009765625,8624028.454589844,8962500.0,-3.7765304927214083
2026-06-26,5470.0,339500.0,1546.47998046875,8459245.493164062,8487500.0,-0.33289551500368386
2026-06-29,5115.0,323000.0,1535.239990234375,7852752.550048828,8075000.0,-2.752290401872093
2026-06-30,5390.0,334000.0,1541.72998046875,8309924.5947265625,8350000.0,-0.4799449733345784
2026-07-01,4922.0,314500.0,1548.6099853515625,7622258.347900391,7862500.0,-3.055537705559419
2026-07-02,4590.0,286000.0,1551.81005859375,7122808.1689453125,7150000.0,-0.38030532943619244
2026-07-03,5040.0,309500.0,1542.1300048828125,7772335.224609375,7737500.0,0.45021291902260785
2026-07-06,5040.0,318000.0,1531.0,7716240.0,7950000.0,-2.9403773584905646
2026-07-07,4714.0,296000.0,1528.760009765625,7206574.686035156,7400000.0,-2.6138555941195074
2026-07-08,4620.0,277500.0,1519.8599853515625,7021753.132324219,6937500.0,1.2144595650337875
2026-07-09,4888.0,278000.0,1503.3499755859375,7348374.6806640625,6950000.0,5.732009793727522
2026-07-10,4834.0,285000.0,1505.9100341796875,7279569.105224609,7125000.0,2.169390950520844
2026-07-13,4450.0,254500.0,1498.47998046875,6668235.9130859375,6362500.0,4.8052795769891965
2026-07-14,4682.0,263000.0,1497.699951171875,7012231.171386719,6575000.0,6.649903747326524
2026-07-15,4402.0,279500.0,1487.8800048828125,6549647.781494141,6987500.0,-6.266221373965786
2026-07-16,4294.0,255000.0,1486.199951171875,6381742.590332031,6375000.0,0.10576612285539966
2026-07-17,4200.0,255000.0,1478.8499755859375,6211169.8974609375,6375000.0,-2.569883961397057
2026-07-20,4290.0,244000.0,1487.3900146484375,6380903.162841797,6100000.0,4.604969882652399
2026-07-21,4584.0,259000.0,1475.010009765625,6761445.884765625,6475000.0,4.4238746681949825
2026-07-22,4532.0,260500.0,1479.719970703125,6706090.9072265625,6512500.0,2.9726051013675647
2026-07-23,4484.0,270000.0,1475.6300048828125,6616724.941894531,6750000.0,-1.9744453052662037
2026-07-24,4296.0,249500.0,1474.0400390625,6332476.0078125,6237500.0,1.52266144789579
2026-07-26,4296.0,249500.0,1459.42,6269668.32,6237500.0,0.5157245691382872
