,dr_close,local_close,fx_close,dr_equiv,local_equiv,premium_pct
2021-07-26,86.37528991699219,110938.1953125,1353.8499755859375,116939.18414534815,110938.1953125,5.4093081431008105
2021-07-27,87.7912826538086,109990.015625,1359.260009765625,119331.17971735261,109990.015625,8.49273821744001
2021-07-28,84.01530456542969,108093.640625,1363.030029296875,114515.3830432035,108093.640625,5.940906774045951
2021-07-29,86.8472900390625,108093.640625,1361.1099853515625,118208.71367289126,108093.640625,9.357694855502752
2021-07-30,84.01530456542969,106671.328125,1357.8199462890625,114077.65633249097,106671.328125,6.9431292716371384
2021-08-02,86.37528991699219,109990.015625,1366.239990234375,118009.37525268272,109990.015625,7.290988715761193
2021-08-03,89.67927551269531,113782.765625,1365.1600341796875,122426.56282412075,113782.765625,7.59675435171665
2021-08-04,90.1512680053711,114730.9453125,1362.449951171875,122826.59069200046,114730.9453125,7.056200362901088
2021-08-05,89.67927551269531,113782.765625,1352.969970703125,121333.36676308885,113782.765625,6.635979620124344
2021-08-06,87.7912826538086,111886.3828125,1351.050048828125,118610.41671611182,111886.3828125,6.009698172904576
2021-08-09,86.8472900390625,109990.015625,1346.3199462890625,116924.23886074126,109990.015625,6.304411538027965
2021-08-10,81.1833267211914,106671.328125,1344.68994140625,109166.40285188332,106671.328125,2.33903033808629
2021-08-11,81.65534210205078,100034.0078125,1350.75,110295.9533443451,100034.0078125,10.258456855072428
2021-08-12,75.51939392089844,95293.046875,1353.9599609375,102250.23564316332,95293.046875,7.300835681421081
2021-08-13,75.51939392089844,96241.25,1362.9300537109375,102927.65161282755,96241.25,6.9475423613342135
2021-08-16,75.51939392089844,96241.25,1369.4100341796875,103417.01581044681,96241.25,7.4560189216648975
2021-08-17,75.51939392089844,96241.25,1370.989990234375,103536.33313411847,96241.25,7.579996242898401
2021-08-18,73.63140106201172,98611.734375,1377.56005859375,101431.67716132477,98611.734375,2.8596422162104007
2021-08-19,73.15939331054688,97189.4375,1368.6300048828125,100128.14082383737,97189.4375,3.023685906030038
2021-08-20,70.79943084716797,97189.4375,1372.2099609375,97151.68423718959,97189.4375,-0.03884502656001931
2021-08-23,77.8793716430664,97663.53125,1373.1700439453125,106941.62018154282,97663.53125,9.500054741818298
2021-08-24,78.82334899902344,99559.9140625,1372.1700439453125,108159.0382599067,99559.9140625,8.637135014006226
2021-08-25,77.40736389160156,98137.6484375,1367.199951171875,105831.34413294122,98137.6484375,7.839698441868648
2021-08-26,76.46337127685547,98611.734375,1368.9300537109375,104673.00694894511,98611.734375,6.146603761064928
2021-08-27,71.74341583251953,98137.6484375,1375.27001953125,98666.56889322773,98137.6484375,0.5389577436885284
2021-08-30,77.40736389160156,98137.6484375,1369.3800048828125,106000.09634384699,98137.6484375,8.011653052145707
2021-08-31,78.82334899902344,100982.21875,1374.6700439453125,108356.09663240425,100982.21875,7.302154749302581
2021-09-01,78.82334899902344,102404.484375,1366.4599609375,107708.9503941685,102404.484375,5.179915754220099
2021-09-02,76.46337127685547,100982.21875,1368.0899658203125,104608.77099665906,100982.21875,3.5912780403817957
2021-09-03,79.7673568725586,101456.28125,1373.7900390625,109583.60031386465,101456.28125,8.010661305274924
2021-09-06,79.29535675048828,100508.109375,1371.9200439453125,108786.88931778912,100508.109375,8.236927342748679
2021-09-07,75.51939392089844,99085.828125,1371.7099609375,103590.70488525927,99085.828125,4.546439027159588
2021-09-08,75.51939392089844,100508.109375,1374.780029296875,103822.554587055,100508.109375,3.297689343343091
2021-09-09,75.51939392089844,97663.53125,1378.530029296875,104105.75231425837,97663.53125,6.5963425465003
2021-09-10,81.65534210205078,99559.9140625,1381.81005859375,112832.17305452749,99559.9140625,13.330926525002496
2021-09-13,77.40736389160156,100982.21875,1381.43994140625,106933.62423882633,100982.21875,5.893518247564078
2021-09-14,74.57539367675781,101930.390625,1382.7099609375,103116.13967768848,101930.390625,1.1632929545525084
2021-09-15,74.57539367675781,101930.390625,1381.8699951171875,103053.49889596365,101930.390625,1.1018384841627427
2021-09-16,73.15939331054688,98611.734375,1377.43994140625,100772.67043499649,98611.734375,2.1913579288433294
2021-09-17,75.99137878417969,101456.28125,1381.77001953125,105002.60894682258,101456.28125,3.4954244854333183
2021-09-20,75.0473861694336,101456.28125,1384.699951171875,103918.11196439154,101456.28125,2.4264941352672986
2021-09-21,74.57539367675781,101456.28125,1391.010009765625,103735.11908658221,101456.28125,2.2461278971647847
2021-09-22,75.0473861694336,101456.28125,1387.239990234375,104108.73525680043,101456.28125,2.6143812626686636
2021-09-23,74.10340881347656,100034.0078125,1380.719970703125,102316.05644594505,100034.0078125,2.281272822460978
2021-09-24,75.0473861694336,98611.734375,1377.8599853515625,103404.79040808883,98611.734375,4.860533143917567
2021-09-27,75.51939392089844,99085.828125,1381.300048828125,104314.94251040742,99085.828125,5.2773585126731914
2021-09-28,73.15939331054688,98137.6484375,1375.7099609375,100646.10611346364,98137.6484375,2.5560605087874944
2021-09-29,72.21541595458984,94818.9765625,1386.6500244140625,100137.50829650369,94818.9765625,5.609142733678385
2021-09-30,71.27141571044922,97663.53125,1376.3399658203125,98093.69786288496,97663.53125,0.4404577710627855
2021-10-01,71.74341583251953,94818.9765625,1370.47998046875,98322.91512891278,94818.9765625,3.695398003060224
2021-10-04,73.15939331054688,94818.9765625,1366.4300537109375,99967.19373079017,94818.9765625,5.429521974324114
2021-10-05,72.68740844726562,92827.765625,1374.52001953125,99910.2980786115,92827.765625,7.629756469872473
2021-10-06,69.85543823242188,91500.3046875,1374.449951171875,96012.80366764218,91500.3046875,4.931676452393963
2021-10-07,70.32743072509766,90741.7734375,1374.489990234375,96664.34957054816,90741.7734375,6.5268463560803625
2021-10-08,69.38343811035156,89129.8203125,1375.050048828125,95405.6999615021,89129.8203125,7.041279368676068
2021-10-11,69.85543823242188,89129.8203125,1383.0699462890625,96614.95720411465,89129.8203125,8.39801636014843
2021-10-12,63.247493743896484,86759.3671875,1379.8399658203125,87271.41960579855,86759.3671875,0.5901984245596514
2021-10-13,63.719482421875,87233.46875,1379.9599609375,87930.33447384834,87233.46875,0.7988513283192722
2021-10-14,68.43946075439453,88940.1953125,1375.030029296875,94106.31372617744,88940.1953125,5.80853054743784
2021-10-15,71.27141571044922,93301.859375,1369.72998046875,97622.59484905377,93301.859375,4.630921080241079
2021-10-18,66.55146026611328,92069.21875,1370.47998046875,91207.44396566972,92069.21875,-0.9360074909186555
2021-10-19,70.32743072509766,92638.1171875,1375.3399658203125,96724.1261696862,92638.1171875,4.410721100814374
2021-10-20,67.96745300292969,92827.765625,1366.3399658203125,92866.64741291665,92827.765625,0.04188594614429331
2021-10-21,67.96745300292969,91310.671875,1367.780029296875,92964.52485958114,91310.671875,1.8112373401930393
2021-10-22,69.38343811035156,93396.671875,1368.4300537109375,94946.3819399979,93396.671875,1.6592776100972761
2021-10-25,70.79943084716797,94818.9765625,1370.56005859375,97034.87209029868,94818.9765625,2.336974736632036
2021-10-26,78.82334899902344,96715.3359375,1354.530029296875,106768.59322892502,96715.3359375,10.394687868242226
2021-10-27,74.10340881347656,96241.25,1354.530029296875,100375.29251111671,96241.25,4.29549960242277
2021-10-28,76.46337127685547,100982.21875,1359.3299560546875,103938.9511175612,100982.21875,2.9279732651558588
2021-10-29,72.68740844726562,97663.53125,1366.239990234375,99308.44420715421,97663.53125,1.6842652893059418
2021-11-01,78.35136413574219,100982.21875,1356.550048828125,106287.54684409127,100982.21875,5.253725021853173
2021-11-02,78.82334899902344,101930.390625,1365.43994140625,107628.54903867096,101930.390625,5.590244851149806
2021-11-03,77.8793716430664,100034.0078125,1364.06005859375,106232.1402466856,100034.0078125,6.196025301518593
2021-11-04,79.29535675048828,100508.109375,1369.4599609375,108591.81615804881,100508.109375,8.042840357177706
2021-11-05,77.40736389160156,101456.28125,1368.68994140625,105946.68034920841,101456.28125,4.425944893587763
2021-11-08,76.93536376953125,101930.390625,1366.02001953125,105095.2471190989,101930.390625,3.1049194206881348
2021-11-09,77.8793716430664,103352.6796875,1391.9599609375,108404.96711011976,103352.6796875,4.888395190038608
2021-11-10,78.35136413574219,102878.578125,1365.949951171875,107024.04201546684,102878.578125,4.029472379983701
2021-11-11,76.93536376953125,101930.390625,1359.8199462890625,104618.24222881347,101930.390625,2.636948202918221
2021-11-12,76.93536376953125,100982.21875,1366.02001953125,105095.2471190989,100982.21875,4.073022379594815
2021-11-15,76.46337127685547,105249.0703125,1348.760009765625,103130.73739008419,105249.0703125,-2.0126856381022296
2021-11-16,80.2393569946289,106197.2421875,1343.5699462890625,107807.18856754247,106197.2421875,1.5159964109048962
2021-11-17,73.15939331054688,104774.953125,1339.1800537109375,97973.60026307777,104774.953125,-6.491391939644197
2021-11-18,77.8793716430664,104300.8671875,1336.7900390625,104108.3682608977,104300.8671875,-0.1845611947369985
2021-11-19,78.35136413574219,105723.140625,1343.6800537109375,105279.16517023928,105723.140625,-0.4199416061006933
2021-11-22,82.59933471679688,113308.6640625,1338.699951171875,110575.72535220534,113308.6640625,-2.4119415164820968
2021-11-23,82.12733459472656,112834.578125,1336.43994140625,109758.25023362786,112834.578125,-2.7264052761947988
2021-11-24,81.1833267211914,113308.6640625,1337.22998046875,108560.77840576693,113308.6640625,-4.1902229595736635
2021-11-25,83.54332733154297,111412.296875,1330.1300048828125,111123.48639143165,111412.296875,-0.25922675653332616
2021-11-26,80.71134948730469,109515.890625,1332.5400390625,107551.10479860008,109515.890625,-1.7940646012072015
2021-11-29,82.12733459472656,109990.015625,1352.4599609375,111073.93173788488,109990.015625,0.9854677324352634
2021-11-30,75.99137878417969,108093.640625,1343.3199462890625,102080.73486679606,108093.640625,-5.562682247944628
2021-12-01,81.65534210205078,110464.109375,1339.6300048828125,109387.94633887801,110464.109375,-0.9742196286294802
2021-12-02,83.0713119506836,113782.765625,1330.72998046875,110545.48532964662,113782.765625,-2.845141157864506
2021-12-03,78.35136413574219,111886.3828125,1328.530029296875,104092.14009070769,111886.3828125,-6.96621208574949
2021-12-06,84.01530456542969,112360.484375,1334.6800537109375,112133.55120992847,112360.484375,-0.20196883836327562
2021-12-07,84.95931243896484,115205.046875,1330.969970703125,113078.29358784668,115205.046875,-1.8460591309518715
2021-12-08,84.01530456542969,113782.765625,1325.0899658203125,111327.83705498837,113782.765625,-2.1575574794011176
2021-12-09,83.54332733154297,117101.4375,1332.010009765625,111280.54825474136,117101.4375,-4.970809385033082
2021-12-10,83.54332733154297,114256.8671875,1329.469970703125,111068.34493990801,114256.8671875,-2.7906613633642663
2021-12-13,82.59933471679688,115205.046875,1300.77197265625,107442.89955966175,115205.046875,-6.73767992452653
2021-12-14,83.0713119506836,114730.9453125,1335.6500244140625,110954.19983503874,114730.9453125,-3.2918280828021507
2021-12-15,84.48731231689453,117101.4375,1332.81005859375,112605.53967950866,117101.4375,-3.8393190694105184
2021-12-16,86.8472900390625,117575.5234375,1337.699951171875,116175.61564466357,117575.5234375,-1.1906455968963447
2021-12-17,84.48731231689453,115679.1484375,1342.68994140625,113440.26442434266,115679.1484375,-1.9354257386904772
2021-12-20,83.54332733154297,114256.8671875,1333.06005859375,111368.2728277035,114256.8671875,-2.528158202566677
2021-12-21,86.8472900390625,118049.6171875,1340.2900390625,116400.55775892735,118049.6171875,-1.3969206066576478
2021-12-22,84.95931243896484,120420.1015625,1341.8699951171875,114004.35216763336,120420.1015625,-5.327805998848756
2021-12-23,87.7912826538086,120894.1796875,1346.0799560546875,118174.08589662332,120894.1796875,-2.2499791122350676
2021-12-24,87.7912826538086,121368.296875,1341.52001953125,117773.7632204108,121368.296875,-2.961674298100514
2021-12-27,85.9032974243164,119471.890625,1342.0999755859375,115290.81337592658,119471.890625,-3.4996326141661593
2021-12-28,87.7912826538086,120894.1796875,1342.530029296875,117862.43327322789,120894.1796875,-2.507768713191072
2021-12-29,87.7912826538086,121892.375,1342.760009765625,117882.62355356477,121892.375,-3.2895834923515332
2021-12-30,93.2997817993164,125731.4765625,1344.6099853515625,125451.81823848281,125731.4765625,-0.2224250694122465
2021-12-31,93.2997817993164,125731.4765625,1346.1300048828125,125593.63572907913,125731.4765625,-0.1096311259435101
2022-01-03,90.90750122070312,125731.4765625,1351.300048828125,122843.31083837897,125731.4765625,-2.2970904367653366
2022-01-04,91.86443328857422,123332.0390625,1347.3900146484375,123777.22011436243,123332.0390625,0.3609613975787962
2022-01-05,93.2997817993164,120452.6875,1349.97998046875,125952.8376111798,120452.6875,4.5662327884380405
2022-01-06,90.42904663085938,119972.7890625,1355.3599853515625,122563.91131695732,119972.7890625,2.159758287445901
2022-01-07,88.99364471435547,121892.375,1359.8199462890625,121015.33317554276,121892.375,-0.7195214831585917
2022-01-10,90.42904663085938,119492.90625,1358.9000244140625,122884.0336744152,119492.90625,2.8379320001811426
2022-01-11,88.51518249511719,122852.1484375,1355.81005859375,120009.77476514131,122852.1484375,-2.313654021121758
2022-01-12,89.47211456298828,123332.0390625,1354.1600341796875,121159.56171474513,123332.0390625,-1.7614866049964095
2022-01-13,88.99364471435547,124291.796875,1355.3699951171875,120619.31580195669,124291.796875,-2.9547252235292087
2022-01-14,89.47211456298828,123332.0390625,1358.0,121503.13157653809,123332.0390625,-1.4829135234155078
2022-01-17,88.51518249511719,121892.375,1357.3800048828125,120148.73884742521,121892.375,-1.4304718835569386
2022-01-18,89.95057678222656,121412.46875,1357.199951171875,122080.91841671988,121412.46875,0.5505609708804204
2022-01-19,88.03673553466797,121892.375,1349.8599853515625,118837.26653922629,121892.375,-2.5063983376923393
2022-01-20,89.95057678222656,119972.7890625,1346.030029296875,121076.17750145122,119972.7890625,0.9196989147067347
2022-01-21,86.12288665771484,114214.1015625,1347.52001953125,116052.31391109154,114214.1015625,1.6094443010486126
2022-01-24,79.90290069580078,114214.1015625,1351.8299560546875,108015.13473624643,114214.1015625,-5.427496904015294
2022-01-25,80.85983276367188,113254.3203125,1353.010009765625,109404.16311722249,113254.3203125,-3.3995676144220055
2022-01-26,81.81674194335938,113254.3203125,1350.8499755859375,110522.14385670796,113254.3203125,-2.412425811442076
2022-01-27,78.94598388671875,108935.296875,1344.75,106162.61183166504,108935.296875,-2.545258628630287
2022-01-28,83.25212097167969,115653.78125,1340.0400390625,111561.17543892562,115653.78125,-3.5386701297968837
2022-01-31,88.03673553466797,115653.78125,1346.719970703125,118560.82990004681,115653.78125,2.5135785606203997
2022-02-01,82.77367401123047,115653.78125,1354.18994140625,112091.27675924823,115653.78125,-3.080318215494382
2022-02-02,83.73059844970703,115653.78125,1353.6600341796875,113342.76475931611,115653.78125,-1.9982195702606065
2022-02-03,86.12288665771484,119013.0234375,1355.010009765625,116697.373491114,119013.0234375,-1.9457113847729968
2022-02-04,84.68751525878906,119492.90625,1372.1800537109375,116206.51923645101,119492.90625,-2.750277917480126
2022-02-07,83.73059844970703,118053.2265625,1371.1400146484375,114806.37398485374,118053.2265625,-2.7503293829307607
2022-02-08,80.3813705444336,118053.2265625,1367.8900146484375,109952.87413148675,118053.2265625,-6.8616103658333705
2022-02-09,82.2951889038086,118053.2265625,1364.3199462890625,112276.9677050924,118053.2265625,-4.892927559544102
2022-02-10,89.95057678222656,124291.796875,1362.6700439453125,122572.95641674288,124291.796875,-1.3829074013514853
2022-02-11,91.86443328857422,126691.265625,1367.9100341796875,125662.28007967118,126691.265625,-0.8121992785000365
2022-02-14,88.51518249511719,127171.1796875,1359.3699951171875,120324.88319618441,127171.1796875,-5.383528334123433
2022-02-15,87.55826568603516,121892.375,1352.300048828125,118405.04696253128,121892.375,-2.8609894896778565
2022-02-16,91.86443328857422,125251.6015625,1359.0,124843.76483917236,125251.6015625,-0.32561397877545195
2022-02-17,90.90750122070312,127651.0390625,1359.6700439453125,123604.20617971197,127651.0390625,-3.170231055312156
2022-02-18,90.42904663085938,126211.375,1360.0999755859375,122992.54411489144,126211.375,-2.5503492732794952
2022-02-21,89.47211456298828,126211.375,1353.1500244140625,121069.19400528539,126211.375,-4.074261131149715
2022-02-22,92.34288787841797,126211.375,1348.199951171875,124496.67692875303,126211.375,-1.3585923386437715
2022-02-23,88.99364471435547,126211.375,1349.989990234375,120140.52955885418,126211.375,-4.810062041670826
2022-02-24,84.20903778076172,117573.3359375,1347.0400390625,113432.9455416128,117573.3359375,-3.5215385894027507
2022-02-25,85.64442443847656,118053.2265625,1349.0999755859375,115542.8909190204,118053.2265625,-2.126443907190101
2022-02-28,84.20903778076172,118053.2265625,1348.75,113576.93970680237,118053.2265625,-3.7917530812491496
2022-03-01,84.20903778076172,118053.2265625,1346.199951171875,113362.202548692,118053.2265625,-3.973651674250911
2022-03-02,87.55826568603516,119972.7890625,1340.530029296875,117374.48446528427,119972.7890625,-2.165744930596003
2022-03-03,88.99364471435547,123811.921875,1335.6600341796875,118865.25454095099,123811.921875,-3.9953077693464345
2022-03-04,85.64442443847656,123811.921875,1334.1600341796875,114263.36823613755,123811.921875,-7.712143947254635
2022-03-07,84.20903778076172,114693.9921875,1330.1800537109375,112013.18239815999,114693.9921875,-2.337358512168153
2022-03-08,84.20903778076172,113254.3203125,1336.300048828125,112528.54129820131,113254.3203125,-0.6408400247302382
2022-03-09,84.20903778076172,113254.3203125,1342.8199462890625,113077.57558981609,113254.3203125,-0.1560600268459722
2022-03-10,82.2951889038086,113254.3203125,1352.949951171875,111341.27180908807,113254.3203125,-1.6891616126725295
2022-03-11,79.4244384765625,113254.3203125,1351.7099609375,107358.80463063717,113254.3203125,-5.2055547775974205
2022-03-14,80.85983276367188,111334.7578125,1347.81005859375,108983.69593508542,111334.7578125,-2.1117052065393938
2022-03-15,77.5105972290039,111334.7578125,1357.699951171875,105236.13407312147,111334.7578125,-5.477735667821982
2022-03-16,79.90290069580078,111334.7578125,1361.219970703125,108765.42414423265,111334.7578125,-2.30775520488794
2022-03-17,86.12288665771484,111334.7578125,1346.3299560546875,115949.82220918406,111334.7578125,4.1452143853012435
2022-03-18,86.12288665771484,119013.0234375,1342.81005859375,115646.67847910896,119013.0234375,-2.8285517510265423
2022-03-21,82.77367401123047,119013.0234375,1336.5,110627.01531600952,119013.0234375,-7.046294497252569
2022-03-22,86.6013412475586,118533.1171875,1341.800048828125,116201.68391455524,118533.1171875,-1.9669045480823821
2022-03-23,86.12288665771484,118533.1171875,1339.280029296875,115342.66216607578,118533.1171875,-2.6916148812465956
2022-03-24,84.68751525878906,115653.78125,1340.5799560546875,113530.38548400812,115653.78125,-1.8359933787222227
2022-03-25,82.77367401123047,113254.3203125,1342.8399658203125,111151.79758006241,113254.3203125,-1.8564613929394902
2022-03-28,82.2951889038086,113254.3203125,1344.219970703125,110622.83641728573,113254.3203125,-2.3235174498891342
2022-03-29,82.77367401123047,115173.890625,1344.0999755859375,111256.09321765322,115173.890625,-3.401636765144034
2022-03-30,82.51887512207031,116424.7265625,1340.6700439453125,110630.58393622376,116424.7265625,-4.976728567333833
2022-03-31,81.55937957763672,113538.1640625,1350.22998046875,110123.9194941558,113538.1640625,-3.007133853657129
2022-04-01,81.0796127319336,111613.7890625,1343.469970703125,108928.02494159155,111613.7890625,-2.4063013570881586
2022-04-04,82.9986572265625,112575.96875,1346.4000244140625,111749.39411617815,112575.96875,-0.7342371937810621
2022-04-05,82.51887512207031,112094.8828125,1331.31005859375,109858.20847385377,112094.8828125,-1.9953402711410995
2022-04-06,79.64032745361328,108727.21875,1328.1500244140625,105774.30285186041,108727.21875,-2.7158938967521307
2022-04-07,79.64032745361328,109208.3125,1326.25,105622.98428535461,109208.3125,-3.2830176866302074
2022-04-08,79.64032745361328,107765.03125,1327.47998046875,105720.94033264741,107765.03125,-1.8968035304611774
2022-04-11,79.64032745361328,107283.9375,1335.22998046875,106338.15287041292,107283.9375,-0.8815715116599621
2022-04-12,78.2010269165039,106802.8359375,1342.97998046875,105022.41360096261,106802.8359375,-1.6670178473343844
2022-04-13,79.64032745361328,108727.21875,1328.739990234375,105821.28792297654,108727.21875,-2.672680181128484
2022-04-14,80.599853515625,105840.65625,1331.1600341796875,107291.30376073718,105840.65625,1.370595725815127
2022-04-15,80.599853515625,103916.28125,1330.8699951171875,107267.92665478587,103916.28125,3.2253323198917494
2022-04-18,80.599853515625,104878.4765625,1330.93994140625,107273.56431543827,104878.4765625,2.2836790077809477
2022-04-19,79.16056823730469,108246.1171875,1330.449951171875,105319.1741460599,108246.1171875,-2.703970467938499
2022-04-20,78.68079376220703,108246.1171875,1336.97998046875,105194.6461074613,108246.1171875,-2.819012043409419
2022-04-21,78.68079376220703,108727.21875,1337.3199462890625,105221.39488805551,108727.21875,-3.224421540668254
2022-04-22,79.64032745361328,106321.75,1344.530029296875,107078.81180441938,106321.75,0.7120479153318815
2022-04-25,79.64032745361328,103916.28125,1323.1800537109375,105378.49275762867,103916.28125,1.4071053063483996
2022-04-26,77.24151611328125,106802.8359375,1337.6500244140625,103322.11591470987,106802.8359375,-3.2590146059670366
2022-04-27,76.28199768066406,104397.3671875,1340.550048828125,102259.83571552113,104397.3671875,-2.047495573465774
2022-04-28,76.76175689697266,105359.5859375,1335.43994140625,102510.71613273397,105359.5859375,-2.703949317393861
2022-04-29,79.16056823730469,108246.1171875,1334.8499755859375,105667.4825789351,108246.1171875,-2.3821959397382186
2022-05-02,78.68079376220703,106321.75,1331.1099853515625,104732.79023226071,106321.75,-1.4944823309805289
2022-05-03,79.64032745361328,105840.65625,1330.77001953125,105982.96012092009,105840.65625,0.13445104741600655
2022-05-04,81.0796127319336,105359.5859375,1325.52001953125,107472.6498520188,105359.5859375,2.005573480302303
2022-05-05,77.24151611328125,105359.5859375,1328.2099609375,102592.95109957457,105359.5859375,-2.625897599452054
2022-05-06,77.72127532958984,103435.1953125,1337.219970703125,103930.44151924364,103435.1953125,0.47879854168342284
2022-05-09,74.36294555664062,103435.1953125,1337.75,99479.030418396,103435.1953125,-3.8247763560087855
2022-05-10,76.76175689697266,105840.65625,1345.6700439453125,103295.99677686859,105840.65625,-2.404236295663942
2022-05-11,77.24151611328125,106321.75,1343.43994140625,103769.33788135648,106321.75,-2.4006490851058437
2022-05-12,75.80223083496094,104878.4765625,1343.4000244140625,101832.71875432692,104878.4765625,-2.904082808981334
2022-05-13,76.76175689697266,108246.1171875,1338.97998046875,102782.45575065538,108246.1171875,-5.047443343746605
2022-05-16,75.80223083496094,106321.75,1329.510009765625,100779.82465764508,106321.75,-5.212409824288001
2022-05-17,77.24151611328125,108246.1171875,1335.27001953125,103138.28072920442,108246.1171875,-4.718724875320913
2022-05-18,79.64032745361328,109208.3125,1334.7900390625,106303.11579275876,109208.3125,-2.660234043302556
2022-05-19,76.28199768066406,106802.8359375,1334.010009765625,101760.94847092405,106802.8359375,-4.720743061098509
2022-05-20,78.68079376220703,108246.1171875,1336.1199951171875,105126.9817773765,108246.1171875,-2.8815217498477597
2022-05-23,77.24151611328125,108727.21875,1344.3699951171875,103841.17664005607,108727.21875,-4.493853669869507
2022-05-24,79.16056823730469,104397.3671875,1343.3599853515625,106341.13978768699,104397.3671875,1.8618981039013383
2022-05-25,73.40343475341797,103916.28125,1352.5699462890625,99283.27980186325,103916.28125,-4.458398041583845
2022-05-26,73.40343475341797,99105.3359375,1353.1099853515625,99322.92052395176,99105.3359375,0.21954881076129418
2022-05-27,73.40343475341797,101991.9140625,1351.280029296875,99188.59546408989,101991.9140625,-2.7485694568809227
2022-05-30,73.40343475341797,102954.078125,1342.719970703125,98560.25776161812,102954.078125,-4.267747760362816
2022-05-31,74.84272766113281,103916.28125,1330.5899658203125,99584.98244052567,103916.28125,-4.168065636465734
2022-06-01,76.76175689697266,103916.28125,1332.3699951171875,102275.06166200619,103916.28125,-1.5793671292426148
2022-06-02,74.84272766113281,102954.078125,1327.219970703125,99332.76281375065,102954.078125,-3.5174083214582152
2022-06-03,74.84272766113281,102954.078125,1333.260009765625,99784.81581236795,102954.078125,-3.0783261531263983
2022-06-06,74.84272766113281,102954.078125,1339.949951171875,100285.50927510485,102954.078125,-2.591999169430814
2022-06-07,74.36294555664062,100067.5390625,1340.010009765625,99647.09140155464,100067.5390625,-0.4201638861956569
2022-06-08,80.12007904052734,101991.9140625,1342.1099853515625,107529.95810744818,101991.9140625,5.429885394203415
2022-06-09,73.40343475341797,101510.8125,1345.8599853515625,98790.74562198948,101510.8125,-2.6795833970992167
2022-06-10,73.40343475341797,99586.4453125,1341.0,98434.0060043335,99586.4453125,-1.1572250666746609
2022-06-13,71.00463104248047,95256.59375,1343.010009765625,95359.9302297663,95256.59375,0.1084822327759305
2022-06-14,69.08558654785156,95352.8125,1343.219970703125,92797.13953881338,95352.8125,-2.680228190633205
2022-06-15,69.08558654785156,94198.1875,1343.1400146484375,92791.61572787724,94198.1875,-1.4932047096158363
2022-06-16,66.686767578125,93717.09375,1334.97998046875,89025.49967896938,93717.09375,-5.006124158679026
2022-06-17,67.64630889892578,92754.90625,1356.97998046875,91794.68692844734,92754.90625,-1.0352221358130742
2022-06-20,68.60582733154297,90926.7578125,1354.5799560546875,92932.07857185695,90926.7578125,2.2054242421049697
2022-06-21,70.04508972167969,91600.265625,1357.1600341796875,95062.39636079408,91600.265625,3.779607746955249
2022-06-22,68.60582733154297,88713.703125,1358.3399658203125,93190.03715260234,88713.703125,5.045820284714142
2022-06-23,64.28797149658203,86789.3359375,1368.22998046875,87960.72998514399,86789.3359375,1.3496981339822023
2022-06-24,62.36893081665039,88136.3984375,1366.3399658203125,85217.16280027153,88136.3984375,-3.312179404855742
2022-06-27,64.76773834228516,91407.8359375,1359.3499755859375,88042.02353434172,91407.8359375,-3.6821924166979048
2022-06-28,69.56535339355469,91696.4921875,1359.010009765625,94540.01159472391,91696.4921875,3.101012197292685
2022-06-29,63.5287971496582,90731.28125,1358.050048828125,86275.28607108537,90731.28125,-4.911200544646366
2022-06-30,62.0849609375,87835.5859375,1358.010009765625,84311.99840903282,87835.5859375,-4.011571723304053
2022-07-01,63.5287971496582,84457.296875,1348.0400390625,85639.36219121888,84457.296875,1.399601171191156
2022-07-04,65.9351806640625,86001.65625,1352.9000244140625,89203.70753015578,86001.65625,3.7232437371295113
2022-07-05,69.7854232788086,89283.421875,1349.3199462890625,94162.8635903215,89283.421875,5.465115037988677
2022-07-06,67.86032104492188,88897.34375,1340.6600341796875,90977.62033152953,88897.34375,2.3400885715772812
2022-07-07,64.9726333618164,90634.75,1327.219970703125,86232.97654697485,90634.75,-4.8566068235694875
2022-07-08,66.41646575927734,91503.4609375,1317.4300537109375,87499.04805253539,91503.4609375,-4.376241995589392
2022-07-11,65.45391082763672,90441.703125,1317.3199462890625,86223.74229587149,90441.703125,-4.663734409444775
2022-07-12,67.86032104492188,90055.609375,1315.3699951171875,89261.43016150966,90055.609375,-0.8818764527851908
2022-07-13,65.9351806640625,90731.28125,1308.3699951171875,86267.61200349033,90731.28125,-4.919658562090101
2022-07-14,66.41646575927734,90731.28125,1309.4300537109375,86967.71632646117,90731.28125,-4.148034582658145
2022-07-15,74.59821319580078,95267.8515625,1318.8399658203125,98383.10494140629,95267.8515625,3.2699943662134023
2022-07-18,75.56076049804688,97487.8515625,1329.6099853515625,100466.34165896103,97487.8515625,3.055242318630347
2022-07-19,69.30413818359375,96522.625,1337.030029296875,92661.71390600502,96522.625,-4.0000063135404496
2022-07-20,72.19181823730469,98453.0859375,1334.7099609375,96355.13889952004,98453.0859375,-2.1309103904694093
2022-07-21,70.26670837402344,98935.703125,1335.1199951171875,93814.48734122701,98935.703125,-5.176307058032026
2022-07-22,74.59821319580078,96522.625,1334.93994140625,99584.13435261324,96522.625,3.1718049033718776
2022-07-25,68.3415756225586,96522.625,1337.06005859375,91376.79110628739,96522.625,-5.33122041978511
2022-07-26,68.82288360595703,97005.2421875,1338.5899658203125,92125.62141375337,97005.2421875,-5.030265028682557
2022-07-27,68.3415756225586,96522.625,1326.6700439453125,90666.7211344717,96522.625,-6.066871746938396
2022-07-28,68.3415756225586,95943.4765625,1332.0400390625,91033.71506186575,95943.4765625,-5.117347918319293
2022-07-29,67.86032104492188,94495.65625,1319.699951171875,89555.26236949116,94495.65625,-5.228170348315708
2022-08-01,66.89775848388672,93723.4765625,1331.5899658203125,89080.38393301424,93723.4765625,-4.954033716823869
2022-08-02,66.41646575927734,93144.3359375,1340.1700439453125,89009.35783530306,93144.3359375,-4.439323186512933
2022-08-03,67.3790283203125,94109.5546875,1335.31005859375,89971.89425438643,94109.5546875,-4.396642239837478
2022-08-04,73.6356430053711,94109.5546875,1328.0400390625,97791.08221324533,94109.5546875,3.9119593520235085
2022-08-05,70.74797058105469,95074.796875,1334.22998046875,94394.0634065643,95074.796875,-0.7159978152051161
2022-08-08,66.41646575927734,92951.28125,1325.8599853515625,88058.93431869801,92951.28125,-5.2633453412477715
2022-08-09,66.41646575927734,91793.0078125,1323.97998046875,87934.07103877142,91793.0078125,-4.20395503501857
2022-08-10,65.45391082763672,88607.7734375,1333.6700439453125,87293.92012988683,88607.7734375,-1.4827743172441954
2022-08-11,67.3790283203125,90055.609375,1335.06005859375,89955.04949730635,90055.609375,-0.11166420214304695
2022-08-12,70.26670837402344,90055.609375,1346.030029296875,94581.09953128174,90055.609375,5.02521740476729
2022-08-15,72.19181823730469,90055.609375,1334.3599853515625,96329.87352563255,90055.609375,6.967099766662965
2022-08-16,67.3790283203125,93337.3828125,1333.260009765625,89833.76395633817,93337.3828125,-3.7537144824384527
2022-08-17,73.15436553955078,93723.4765625,1332.0799560546875,97447.46403313335,93723.4765625,3.973377436708714
2022-08-18,67.3790283203125,92372.171875,1336.699951171875,90065.5438657701,92372.171875,-2.497102712222976
2022-08-19,67.3790283203125,93047.8046875,1336.7900390625,90071.61390030384,93047.8046875,-3.1985609947399185
2022-08-22,70.26670837402344,91889.5390625,1339.18994140625,94100.4690702185,91889.5390625,2.406073673102993
2022-08-23,67.3790283203125,90345.171875,1333.300048828125,89836.46174946427,90345.171875,-0.5630739473710511
2022-08-24,67.3790283203125,89959.0859375,1333.93994140625,89879.57708960772,89959.0859375,-0.08838334345406818
2022-08-25,67.86032104492188,90827.8046875,1334.9300537109375,90588.78201733902,90827.8046875,-0.26316024149581896
2022-08-26,67.3790283203125,91793.0078125,1329.47998046875,89579.06925529242,91793.0078125,-2.411881482007716
2022-08-29,69.30413818359375,89283.421875,1336.050048828125,92593.79720418155,89283.421875,3.707715564280445
2022-08-30,69.30413818359375,89959.0859375,1344.550048828125,93182.8823787421,89959.0859375,3.583625164312876
2022-08-31,70.74797058105469,91889.5390625,1351.25,95598.19524765015,91889.5390625,4.035993893306666
2022-09-01,67.3790283203125,89186.9140625,1346.8499755859375,90749.44264821708,89186.9140625,1.7519706810599
2022-09-02,65.45391082763672,88511.25,1347.449951171875,88195.86894870736,88511.25,-0.35631747522788526
2022-09-05,65.45391082763672,87932.1015625,1355.6199951171875,88730.63027656171,87932.1015625,0.9081196740124975
2022-09-06,66.89775848388672,88607.7734375,1360.2900390625,91000.35450123996,88607.7734375,2.700193189514666
2022-09-07,64.01007080078125,87256.4609375,1363.3199462890625,87266.20628608018,87256.4609375,0.011168626913660162
2022-09-08,63.047523498535156,87256.4609375,1376.25,86769.15421485901,87256.4609375,-0.5584763780300928
2022-09-09,62.56623458862305,87256.4609375,1383.02001953125,86530.35498275422,87256.4609375,-0.8321515071140428
2022-09-12,65.45391082763672,87256.4609375,1384.489990234375,90620.28436255641,87256.4609375,3.8550995409564637
2022-09-13,66.41646575927734,91503.4609375,1390.8800048828125,92377.33421956282,91503.4609375,0.9550166442990671
2022-09-14,66.41646575927734,89766.046875,1386.280029296875,92071.82009856589,89766.046875,2.568647393793233
2022-09-15,65.9351806640625,88800.8203125,1386.5,91419.12799072266,88800.8203125,2.9485174450061935
2022-09-16,65.9351806640625,88028.6328125,1396.1400146484375,92054.74409817159,88028.6328125,4.573638323166018
2022-09-19,63.047523498535156,86870.375,1386.530029296875,87417.28460351937,86870.375,0.6295697509298925
2022-09-20,62.56623458862305,84939.921875,1391.3800048828125,87053.40778741753,84939.921875,2.4882126869951504
2022-09-21,62.0849609375,84939.921875,1386.050048828125,86052.86313891411,84939.921875,1.3102687633171461
2022-09-22,62.0849609375,83009.453125,1371.75,85165.04516601562,83009.453125,2.59680308671546
2022-09-23,55.34705352783203,80596.3828125,1382.5799560546875,76521.72683426645,80596.3828125,-5.055631327416843
2022-09-26,60.15985107421875,79631.171875,1377.469970703125,82868.38829670846,79631.171875,4.0652628179201455
2022-09-27,53.90322494506836,79148.5546875,1377.8499755859375,74270.55717456574,79148.5546875,-6.163091078787131
2022-09-28,53.90322494506836,78376.3828125,1365.739990234375,73617.78991007898,78376.3828125,-6.071462769345981
2022-09-29,57.98750686645508,78279.5,1383.0799560546875,80201.35844857758,78279.5,2.455123561823447
2022-09-30,59.92042541503906,80507.7578125,1404.0799560546875,84133.06828352623,80507.7578125,4.503057307184566
2022-10-03,54.12167739868164,80507.7578125,1410.7099609375,76349.98940896615,80507.7578125,-5.1644319957551925
2022-10-04,56.537818908691406,83511.0546875,1407.6300048828125,79584.33030650485,83511.0546875,-4.702041419173819
2022-10-05,58.47073745727539,86998.75,1412.52001953125,82591.08721515723,86998.75,-5.066351855449391
2022-10-06,59.92042541503906,87095.6328125,1400.4200439453125,83913.76479295082,87095.6328125,-3.6533037499126064
2022-10-07,60.88687515258789,88355.078125,1376.8900146484375,83834.53042074433,88355.078125,-5.116341697825499
2022-10-10,60.88687515258789,88355.078125,1379.06005859375,83966.6576155182,88355.078125,-4.966800553640283
2022-10-11,59.92042541503906,87386.265625,1384.8900146484375,82983.19883077405,87386.265625,-5.038625649848449
2022-10-12,60.40365982055664,91067.734375,1389.02001953125,83901.89274370857,91067.734375,-7.868694308111179
2022-10-13,61.37010955810547,91939.65625,1381.6400146484375,84791.39906883705,91939.65625,-7.774944428469022
2022-10-14,62.81980895996094,92520.9375,1397.8199462890625,87810.78198630176,92520.9375,-5.090907680975709
2022-10-17,62.81980895996094,92230.296875,1400.3499755859375,87969.71794339456,92230.296875,-4.619500398420939
2022-10-18,61.85334014892578,92811.5859375,1408.0,87089.5029296875,92811.5859375,-6.165267999693258
2022-10-19,60.88687515258789,90002.0390625,1403.8800048828125,85477.86658651428,90002.0390625,-5.026744419472539
2022-10-20,59.43719482421875,87386.265625,1399.0799560546875,83157.38792268187,87386.265625,-4.839293305501213
2022-10-21,58.47073745727539,87676.9296875,1397.5400390625,81715.19671005383,87676.9296875,-6.7996598406161235
2022-10-24,58.47073745727539,88936.3671875,1407.8800048828125,82319.78213685052,88936.3671875,-7.439684416949555
2022-10-25,58.95396041870117,90583.328125,1426.5,84097.82453727722,90583.328125,-7.159709984129902
2022-10-26,59.92042541503906,90970.8515625,1419.719970703125,85070.22461475804,90970.8515625,-6.486283074626408
2022-10-27,56.537818908691406,87192.515625,1423.550048828125,80484.41486810334,87192.515625,-7.693436424918676
2022-10-28,53.155216217041016,80798.3828125,1415.5899658203125,75245.99070785241,80798.3828125,-6.8719099459359505
2022-10-31,53.155216217041016,80120.2265625,1415.219970703125,75226.32353739906,80120.2265625,-6.108199183989216
2022-11-01,58.95396041870117,81282.796875,1408.9100341796875,83060.82638854021,81282.796875,2.1874610396029226
2022-11-02,57.98750686645508,81864.0703125,1397.7900390625,81054.35948799923,81864.0703125,-0.9890918218576905
2022-11-03,58.95396041870117,80120.2265625,1398.0,82417.63666534424,80120.2265625,2.8674533278461034
2022-11-04,54.60490417480469,81864.0703125,1387.0899658203125,75741.91466545127,81864.0703125,-7.478440326358804
2022-11-07,60.88687515258789,83801.6953125,1356.9287109375,82619.14901381359,83801.6953125,-1.411124553359755
2022-11-08,58.47073745727539,84964.2578125,1394.3699951171875,81529.84190279944,84964.2578125,-4.042189031156685
2022-11-09,62.81980895996094,86417.4765625,1384.31005859375,86962.0934222117,86417.4765625,0.6302161106472637
2022-11-10,59.92042541503906,86320.59375,1371.3800048828125,82173.67329825647,86320.59375,-4.804091667573274
2022-11-11,63.78627014160156,90583.328125,1374.9599609375,87703.5675022453,90583.328125,-3.179128745171278
2022-11-14,60.40365982055664,88064.4375,1359.1400146484375,82097.03109333059,88064.4375,-6.776181823303428
2022-11-15,62.33657455444336,88742.59375,1364.9100341796875,85083.81610574992,88742.59375,-4.122910419496362
2022-11-16,60.88687515258789,88645.703125,1362.31005859375,82946.80245671235,88645.703125,-6.428851560071203
2022-11-17,57.98750686645508,84964.2578125,1388.219970703125,80499.41508329753,84964.2578125,-5.254965845821347
2022-11-18,58.47073745727539,85642.421875,1390.1500244140625,81283.09710373962,85642.421875,-5.0901465369849745
2022-11-21,63.78627014160156,83607.921875,1382.4100341796875,88178.7798866462,83607.921875,5.46701545635826
2022-11-22,57.98750686645508,82542.234375,1391.9100341796875,80713.39266448235,82542.234375,-2.2156435724879797
2022-11-23,59.43719482421875,82542.234375,1392.77001953125,82782.34299620986,82542.234375,0.29089183619503967
2022-11-24,57.98750686645508,84189.203125,1391.699951171875,80701.2104746243,84189.203125,-4.1430403435425145
2022-11-25,61.85334014892578,82445.3671875,1380.56005859375,85392.25090022013,82445.3671875,3.5743472474544458
2022-11-28,59.92042541503906,80507.7578125,1387.530029296875,83141.38963161036,80507.7578125,3.2712770677876923
2022-11-29,61.37010955810547,81089.015625,1386.4100341796875,85084.13569006417,81089.015625,4.926832610152521
2022-11-30,57.98750686645508,82348.484375,1367.4599609375,79295.59387446567,82348.484375,-3.707281953887598
2022-12-01,58.95396041870117,82057.84375,1355.3599853515625,79903.83892950742,82057.84375,-2.6249834532028893
2022-12-02,60.88687515258789,79345.171875,1372.6700439453125,83577.58959139558,79345.171875,5.334184319448321
2022-12-05,57.98750686645508,78473.265625,1367.6199951171875,79304.87385755917,78473.265625,1.0597344534292397
2022-12-06,58.95396041870117,78473.265625,1368.719970703125,80691.46297711786,78473.265625,2.8266917840757966
2022-12-07,52.67198181152344,76438.765625,1379.9000244140625,72682.06898765825,76438.765625,-4.914648485784923
2022-12-08,55.088134765625,76341.8984375,1380.5799560546875,76053.57467386127,76341.8984375,-0.3776743433683172
2022-12-09,57.504276275634766,78957.6484375,1388.8499755859375,79864.81270150235,78957.6484375,1.1489251287928548
2022-12-12,57.98750686645508,78570.1328125,1371.81005859375,79547.84519217722,78570.1328125,1.2443817321913464
2022-12-13,55.088134765625,79732.703125,1375.6500244140625,75781.9939352572,79732.703125,-4.954941993562068
2022-12-14,53.63844299316406,79248.3125,1369.02001953125,73432.1022741273,79248.3125,-7.339222807895995
2022-12-15,53.155216217041016,77698.203125,1382.5400390625,73489.21470508352,77698.203125,-5.417098788172881
2022-12-16,57.02104568481445,75954.375,1399.5,79800.95343589783,75954.375,5.064327678159186
2022-12-19,55.088134765625,76535.6328125,1384.5899658203125,76274.47863224149,76535.6328125,-0.34121907752209246
2022-12-20,55.088134765625,75857.484375,1379.93994140625,76018.31746065617,75857.484375,0.21202006233305148
2022-12-21,56.537818908691406,75566.8359375,1362.81005859375,77050.30829971656,75566.8359375,1.9631262098144697
2022-12-22,56.537818908691406,76729.3984375,1356.3499755859375,76685.06929648574,76729.3984375,-0.05777334622317776
2022-12-23,57.504276275634766,75373.0625,1367.699951171875,78648.59585435968,75373.0625,4.345761264987313
2022-12-26,57.504276275634766,74598.015625,1359.1300048828125,78155.78729528608,74598.015625,4.76925778853261
2022-12-27,55.088134765625,74598.015625,1358.219970703125,74821.80478745699,74598.015625,0.2999934523486125
2022-12-28,52.188751220703125,73917.2265625,1352.31005859375,70575.37322120368,73917.2265625,-4.521075122414997
2022-12-29,55.802127838134766,72944.6328125,1351.280029296875,75404.30093994271,72944.6328125,3.371965876866012
2022-12-30,52.40547561645508,72944.6328125,1343.4300537109375,70403.09092216147,72944.6328125,-3.484206846131388
2023-01-02,52.40547561645508,73625.4453125,1346.3499755859375,70556.11081678374,73625.4453125,-4.168850161365556
2023-01-03,52.89071273803711,73528.1875,1354.4000244140625,71635.18262367463,73528.1875,-2.5745294977186473
2023-01-04,55.31689453125,78780.203125,1348.199951171875,74578.23450601101,78780.203125,-5.333787490141095
2023-01-05,55.802127838134766,79169.234375,1347.1600341796875,75174.39644572092,79169.234375,-5.045947407242535
2023-01-06,57.743072509765625,80822.6484375,1339.4200439453125,77342.22871856764,80822.6484375,-4.306243096727725
2023-01-09,67.44779968261719,83643.1640625,1332.8800048828125,89899.82357030176,83643.1640625,7.480180332640973
2023-01-10,59.684017181396484,84129.4765625,1328.9100341796875,79314.68931251066,84129.4765625,-5.723068116812091
2023-01-11,63.56590270996094,84907.5390625,1331.2900390625,84624.65310178697,84907.5390625,-0.3331694262211471
2023-01-12,60.169254302978516,84421.2421875,1335.4100341796875,80350.62594530685,84421.2421875,-4.821791455226743
2023-01-13,59.19877624511719,83351.375,1343.3499755859375,79524.67462359555,83351.375,-4.591046490120232
2023-01-16,59.19877624511719,83448.640625,1339.3499755859375,79287.87951861508,83448.640625,-4.986014242080317
2023-01-17,59.19877624511719,83643.1640625,1342.7099609375,79486.7865396291,83643.1640625,-4.969177779746781
2023-01-18,58.71354675292969,82767.84375,1333.3800048828125,78287.46925610863,82767.84375,-5.41318257296195
2023-01-19,58.22830581665039,83156.875,1335.449951171875,77760.98815966677,83156.875,-6.488804251402225
2023-01-20,60.65449905395508,85199.3203125,1333.530029296875,80884.59590040799,85199.3203125,-5.064270931113257
2023-01-23,63.56590270996094,85199.3203125,1334.8199462890625,84849.03484112583,85199.3203125,-0.41113646222689093
2023-01-24,60.65449905395508,85199.3203125,1335.9599609375,81031.98218680546,85199.3203125,-4.891280952018507
2023-01-25,63.56590270996094,88895.1953125,1340.8399658203125,85231.70281696133,88895.1953125,-4.12113667410271
2023-01-26,63.56590270996094,88895.1953125,1344.3399658203125,85454.1834764462,88895.1953125,-3.870863688366233
2023-01-27,66.47730255126953,88992.4296875,1340.8199462890625,89134.09323623497,88992.4296875,0.15918606698617221
2023-01-30,63.0806770324707,88214.3671875,1335.1800537109375,84224.06174833653,88214.3671875,-4.5234189921490415
2023-01-31,63.0806770324707,86074.6484375,1336.1600341796875,84285.87957978388,86074.6484375,-2.078159934646684
2023-02-01,63.0806770324707,88895.1953125,1338.489990234375,84432.85478516947,88895.1953125,-5.019776953797916
2023-02-02,67.44779968261719,88895.1953125,1344.469970703125,90681.54126327857,88895.1953125,2.0094966263349834
2023-02-03,67.9330062866211,89673.25,1334.68994140625,90669.50018024072,89673.25,1.1109781124702511
2023-02-06,63.0806770324707,86658.2265625,1344.1700439453125,84791.15641883621,86658.2265625,-2.154521524066977
2023-02-07,62.595436096191406,88311.6171875,1351.4599609375,84595.22562142462,88311.6171875,-4.208270309652329
2023-02-08,67.9330062866211,92299.265625,1345.72998046875,91419.48322327808,92299.265625,-0.9531846171955127
2023-02-09,64.53638458251953,92299.265625,1349.5799560546875,87097.01106880512,92299.265625,-5.636290300868662
2023-02-10,66.47730255126953,90937.6328125,1357.1199951171875,90217.6765137827,90937.6328125,-0.7917033646584359
2023-02-13,61.624961853027344,88117.1171875,1352.1300048828125,83324.959971237,88117.1171875,-5.438395364280946
2023-02-14,65.99209594726562,90840.375,1364.06005859375,90017.18226455152,90840.375,-0.9061969806360648
2023-02-15,61.624961853027344,89186.953125,1364.72998046875,84101.43298606947,89186.953125,-5.702089779659714
2023-02-16,62.595436096191406,90354.0703125,1371.280029296875,85835.87144383602,90354.0703125,-5.00054823544448
2023-02-17,61.624961853027344,89478.75,1375.06005859375,84738.02365646139,89478.75,-5.298158885253324
2023-02-20,64.53638458251953,89965.046875,1384.4200439453125,89345.46437980328,89965.046875,-0.6886924608149103
2023-02-21,61.13972091674805,88700.671875,1384.1500244140625,84626.54619958578,88700.671875,-4.593117041047467
2023-02-22,59.19877624511719,86658.2265625,1389.47998046875,82255.51446083933,86658.2265625,-5.080547198234353
2023-02-23,65.99209594726562,90159.5546875,1379.8800048828125,91061.17367793992,90159.5546875,1.0000260023077967
2023-02-24,61.13972091674805,88506.140625,1374.5699462890625,84040.82289666263,88506.140625,-5.045206690524329
2023-02-27,66.96257019042969,87533.5625,1384.969970703125,92741.14887484536,87533.5625,5.949245325009311
2023-02-28,60.169254302978516,86949.9765625,1397.050048828125,84059.459661928,86949.9765625,-3.3243446575218827
2023-03-01,62.110198974609375,86949.9765625,1398.3699951171875,86853.03863685206,86949.9765625,-0.11148700606982143
2023-03-02,60.169254302978516,85685.609375,1391.5,83725.5173625946,85685.609375,-2.2875393274349287
2023-03-03,60.169254302978516,84907.5390625,1388.3199462890625,83534.17590216408,84907.5390625,-1.617480821491013
2023-03-06,60.65449905395508,87241.7734375,1376.030029296875,83462.41211020108,87241.7734375,-4.332054677919228
2023-03-07,60.169254302978516,86463.703125,1384.72998046875,83318.17033578269,86463.703125,-3.6379806502965018
2023-03-08,60.65449905395508,84421.2421875,1389.25,84264.26281070709,84421.2421875,-0.1859477220724326
2023-03-09,58.71354675292969,83254.125,1386.989990234375,81435.10163747147,83254.125,-2.184904787034314
2023-03-10,54.83165740966797,81017.1640625,1401.530029296875,76848.21441576816,81017.1640625,-5.145761018635186
2023-03-13,55.802127838134766,81989.75,1403.010009765625,78290.94392312411,81989.75,-4.5113030310202085
2023-03-14,55.802127838134766,78877.453125,1389.0400390625,77511.38983205333,78877.453125,-1.7318805803501536
2023-03-15,53.37594985961914,76932.25,1395.3599853515625,74478.6646142439,76932.25,-3.1892806797618745
2023-03-16,53.37594985961914,76834.984375,1388.300048828125,74101.8337963568,76834.984375,-3.5571694337878768
2023-03-17,55.802127838134766,81697.9921875,1379.3199462890625,76968.98797251144,81697.9921875,-5.788397105445764
2023-03-20,55.31689453125,81406.1875,1394.93994140625,77163.74561619759,81406.1875,-5.211448925553008
2023-03-21,55.31689453125,81308.9296875,1394.4599609375,77137.19458723068,81308.9296875,-5.130721946904016
2023-03-22,57.257835388183594,84518.5,1402.27001953125,80290.9459481053,84518.5,-5.001927450078614
2023-03-23,60.65449905395508,86074.6484375,1407.22998046875,85354.82951903902,86074.6484375,-0.8362728533055197
2023-03-24,58.22830581665039,84907.5390625,1389.449951171875,80905.31667376589,84907.5390625,-4.713624294054853
2023-03-27,56.77260208129883,83156.875,1392.949951171875,79081.39329704549,83156.875,-4.9009558174889385
2023-03-28,58.22830581665039,85977.3984375,1398.1099853515625,81409.57579236338,85977.3984375,-5.312817936049941
2023-03-29,56.77260208129883,84518.5,1404.93994140625,79762.09624158032,84518.5,-5.627648098841886
2023-03-30,58.45451736450195,86665.6171875,1415.4000244140625,82736.5253048283,86665.6171875,-4.533622456263309
2023-03-31,58.45451736450195,86470.4375,1412.739990234375,82581.0342906816,86470.4375,-4.497957130514585
2023-04-03,56.9931526184082,85104.0859375,1415.27001953125,80660.70021940209,85104.0859375,-5.221119137994279
2023-04-04,55.044673919677734,82468.9765625,1425.699951171875,78477.18891955633,82468.9765625,-4.840350649820968
2023-04-05,54.557552337646484,82566.5703125,1434.780029296875,78278.08654137421,82566.5703125,-5.1939710646749955
2023-04-06,54.070430755615234,81785.796875,1433.1300048828125,77489.95669281064,81785.796875,-5.2525503771211675
2023-04-07,54.070430755615234,86958.421875,1438.9100341796875,77802.48536667274,86958.421875,-10.529096907357205
2023-04-10,54.070430755615234,88519.9609375,1439.1199951171875,77813.83804500522,88519.9609375,-12.094586101381012
2023-04-11,59.42875671386719,89593.5234375,1439.0699462890625,85522.13773225062,89593.5234375,-4.544285735217857
2023-04-12,57.9673957824707,88129.578125,1439.699951171875,83455.65687758382,88129.578125,-5.303464905717403
2023-04-13,56.9931526184082,86568.015625,1452.7900390625,82799.08441879228,86568.015625,-4.353722537125238
2023-04-14,57.9673957824707,87153.609375,1437.06005859375,83302.62917968445,87153.609375,-4.418612405076372
2023-04-17,58.45451736450195,86372.828125,1432.6600341796875,83745.4508453845,86372.828125,-3.041902571272892
2023-04-18,58.45451736450195,85494.46875,1439.75,84159.89137554169,85494.46875,-1.5610101962980072
2023-04-19,58.45451736450195,86080.0546875,1443.1400146484375,84358.0530456747,86080.0546875,-2.0004653204238276
2023-04-20,56.0189094543457,85592.0625,1452.97998046875,81394.3539648559,85592.0625,-4.904319877960772
2023-04-21,56.9931526184082,86958.421875,1448.47998046875,82553.4405915644,86958.421875,-5.0656177842873245
2023-04-24,55.044673919677734,85104.0859375,1459.530029296875,80339.35453862417,85104.0859375,-5.598710504187798
2023-04-25,54.070430755615234,83444.9375,1472.239990234375,79604.65044761542,83444.9375,-4.602180991967996
2023-04-26,55.044673919677734,85299.28125,1468.52001953125,80834.20561961643,85299.28125,-5.234599359984138
2023-04-27,55.53179168701172,86665.6171875,1475.93994140625,81961.58936871216,86665.6171875,-5.427790133439814
2023-04-28,60.8901252746582,87348.796875,1474.75,89797.71224880219,87348.796875,2.8036051570426324
2023-05-01,60.8901252746582,87348.796875,1472.6300048828125,89668.62548053497,87348.796875,2.6558220473886562
2023-05-02,56.9931526184082,88031.9765625,1473.4300537109375,83975.42392369686,88031.9765625,-4.608044482476337
2023-05-03,56.9931526184082,87641.59375,1474.3800048828125,84029.56463581556,87641.59375,-4.121364023214646
2023-05-04,61.86436080932617,86568.015625,1474.260009765625,91204.15317090135,86568.015625,5.355485524797543
2023-05-05,56.50603103637695,86568.015625,1454.4100341796875,82182.93853097549,86568.015625,-5.06547026908879
2023-05-08,56.50603103637695,86568.015625,1450.6800537109375,81972.17213884322,86568.015625,-5.308939396353152
2023-05-09,55.53179168701172,85201.671875,1452.97998046875,80686.58160078898,85201.671875,-5.29929774246114
2023-05-10,56.50603103637695,84811.28125,1451.1199951171875,81997.03148159897,84811.28125,-3.3182493259421575
2023-05-11,56.50603103637695,84225.7109375,1444.4100341796875,81617.87822061172,84225.7109375,-3.0962430448624345
2023-05-12,55.53179168701172,85104.0859375,1451.4100341796875,80599.39967050496,85104.0859375,-5.293149227057381
2023-05-15,55.53179168701172,84323.3203125,1455.010009765625,80799.31276482157,84323.3203125,-4.179161274269738
2023-05-16,57.9673957824707,88227.1796875,1450.449951171875,84078.80638224538,88227.1796875,-4.701922151368909
2023-05-17,59.91587829589844,89691.125,1456.550048828125,87270.47545747086,89691.125,-2.6988729849571347
2023-05-18,59.42875671386719,91350.25,1443.47998046875,85784.2205806151,91350.25,-6.093064243814217
2023-05-19,63.32573318481445,94961.3203125,1436.489990234375,90966.78184423875,94961.3203125,-4.206490026798249
2023-05-22,65.27421569824219,95839.703125,1430.5799560546875,93379.9846250955,95839.703125,-2.566492194468073
2023-05-23,65.27421569824219,95546.90625,1419.0899658203125,92629.98452416621,95546.90625,-3.0528688372197132
2023-05-24,64.29998016357422,95351.6953125,1418.4599609375,91206.94735110551,95351.6953125,-4.346800492440894
2023-05-25,68.19692993164062,101012.296875,1414.8599853515625,96489.10728410259,101012.296875,-4.477860350502416
2023-05-26,71.1196517944336,106575.296875,1424.760009765625,101328.43578516506,106575.296875,-4.9231494011120365
2023-05-29,70.63253021240234,106575.296875,1392.64599609375,98366.11039427295,106575.296875,-7.702710404227576
2023-05-30,73.5552749633789,107648.859375,1414.97998046875,104079.24153105542,107648.859375,-3.3159829696937537
2023-05-31,71.6067886352539,105989.71875,1414.6600341796875,101299.26205824595,105989.71875,-4.425388374524819
2023-06-01,71.6067886352539,107648.859375,1409.5799560546875,100935.4939776985,107648.859375,-6.236355346706624
2023-06-02,76.47799682617188,107648.859375,1409.9599609375,107830.91341760755,107648.859375,0.16911841301852082
2023-06-05,77.93936157226562,106087.3203125,1396.75,108861.80327606201,106087.3203125,2.615282349850334
2023-06-06,75.99085998535156,106087.3203125,1392.1199951171875,105788.3956317585,106087.3203125,-0.2817722983868065
2023-06-07,72.5810317993164,105404.140625,1388.449951171875,100775.13005776517,105404.140625,-4.391678106559038
2023-06-08,75.01663208007812,107063.28125,1396.6400146484375,104771.23012719676,107063.28125,-2.14083773264071
2023-06-09,78.91358947753906,112626.2734375,1396.1099853515625,110172.05024952628,112626.2734375,-2.1790858501019805
2023-06-12,84.27193450927734,112040.703125,1382.3199462890625,116490.77598453965,112040.703125,3.9718358912607554
2023-06-13,86.22042083740234,116627.7265625,1378.760009765625,118877.26827577315,116627.7265625,1.9288223989067044
2023-06-14,85.24617767333984,115944.5546875,1365.1800537109375,116376.38141474221,115944.5546875,0.37244243889338335
2023-06-15,79.40072631835938,116139.7421875,1377.550048828125,109378.47441684455,116139.7421875,-5.821665902908435
2023-06-16,84.27193450927734,116042.15625,1387.3399658203125,116913.82274171244,116042.15625,0.7511636459378801
2023-06-19,76.47799682617188,112040.703125,1395.219970703125,106703.62849124521,112040.703125,-4.763514048818839
2023-06-20,76.96512603759766,113309.453125,1398.0,107597.24620056152,113309.453125,-5.041244809589651
2023-06-21,76.96512603759766,112333.484375,1403.81005859375,108044.41809251532,112333.484375,-3.8181547615549816
2023-06-22,74.52950286865234,111259.9296875,1412.77001953125,105293.04722340032,111259.9296875,-5.363011176493715
2023-06-23,73.5552749633789,110869.5390625,1419.0999755859375,104382.28890474793,110869.5390625,-5.851246620674633
2023-06-26,75.99085998535156,110771.9375,1424.18994140625,108225.41842994839,110771.9375,-2.2988846521273643
2023-06-27,77.45223999023438,110283.9609375,1420.7900390625,110043.37108120322,110283.9609375,-0.21815489238106167
2023-06-28,73.5552749633789,111552.703125,1421.22998046875,104538.96199957654,111552.703125,-6.287378906062225
2023-06-29,77.6839599609375,113705.5,1427.6199951171875,110903.17454011738,113705.5,-2.4645469743175275
2023-06-30,78.6611099243164,112726.9609375,1434.3199462890625,112825.19896168355,112726.9609375,0.08714687539390642
2023-07-03,78.6611099243164,115075.4375,1434.8499755859375,112866.89165446814,115075.4375,-1.9192156845216024
2023-07-04,77.6839599609375,115368.9921875,1422.2900390625,110489.12244737148,115368.9921875,-4.229793159844597
2023-07-05,77.19538879394531,114194.7578125,1407.6400146484375,108663.31821270101,114194.7578125,-4.843864732285907
2023-07-06,75.24105834960938,111357.0234375,1413.510009765625,106353.98912253231,111357.0234375,-4.4927873972634425
2023-07-07,76.706787109375,109399.9375,1423.510009765625,109192.87926715612,109399.9375,-0.18926723138564805
2023-07-10,73.28675842285156,107932.1484375,1422.6800537109375,104263.60940932296,107932.1484375,-3.39893079243333
2023-07-11,73.77532196044922,110965.6015625,1427.8399658203125,105339.35318639036,110965.6015625,-5.070263484257076
2023-07-12,79.1496810913086,112922.6640625,1419.030029296875,112315.77427783795,112922.6640625,-0.5374384227475826
2023-07-13,75.72964477539062,111650.5703125,1416.0799560546875,107239.23204557225,111650.5703125,-3.9510217051115903
2023-07-14,81.59256744384766,115466.8359375,1420.27001953125,115883.47735707834,115466.8359375,0.3608321092333888
2023-07-17,78.17253112792969,114684.015625,1423.469970703125,111276.2505944632,114684.015625,-2.971438532183679
2023-07-18,80.61542510986328,115271.1484375,1420.199951171875,114490.02280472778,115271.1484375,-0.6776419280629886
2023-07-19,77.19538879394531,114977.578125,1418.2900390625,109485.45098800957,114977.578125,-4.7766940533567
2023-07-20,76.706787109375,114390.4609375,1416.6500244140625,108666.67183122039,114390.4609375,-5.003729383874889
2023-07-21,74.75247192382812,112629.1015625,1420.1300048828125,106158.22831818834,112629.1015625,-5.745294204198947
2023-07-24,75.24105834960938,111552.71875,1429.8900146484375,107586.43802568689,111552.71875,-3.555521343412449
2023-07-25,74.75247192382812,110965.6015625,1412.9599609375,105622.24980947375,110965.6015625,-4.815322656559173
2023-07-26,74.75247192382812,110574.1796875,1407.239990234375,105194.66786008328,110574.1796875,-4.865070527875548
2023-07-27,83.05831909179688,121338.046875,1408.739990234375,117007.57562626153,121338.046875,-3.568931065125547
2023-07-28,90.3869857788086,125252.171875,1406.56005859375,127134.72401315346,125252.171875,1.5030095765782292
2023-07-31,82.56973266601562,120750.9140625,1368.7989501953125,113021.36339114979,120750.9140625,-6.401235743316558
2023-08-01,82.56973266601562,122414.4296875,1404.3599853515625,115957.62855732813,122414.4296875,-5.274542508309532
2023-08-02,78.6611099243164,116934.640625,1416.43994140625,111418.73793214932,116934.640625,-4.717081835946058
2023-08-03,79.1496810913086,117423.9140625,1418.489990234375,112273.03035826422,117423.9140625,-4.3865712920233335
2023-08-04,78.6611099243164,117521.7734375,1421.489990234375,111815.98037814163,117521.7734375,-4.855094415668271
2023-08-07,79.63826751708984,119283.125,1402.9620361328125,111729.46594986599,119283.125,-6.3325462425083305
2023-08-08,79.1496810913086,116053.953125,1437.699951171875,113793.49264024384,116053.953125,-1.9477668996948805
2023-08-09,77.19538879394531,115956.1328125,1442.5799560546875,111360.52057399414,115956.1328125,-3.963233446166159
2023-08-10,81.10400390625,115956.1328125,1441.0400390625,116874.11695718765,115956.1328125,0.791665022299437
2023-08-11,74.2638931274414,112824.8125,1443.18994140625,107176.90357119218,112824.8125,-5.005910316764606
2023-08-14,74.2638931274414,112433.3984375,1423.823974609375,105738.71148267947,112433.3984375,-5.954357911312269
2023-08-15,79.63826751708984,112433.3984375,1458.4100341796875,116145.2484516101,112433.3984375,3.3013766956207835
2023-08-16,81.10400390625,113314.0625,1453.8800048828125,117915.4895952344,113314.0625,4.060773211828317
2023-08-17,73.28675842285156,112335.546875,1458.75,106907.05884933472,112335.546875,-4.832386699203739
2023-08-18,75.24105834960938,114684.015625,1455.2900390625,109497.56274470687,114684.015625,-4.522385139749618
2023-08-21,81.10400390625,113901.1796875,1454.780029296875,117988.48517882824,113901.1796875,3.5884663376992254
2023-08-22,81.59256744384766,113999.0390625,1459.8399658203125,119112.0908684181,113999.0390625,4.485170969831476
2023-08-23,75.24105834960938,113509.7890625,1452.6800537109375,109301.18468457833,113509.7890625,-3.707701699281951
2023-08-24,80.61542510986328,118304.5859375,1442.0999755859375,116255.50258278381,118304.5859375,-1.7320405109221282
2023-08-25,83.05831909179688,113999.0390625,1431.6199951171875,118907.95037264004,113999.0390625,4.306098850051465
2023-08-28,78.6611099243164,113411.921875,1432.5,112682.03996658325,113411.921875,-0.6435671809011501
2023-08-29,84.03547668457031,116053.953125,1431.27001953125,120277.45835564286,116053.953125,3.6392601173126593
2023-08-30,78.6611099243164,116836.78125,1435.5400390625,112921.17281345278,116836.78125,-3.3513491168237874
2023-08-31,79.1496810913086,119185.265625,1444.8499755859375,114359.41479241196,119185.265625,-4.049033080793651
2023-09-01,80.61542510986328,117423.9140625,1441.260009765625,116187.78838110156,117423.9140625,-1.0527035240372684
2023-09-04,85.50121307373047,116641.09375,1400.14599609375,119714.18114634231,116641.09375,2.634652417551009
2023-09-05,78.6611099243164,116836.78125,1428.4000244140625,112359.53133633081,116836.78125,-3.8320551677036185
2023-09-06,77.19538879394531,115662.5390625,1428.56005859375,110278.24913864583,115662.5390625,-4.655171819239323
2023-09-07,78.6611099243164,115956.1328125,1430.1199951171875,112494.82614087593,115956.1328125,-2.9850138907451917
2023-09-08,73.77532196044922,111259.15625,1427.8299560546875,105338.61471270863,111259.15625,-5.3213971207797695
2023-09-11,76.21820831298828,113411.921875,1398.5810546875,106597.34216877073,113411.921875,-6.008697845487654
2023-09-12,76.706787109375,114194.7578125,1422.75,109134.58135986328,114194.7578125,-4.431181036300447
2023-09-13,78.17253112792969,115956.1328125,1424.9200439453125,111389.60649012588,115956.1328125,-3.9381498948038884
2023-09-14,80.1268539428711,119576.6875,1424.050048828125,114104.65026978962,119576.6875,-4.576173955488083
2023-09-15,85.01263427734375,119772.390625,1413.699951171875,120182.35692687333,119772.390625,0.34228781752958515
2023-09-18,85.9897689819336,116445.375,1413.0400390625,121506.9865212068,116445.375,4.346769050472643
2023-09-19,84.52405548095703,116641.09375,1422.3399658203125,120221.94218377862,116641.09375,3.0699715843316433
2023-09-20,77.6839599609375,115466.8359375,1416.4000244140625,110031.56278525293,115466.8359375,-4.707215806267595
2023-09-21,83.05831909179688,113999.0390625,1419.31005859375,117885.5077368766,113999.0390625,3.409211784886934
2023-09-22,77.19538879394531,114781.875,1426.9000244140625,110150.10215473361,114781.875,-4.035282439206
2023-09-25,84.52405548095703,114488.3203125,1420.0699462890625,120030.07092697639,114488.3203125,4.840450623565773
2023-09-26,75.72964477539062,112820.546875,1393.93994140625,105562.57660092413,112820.546875,-6.433198982909882
2023-09-27,82.0811538696289,112526.2265625,1429.3599853515625,117323.51689273212,112526.2265625,4.263264197851324
2023-09-28,75.44452667236328,112526.2265625,1423.739990234375,107413.38966774754,112526.2265625,-4.543684659960279
2023-09-29,75.44452667236328,112526.2265625,1428.47998046875,107770.99598741159,112526.2265625,-4.2258864625192345
2023-10-02,77.40412902832031,112526.2265625,1395.1800537109375,107992.69689518027,112526.2265625,-4.028864919594266
2023-10-03,80.34351348876953,112526.2265625,1420.7900390625,114151.26366812736,112526.2265625,1.4441407619091962
2023-10-04,77.89402770996094,113212.9609375,1425.3800048828125,111028.58959756605,113212.9609375,-1.9294357482089408
2023-10-05,79.85363006591797,117921.9765625,1408.3800048828125,112464.25590214785,117921.9765625,-4.628247269464225
2023-10-06,79.36371612548828,118118.203125,1414.22998046875,112238.54670607671,118118.203125,-4.977773334988067
2023-10-09,79.36371612548828,118118.203125,1423.31005859375,112959.17544878647,118118.203125,-4.367682152050634
2023-10-10,79.36371612548828,117235.25,1426.6099853515625,113221.0698992284,117235.25,-3.4240385044358224
2023-10-11,80.34351348876953,116940.9453125,1426.1300048828125,114580.2952840412,116940.9453125,-2.0186685015675665
2023-10-12,81.32332611083984,121846.171875,1421.3199462890625,115586.4654999068,121846.171875,-5.13738452244108
2023-10-13,84.26271057128906,122336.6953125,1417.47998046875,119440.70533483475,122336.6953125,-2.3672292031983178
2023-10-16,81.8132095336914,121748.0625,1420.489990234375,116214.84521155618,121748.0625,-4.544809317555931
2023-10-17,86.71222686767578,127536.2578125,1421.8599853515625,123292.64562387485,127536.2578125,-3.3273770623440946
2023-10-18,85.73241424560547,127536.2578125,1429.6300048828125,122565.63179656025,127536.2578125,-3.897421879233287
2023-10-19,81.32332611083984,123317.75,1425.510009765625,115927.21539843641,123317.75,-5.993082586702714
2023-10-20,84.26271057128906,123808.265625,1436.239990234375,121021.47460803017,123808.265625,-2.250892541706928
2023-10-23,82.79300689697266,121649.96875,1429.5799560546875,118359.22316140961,121649.96875,-2.7050936571575535
2023-10-24,82.79300689697266,124396.8984375,1424.8699951171875,117969.2713330267,124396.8984375,-5.16703164243496
2023-10-25,83.7728042602539,125083.6328125,1413.4200439453125,118406.16067895014,125083.6328125,-5.338405979589167
2023-10-26,78.87382507324219,117725.7734375,1427.4300537109375,112586.86836068518,117725.7734375,-4.365148706831845
2023-10-27,77.89402770996094,116842.8359375,1423.510009765625,110882.92814609036,116842.8359375,-5.100790085750429
2023-10-30,78.3839340209961,116842.8359375,1401.136962890625,109826.6272535976,116842.8359375,-6.004825736731878
2023-10-31,80.83341979980469,114095.9140625,1430.47998046875,115630.58877644688,114095.9140625,1.3450742093237489
2023-11-01,79.36371612548828,118020.09375,1429.9599609375,113486.93641065806,118020.09375,-3.841004692763972
2023-11-02,82.79300689697266,122925.328125,1424.219970703125,117915.45385723002,122925.328125,-4.0755427251538805
2023-11-03,85.73241424560547,123415.8515625,1415.239990234375,121331.94109972008,123415.8515625,-1.6885273944932333
2023-11-06,90.14151000976562,130479.40625,1403.8900146484375,126548.76580804214,130479.40625,-3.0124603988668563
2023-11-07,86.71222686767578,127928.6796875,1390.9300537109375,120610.64237445127,127928.6796875,-5.720404002390234
2023-11-08,89.651611328125,125181.734375,1395.1099853515625,125073.85816672444,125181.734375,-0.08617567795665693
2023-11-09,87.20210266113281,125574.15625,1400.22998046875,122102.99850603193,125574.15625,-2.764229398489837
2023-11-10,86.2223129272461,128026.78125,1403.5400390625,121016.46845396608,128026.78125,-5.475661207435001
2023-11-13,91.1213150024414,129302.1484375,1376.970947265625,125471.40343500115,129302.1484375,-2.9626305895067873
2023-11-14,89.16171264648438,127536.2578125,1414.219970703125,126094.27464675158,127536.2578125,-1.130645661462315
2023-11-15,92.59100341796875,131558.5625,1421.530029296875,131620.89180137217,131558.5625,0.04737760901891708
2023-11-16,92.10110473632812,129792.671875,1413.93994140625,130225.43063433468,129792.671875,0.33342310708532885
2023-11-17,90.63140106201172,127438.15625,1402.8900146484375,127145.88756349403,127438.15625,-0.22934158426822782
2023-11-20,88.18191528320312,128909.7421875,1379.0250244140625,121605.06787629798,128909.7421875,-5.666502924641126
2023-11-21,88.18191528320312,129498.3515625,1408.219970703125,124179.53415665776,129498.3515625,-4.107247190150687
2023-11-22,92.10110473632812,128811.6171875,1412.219970703125,130067.01943246275,128811.6171875,0.9746032790935111
2023-11-23,88.18191528320312,127634.359375,1411.3199462890625,124452.8959411569,127634.359375,-2.492638698092031
2023-11-24,91.6112060546875,125574.15625,1415.1300048828125,129641.76647149026,125574.15625,3.23920967734177
2023-11-27,86.2223129272461,128222.984375,1425.75,122931.46265602112,128222.984375,-4.126812166142802
2023-11-28,91.1213150024414,128909.7421875,1428.0,130121.23782348633,128909.7421875,0.9398014575377811
2023-11-29,90.63140106201172,127928.6796875,1416.3599853515625,128366.6898805825,127928.6796875,0.34238623751332575
2023-11-30,92.10110473632812,131362.375,1416.0400390625,130418.85194852948,131362.375,-0.7182597387345613
2023-12-01,87.69200897216797,130087.0,1415.2099609375,124102.60459203273,130087.0,-4.600302419125102
2023-12-04,84.26271057128906,128615.40625,1391.9200439453125,117286.95580133982,128615.40625,-8.80800425000421
2023-12-05,86.2223129272461,123513.96875,1416.8900146484375,122167.53422650788,123513.96875,-1.090107084339087
2023-12-06,83.7728042602539,123219.6328125,1416.5999755859375,118672.5524698412,123219.6328125,-3.6902239025318084
2023-12-07,82.79300689697266,123219.6328125,1420.3900146484375,117598.36027917918,123219.6328125,-4.561994225282717
2023-12-08,90.14151000976562,125083.6328125,1416.3800048828125,127674.63238777593,125083.6328125,2.07141375495532
2023-12-11,89.16171264648438,126457.109375,1381.0699462890625,123138.561695721,126457.109375,-2.6242476169829776
2023-12-12,86.71222686767578,128517.3203125,1416.0699462890625,122790.57844311465,128517.3203125,-4.456007840390952
2023-12-13,90.63140106201172,128713.515625,1414.3299560546875,128182.70548120979,128713.515625,-0.412396585714192
2023-12-14,93.08090209960938,134109.296875,1408.989990234375,131150.05934033543,134109.296875,-2.2065864213894115
2023-12-15,96.02030181884766,137346.75,1420.969970703125,136441.96546243317,137346.75,-0.6587593354533849
2023-12-18,97.0000991821289,137346.75,1388.125,134648.2626771927,137346.75,-1.9647260112141796
2023-12-19,91.1213150024414,135580.875,1428.02001953125,130123.06202949956,135580.875,-4.025503575264899
2023-12-20,96.02030181884766,137837.25,1427.8900146484375,137106.43017066177,137837.25,-0.5302048824524785
2023-12-21,93.08090209960938,137837.25,1426.0799560546875,132740.8087757416,137837.25,-3.6974339115575794
2023-12-22,93.08090209960938,137935.359375,1429.5,133059.1495513916,137935.359375,-3.535141276104281
2023-12-25,93.08090209960938,137935.359375,1401.4599609375,130449.15742054582,137935.359375,-5.427326240620944
2023-12-26,93.08090209960938,138229.703125,1429.1700439453125,133028.43694416806,138229.703125,-3.762770275306515
2023-12-27,93.08090209960938,138033.03125,1429.1700439453125,133028.43694416806,138033.03125,-3.625649788685592
2023-12-28,96.24198150634766,139114.5,1433.010009765625,137915.72285827436,139114.5,-0.8617197644570807
2023-12-29,88.87654113769531,139114.5,1425.449951171875,126689.06122505292,139114.5,-8.931807090524046
2024-01-01,88.87654113769531,139114.5,1431.77001953125,127250.76704058796,139114.5,-8.528034791062067
2024-01-02,94.27787780761719,139999.34375,1400.18701171875,132006.65999863297,139999.34375,-5.7090865837483795
2024-01-03,96.24198150634766,134493.75,1433.3399658203125,137947.4784827875,134493.75,2.5679471966448153
2024-01-04,96.7330322265625,134100.484375,1429.1199951171875,138243.11054329574,134100.484375,3.0891955294592766
2024-01-05,91.82270812988281,135181.953125,1437.31005859375,131977.70200239867,135181.953125,-2.3703246243516163
2024-01-08,89.3675765991211,133707.21875,1403.0479736328125,125386.997255872,133707.21875,-6.2227167477657215
2024-01-09,98.20611572265625,135083.625,1438.5799560546875,141277.34964060038,135083.625,4.585103961046633
2024-01-10,90.34961700439453,131249.375,1442.800048828125,130356.43182554282,131249.375,-0.6803408964478286
2024-01-11,96.24198150634766,133707.21875,1445.510009765625,139118.7476271037,133707.21875,4.04729746658028
2024-01-12,93.29580688476562,131839.28125,1440.4599609375,134388.87434086204,131839.28125,1.9338645255713827
2024-01-15,95.25994110107422,131839.28125,1436.949951171875,136883.7677138243,131839.28125,3.826239354459693
2024-01-16,90.84065246582031,129872.9765625,1444.18994140625,131191.15656191856,129872.9765625,1.0149763517464327
2024-01-17,89.3675765991211,128791.5390625,1452.4100341796875,129798.36498288531,128791.5390625,0.7817484966125887
2024-01-18,90.84065246582031,133903.859375,1462.25,132831.74406814575,133903.859375,-0.800660497657335
2024-01-19,97.22405242919922,138917.875,1454.68994140625,141430.85113151,138917.875,1.808965283632502
2024-01-22,97.71509552001953,140195.96875,1424.2550048828125,139171.2138469899,140195.96875,-0.7309446285416743
2024-01-23,96.7330322265625,138426.3125,1456.3800048828125,140880.05394645035,138426.3125,1.7725975662685967
2024-01-24,97.22405242919922,139114.5,1452.72998046875,141240.2957865633,139114.5,1.5280907357344553
2024-01-25,95.25994110107422,135083.625,1449.469970703125,138076.42403695546,135083.625,2.2155157865769937
2024-01-26,94.27787780761719,133707.21875,1447.4200439453125,136459.69003937207,133707.21875,2.0585809166508318
2024-01-29,92.8047866821289,132724.078125,1449.6400146484375,134533.53232532647,132724.078125,1.3633202248519716
2024-01-30,94.27787780761719,134592.078125,1442.3599853515625,135982.63845357113,134592.078125,1.033166548836295
2024-01-31,94.27787780761719,132429.15625,1439.75,135736.57457351685,132429.15625,2.4975001103783256
2024-02-01,91.82270812988281,130462.8828125,1440.699951171875,132288.9711191915,130462.8828125,1.3996994910161042
2024-02-02,92.31375885009766,132625.765625,1444.72998046875,133368.45502049848,132625.765625,0.5599887714114571
2024-02-05,91.82270812988281,130069.625,1409.2919921875,129405.0072684139,130069.625,-0.5109707447731204
2024-02-06,96.7330322265625,135673.515625,1431.18994140625,138443.34272438288,135673.515625,2.04153853213227
2024-02-07,92.31375885009766,135673.515625,1429.93994140625,132003.13092109933,135673.515625,-2.705306696736276
2024-02-08,101.15229797363281,140392.609375,1431.1800537109375,144767.15124688856,140392.609375,3.115934586131819
2024-02-09,101.15229797363281,140392.609375,1433.9300537109375,145045.32006631605,140392.609375,3.314070955749737
2024-02-12,101.15229797363281,140392.609375,1432.780029296875,144928.99245410785,140392.609375,3.2312121694318074
2024-02-13,103.11642456054688,147471.234375,1430.0799560546875,147464.73190406337,147471.234375,-0.004409314782094498
2024-02-14,103.11642456054688,146193.15625,1434.8699951171875,147958.66360569373,146193.15625,1.2076539018520016
2024-02-15,103.11642456054688,146389.765625,1426.239990234375,147068.76835823804,146389.765625,0.46383210625353666
2024-02-16,105.0805435180664,144325.171875,1431.1199951171875,150382.8669264866,144325.171875,4.197254694235308
2024-02-19,102.13436126708984,148749.3125,1434.56005859375,146517.87528375164,148749.3125,-1.5001327930496244
2024-02-20,101.15229797363281,147077.953125,1436.6300048828125,145318.4263317678,147077.953125,-1.196322600258648
2024-02-21,103.11642456054688,146488.09375,1440.4000244140625,148528.90045450255,146488.09375,1.3931553427034338
2024-02-22,107.04466247558594,153861.640625,1442.5400390625,154416.21158896387,153861.640625,0.36043484374088663
2024-02-23,110.97291564941406,158679.03125,1434.22998046875,159160.68264441937,158679.03125,0.3035381490705813
2024-02-26,109.99085235595703,159072.28125,1438.81005859375,158255.94472305104,159072.28125,-0.5131859055104604
2024-02-27,105.0805435180664,151207.125,1443.719970703125,151706.87920937128,151207.125,0.33050969613455106
2024-02-28,106.06260681152344,155336.3125,1444.5999755859375,153218.03921050765,155336.3125,-1.363669096684883
2024-02-29,108.0267333984375,153566.703125,1446.1300048828125,156220.7004969567,153566.703125,1.7282375136987937
2024-03-01,109.0087890625,153566.703125,1441.0,157081.6650390625,153566.703125,2.2888828388803795
2024-03-04,115.88322448730469,163693.0625,1443.0799560546875,167228.75850061513,163693.0625,2.1599547021823984
2024-03-05,113.9190902709961,163004.859375,1445.1500244140625,164630.1760863578,163004.859375,0.9970970912092092
2024-03-06,112.93702697753906,160153.734375,1448.3800048828125,163575.73168517835,160153.734375,2.1366952968862707
2024-03-07,113.9190902709961,162120.015625,1448.6300048828125,165026.61229551863,162120.015625,1.7928672528886747
2024-03-08,117.84733581542969,169002.0,1448.8399658203125,170741.92999484204,169002.0,1.02953219183326
2024-03-11,117.84733581542969,163791.359375,1439.8800048828125,169686.02246934734,163791.359375,3.5988852628370482
2024-03-12,114.90116882324219,162906.546875,1431.4100341796875,164470.68599256314,162906.546875,0.9601450325770644
2024-03-13,112.93702697753906,160841.9375,1429.52001953125,161445.74101073295,160841.9375,0.37540178893513687
2024-03-14,111.95498657226562,159170.59375,1437.5699462890625,160943.1240334846,159170.59375,1.1136041160144217
2024-03-15,112.93702697753906,158482.390625,1439.0799560546875,162525.41181978397,158482.390625,2.5510854416315176
2024-03-18,109.99085235595703,161530.140625,1418.593994140625,156032.36256256886,161530.140625,-3.4035617384835293
2024-03-19,113.9190902709961,157499.28125,1451.989990234375,165409.3787700925,157499.28125,5.022307058999664
2024-03-20,108.0267333984375,153861.640625,1451.77001953125,156829.97285574675,153861.640625,1.9292217466869044
2024-03-21,118.82939910888672,167134.03125,1452.1600341796875,172559.30427151266,167134.03125,3.246061248530241
2024-03-22,119.81147003173828,166937.40625,1446.43994140625,173300.0956925042,166937.40625,3.811422248274088
2024-03-25,118.82939910888672,166544.15625,1451.989990234375,172539.09805166908,166544.15625,3.599611020076887
2024-03-26,125.70382690429688,173622.78125,1451.0699462890625,182405.04535434768,173622.78125,5.05824410893525
2024-03-27,123.95157623291016,178145.265625,1451.510009765625,179916.95362829603,178145.265625,0.9945187131862765
2024-03-28,122.96784973144531,175486.34375,1461.0699462890625,179664.6296024043,175486.34375,2.3809749312212913
2024-03-29,122.96784973144531,180213.25,1454.52001953125,178859.19919309765,180213.25,-0.7513602950406484
2024-04-01,122.96784973144531,182675.171875,1454.6300048828125,178872.72385528125,182675.171875,-2.081535208474128
2024-04-02,130.83778381347656,183463.0,1424.626953125,186395.03330782056,183463.0,1.5981605597971127
2024-04-03,125.91905975341797,176471.109375,1455.02001953125,183214.75278177485,176471.109375,3.8213866454733125
2024-04-04,130.83778381347656,185137.109375,1458.1400146484375,190779.8080063518,185137.109375,3.0478485109770137
2024-04-05,125.91905975341797,180016.3125,1463.6400146484375,184300.17446201015,180016.3125,2.379707651221974
2024-04-08,125.91905975341797,178440.65625,1435.4329833984375,180748.37160857487,178440.65625,1.2932676930652587
2024-04-09,125.91905975341797,180114.75,1466.8299560546875,184701.84888455365,180114.75,2.5467647066959476
2024-04-10,124.93531799316406,180114.75,1468.9200439453125,183519.99279684015,180114.75,1.8905962986596858
2024-04-11,130.83778381347656,185531.03125,1463.7900390625,191519.0446791798,185531.03125,3.227499674224865
2024-04-12,125.91905975341797,184546.234375,1467.2900390625,184759.78210430592,184546.234375,0.11571502936873479
2024-04-15,127.88655090332031,185334.0625,1467.2900390625,187646.66227050126,185334.0625,1.2478007222775034
2024-04-16,122.96784973144531,176372.625,1474.949951171875,181371.42395710573,176372.625,2.8342260921192963
2024-04-17,122.96784973144531,175978.75,1477.3699951171875,181669.0115573164,175978.75,3.233493565169887
2024-04-18,125.91905975341797,179523.90625,1468.5,184912.1392478943,179523.90625,3.0014013790401695
2024-04-19,117.06537628173828,170660.953125,1465.300048828125,171535.90158171393,170660.953125,0.5126822748218629
2024-04-22,117.06537628173828,168986.859375,1439.1199951171875,168471.1237429669,168986.859375,-0.3051927433532664
2024-04-23,120.01660919189453,168395.96875,1464.22998046875,175731.91733297333,168395.96875,4.356368289233958
2024-04-24,122.96784973144531,177061.984375,1468.550048828125,180584.44172740355,177061.984375,1.9893922260259655
2024-04-25,118.04911804199219,168002.09375,1470.4599609375,173586.50150473416,168002.09375,3.3240108084868103
2024-04-26,121.0003433227539,175092.4375,1471.3800048828125,178037.48574905563,175092.4375,1.6819962592933946
2024-04-29,120.01660919189453,173221.359375,1470.550048828125,176490.4305073265,173221.359375,1.8872217283836257
2024-04-30,118.04911804199219,171547.25,1472.5400390625,173832.05289284885,171547.25,1.3318796383205544
2024-05-01,118.04911804199219,171547.25,1477.3800048828125,174403.40658929013,171547.25,1.6649387205508237
2024-05-02,118.04911804199219,170956.375,1477.010009765625,174359.7289920263,170956.375,1.990773372462007
2024-05-03,121.98408508300781,170562.5,1465.4200439453125,178757.92332297005,170562.5,4.804938555057547
2024-05-06,126.9028091430664,170562.5,1432.93994140625,181844.1038977541,170562.5,6.614351863835322
2024-05-07,124.93531799316406,176865.03125,1460.4000244140625,182455.54144739546,176865.03125,3.1608906282289517
2024-05-08,123.95157623291016,175289.375,1461.02001953125,181095.73432873562,175289.375,3.312442256546144
2024-05-09,121.0003433227539,172729.0,1465.3699951171875,177310.2725040419,172729.0,2.652289137343411
2024-05-10,122.96784973144531,177160.46875,1469.8699951171875,180746.75268433057,177160.46875,2.0243138661996563
2024-05-13,125.91905975341797,181001.078125,1443.3599853515625,181746.53224117588,181001.078125,0.4118506496746166
2024-05-14,122.96784973144531,182478.25,1473.780029296875,181227.5611797832,182478.25,-0.6853906261249265
2024-05-15,122.96784973144531,182478.25,1475.6400146484375,181456.27957899682,182478.25,-0.5600505380795706
2024-05-16,131.821533203125,190060.96875,1473.5999755859375,194252.20810982585,190060.96875,2.2052078274623854
2024-05-17,129.85403442382812,187008.171875,1465.2099609375,190263.424705714,187008.171875,1.7407008464260354
2024-05-20,125.91905975341797,187205.140625,1441.259033203125,181481.9823220577,187205.140625,-3.057158731771492
2024-05-21,129.85403442382812,189076.203125,1476.9200439453125,191784.02622771636,189076.203125,1.43213321293858
2024-05-22,134.7727508544922,194689.40625,1479.280029296875,199366.63883245364,194689.40625,2.4024073382028943
2024-05-23,134.7727508544922,196954.359375,1476.18994140625,198950.17918705195,196954.359375,1.013341272762558
2024-05-24,137.72396850585938,195575.703125,1475.989990234375,203279.19893000275,195575.703125,3.938881815027484
2024-05-27,135.7564697265625,198431.53125,1451.9425048828125,197110.58870883286,198431.53125,-0.6656918549415969
2024-05-28,135.7564697265625,199416.296875,1476.469970703125,200440.3508799374,199416.296875,0.5135257353511724
2024-05-29,135.7564697265625,199416.296875,1478.6600341796875,200737.66616599262,199416.296875,0.6626185079652291
2024-05-30,132.80523681640625,192719.859375,1478.1199951171875,196302.07599460334,192719.859375,1.8587688011088455
2024-05-31,122.96784973144531,186318.84375,1489.31005859375,183137.25548868626,186318.84375,-1.7076041248853757
2024-06-03,132.80523681640625,191242.703125,1499.3399658203125,199120.19922906905,191242.703125,4.119109370107665
2024-06-04,131.821533203125,190356.390625,1494.4000244140625,196994.10243704915,190356.390625,3.4869918421206902
2024-06-05,133.7890167236328,190750.3125,1494.0699462890625,199890.14903034456,190750.3125,4.791518509488446
2024-06-06,131.821533203125,190750.3125,1488.969970703125,196278.30443149805,190750.3125,2.8980250983851263
2024-06-07,137.72396850585938,204340.171875,1486.6300048828125,204744.58397234604,204340.171875,0.19791120543513063
2024-06-10,141.658935546875,204832.53125,1489.260009765625,210966.9877359271,204832.53125,2.994864364801475
2024-06-11,143.62643432617188,209264.015625,1478.300048828125,212322.96487738937,209264.015625,1.4617655325275702
2024-06-12,155.43133544921875,211725.953125,1480.0,230038.37646484375,211725.953125,8.649116024539683
2024-06-13,153.46383666992188,218619.375,1480.3199462890625,227175.5784565322,218619.375,3.913744358903326
2024-06-14,152.48013305664062,217634.59375,1476.97998046875,225210.10394386947,217634.59375,3.4808391732849
2024-06-17,160.3500518798828,219604.125,1449.8455810546875,232482.81413993798,219604.125,5.86450238124534
2024-06-18,166.25250244140625,230929.015625,1481.3299560546875,246274.81213551015,230929.015625,6.645243980700033
2024-06-19,161.3337860107422,229944.21875,1482.27001953125,239140.23414119333,229944.21875,3.999237485153495
2024-06-20,155.43133544921875,233883.328125,1483.8599853515625,230638.33914285153,233883.328125,-1.3874392023420223
2024-06-21,155.43133544921875,230436.609375,1491.56005859375,231835.17180994153,230436.609375,0.6069185094915053
2024-06-24,150.5126190185547,219604.125,1453.3131103515625,218741.96249301545,219604.125,-0.3925985028671697
2024-06-25,155.43133544921875,221573.671875,1487.1300048828125,231146.60264553875,221573.671875,4.320427914350433
2024-06-26,160.3500518798828,233390.9375,1487.6300048828125,238541.5484610293,233390.9375,2.206859879051337
2024-06-27,162.53724670410156,233193.71875,1488.3399658203125,241910.68020411022,233193.71875,3.738077295064457
2024-06-28,163.52232360839844,233193.71875,1484.1700439453125,242694.93421591632,233193.71875,4.074387387810519
2024-07-01,156.62680053710938,232207.71875,1477.8900146484375,231477.18454012647,232207.71875,-0.31460375813778807
2024-07-02,156.62680053710938,228756.640625,1483.93994140625,232424.7652116865,228756.640625,1.6035051820417534
2024-07-03,156.62680053710938,232700.71875,1487.199951171875,232935.37011099607,232700.71875,0.10083826223508119
2024-07-04,152.68650817871094,226784.609375,1496.030029296875,228423.60130383447,226784.609375,0.7227086235487512
2024-07-05,157.6118927001953,232700.71875,1491.780029296875,235122.27390983328,232700.71875,1.0406307177911467
2024-07-08,156.62680053710938,230235.671875,1465.1600341796875,229483.32842840627,230235.671875,-0.32677101704822187
2024-07-09,157.6118927001953,235165.765625,1494.6400146484375,235573.04161418788,235165.765625,0.17318676811033384
2024-07-10,158.59695434570312,235658.765625,1498.3599853515625,237635.33019023016,235658.765625,0.8387400994773309
2024-07-11,157.6118927001953,237630.84375,1500.300048828125,236465.13031399623,237630.84375,-0.49055645201940834
2024-07-12,151.70144653320312,229742.671875,1488.260009765625,225771.19629896432,229742.671875,-1.7286625700063674
2024-07-15,150.71636962890625,226784.609375,1469.267333984375,221442.6385924667,226784.609375,-2.3555261519974113
2024-07-16,151.70144653320312,229742.671875,1507.6099853515625,228706.6155857332,229742.671875,-0.45096380259322943
2024-07-17,136.92532348632812,217417.40625,1506.31005859375,206251.9920436591,217417.40625,-5.1354739249819925
2024-07-18,136.92532348632812,209529.234375,1510.6300048828125,206843.50208673254,209529.234375,-1.2817935865983898
2024-07-19,136.92532348632812,206571.171875,1508.6800537109375,206576.504391741,206571.171875,0.0025814428473269757
2024-07-22,136.92532348632812,202134.09375,1478.938232421875,202504.09589066356,202134.09375,0.1830478638211286
2024-07-23,131.01487731933594,202134.09375,1508.1099853515625,197584.84471490048,202134.09375,-2.2506094596421944
2024-07-24,134.95518493652344,205585.171875,1502.6099853515625,202785.0084605869,205585.171875,-1.362045418390223
2024-07-25,128.05966186523438,187343.8125,1497.989990234375,191832.0916269198,187343.8125,2.3957445228781182
2024-07-26,127.07457733154297,189118.640625,1498.5899658203125,190432.68649990764,189118.640625,0.6948262056902355
2024-07-29,130.02978515625,192865.53125,1500.7900390625,195147.40634393692,192865.53125,1.183143031908096
2024-07-30,122.14920806884766,186259.171875,1493.6500244140625,182448.1676141927,186259.171875,-2.0460760253808608
2024-07-31,130.02978515625,191879.484375,1495.260009765625,194428.3378225565,191879.484375,1.3283616306656088
2024-08-01,128.05966186523438,190597.65625,1481.1099853515625,189670.44390934333,190597.65625,-0.48647625521716087
2024-08-02,112.2984619140625,170778.65625,1475.5400390625,165700.87687933445,170778.65625,-2.9733102965936675
2024-08-05,106.38801574707031,153917.734375,1481.02001953125,157562.781159617,153917.734375,2.368178559422107
2024-08-06,111.31339263916016,161411.5,1493.77001953125,166276.60869668797,161411.5,3.0141028964404404
2024-08-07,111.31339263916016,166933.203125,1493.199951171875,166213.1524535697,166933.203125,-0.43134059489119414
2024-08-08,113.28353118896484,161115.65625,1500.8599853515625,170022.71896084305,161115.65625,5.528365720723083
2024-08-09,116.23876190185547,169102.421875,1499.0799560546875,174251.19808368478,169102.421875,3.044767870025389
2024-08-12,117.22383117675781,174525.53125,1489.1800537109375,174567.39120800607,174525.53125,0.023985005349214106
2024-08-13,124.1193618774414,179357.03125,1496.719970703125,185771.92767289467,179357.03125,3.5766071606934347
2024-08-14,125.10443115234375,184089.921875,1497.449951171875,187337.62432046235,184089.921875,1.7641935052086
2024-08-15,128.05966186523438,184089.921875,1497.1700439453125,191727.0895823948,184089.921875,4.148607175019925
2024-08-16,131.9999542236328,196908.1875,1498.1099853515625,197750.44948837347,196908.1875,0.4277435078078984
2024-08-19,131.01487731933594,191189.28125,1487.219970703125,194847.9420085363,191189.28125,1.9136327803608522
2024-08-20,132.9850311279297,196908.1875,1477.1199951171875,196434.84853034653,196908.1875,-0.24038562116848183
2024-08-21,128.05966186523438,189907.453125,1478.0699462890625,189281.13753494248,189907.453125,-0.32980042633991014
2024-08-22,125.10443115234375,188428.421875,1488.4599609375,186212.93670612574,188428.421875,-1.1757701661079478
2024-08-23,124.1193618774414,182906.703125,1483.93994140625,184185.67859179154,182906.703125,0.6992501887246094
2024-08-26,116.23876190185547,177089.203125,1459.5999755859375,169662.09403408784,177089.203125,-4.193993173976651
2024-08-27,114.26860809326172,172553.515625,1472.760009765625,168290.2363713365,172553.515625,-2.470699735222215
2024-08-28,117.22383117675781,176793.40625,1486.06005859375,174201.65342711657,176793.40625,-1.4659782159626933
2024-08-29,116.23876190185547,167327.5625,1485.68994140625,172694.7593591027,167327.5625,3.20759878343575
2024-08-30,117.22383117675781,171271.671875,1476.06005859375,173029.415115349,171271.671875,1.0262895323587706
2024-09-02,115.2536849975586,171567.484375,1476.6700439453125,170191.66409020405,171567.484375,-0.8019120230199239
2024-09-03,109.34324645996094,165947.140625,1479.719970703125,161797.38544831797,165947.140625,-2.5006487975948066
2024-09-04,104.41787719726562,152635.890625,1478.7099609375,154403.75511154532,152635.890625,1.1582233243481843
2024-09-05,105.4029541015625,157171.578125,1475.5,155522.05877685547,157171.578125,-1.0495023132189085
2024-09-06,102.44772338867188,154213.53125,1480.02001953125,151624.68157063425,154213.53125,-1.6787435307274667
2024-09-09,105.4029541015625,154805.125,1482.3199462890625,156240.90126253664,154805.125,0.9274733394883716
2024-09-10,104.41787719726562,153326.109375,1482.1700439453125,154765.04963414744,153326.109375,0.938483514003563
2024-09-11,108.3581771850586,155002.34375,1479.6300048828125,160330.0102374209,155002.34375,3.4371522123651133
2024-09-12,116.23876190185547,166440.171875,1473.8699951171875,171320.82343671564,166440.171875,2.9323759443009356
2024-09-13,112.2984619140625,160524.046875,1480.1400146484375,166217.44706247747,160524.046875,3.546758444179332
2024-09-16,110.32831573486328,160524.046875,1442.4599609375,159144.17800521106,160524.046875,-0.8596025932883777
2024-09-17,109.34324645996094,160524.046875,1475.5899658203125,161345.79730653577,160524.046875,0.5119173404441124
2024-09-18,108.3581771850586,160524.046875,1471.050048828125,159400.30183900706,160524.046875,-0.7000477859046228
2024-09-19,104.41787719726562,150663.859375,1469.469970703125,153438.93494594842,150663.859375,1.841898636116368
2024-09-20,104.41787719726562,154903.734375,1481.5699462890625,154702.38871077076,154903.734375,-0.12998115574270885
2024-09-23,109.34324645996094,159735.234375,1485.510009765625,162430.4871165417,159735.234375,1.6873251240325793
2024-09-24,110.32831573486328,161214.296875,1484.260009765625,163755.90699005313,161214.296875,1.5765413888966684
2024-09-25,109.34324645996094,162989.078125,1480.6700439453125,161901.2695409935,162989.078125,-0.6674119496351993
2024-09-26,123.13428497314453,178371.015625,1485.6099853515625,182929.52329522837,178371.015625,2.5556325136433466
2024-09-27,125.32058715820312,181531.53125,1467.18994140625,183869.1049296409,181531.53125,1.2876956766379344
2024-09-30,119.39993286132812,172445.0625,1461.1199951171875,174457.62931933627,172445.0625,1.1670770911960782
2024-10-01,117.42638397216797,172445.0625,1465.0799560546875,172039.0414696047,172445.0625,-0.23544949592007036
2024-10-02,113.4792709350586,167012.96875,1465.4100341796875,166293.66229963023,167012.96875,-0.43068897927710514
2024-10-03,115.45282745361328,167012.96875,1462.1500244140625,168809.3544799732,167012.96875,1.0755965500273135
2024-10-04,116.43960571289062,171951.234375,1468.6199951171875,171005.53317351267,171951.234375,-0.5499822114826469
2024-10-07,124.33381652832031,182617.953125,1476.8199462890625,183618.66024726816,182617.953125,0.5479785010968685
2024-10-08,121.37348175048828,175803.125,1478.4000244140625,179438.55838314164,175803.125,2.067900319258631
2024-10-09,122.36026763916016,175803.125,1471.739990234375,180082.49910033308,175803.125,2.4341854562216048
2024-10-10,126.307373046875,184395.734375,1472.280029296875,185959.82288986444,184395.734375,0.848223805266346
2024-10-11,124.33381652832031,183704.375,1474.5,183330.2124710083,183704.375,-0.20367643883913988
2024-10-14,127.29413604736328,183704.375,1474.3800048828125,187679.92892706487,183704.375,2.1641041086064794
2024-10-15,122.36026763916016,190519.203125,1478.719970703125,180936.57137860544,190519.203125,-5.029745867720948
2024-10-16,125.32058715820312,186371.0625,1482.3900146484375,185773.98703319952,186371.0625,-0.320369191864478
2024-10-17,129.26768493652344,193580.953125,1480.969970703125,191441.5595733039,193580.953125,-1.105167381996841
2024-10-18,124.33381652832031,184988.328125,1485.3800048828125,184682.96500193514,184988.328125,-0.1650715621682508
2024-10-21,127.29413604736328,188543.890625,1456.25,185372.08561897278,188543.890625,-1.6822634748403065
2024-10-22,124.33381652832031,185482.15625,1490.6600341796875,185339.45119579695,185482.15625,-0.07693734917050277
2024-10-23,128.28091430664062,193580.953125,1488.469970703125,190942.28875977546,193580.953125,-1.363080573077191
2024-10-24,136.1751251220703,195753.796875,1487.1199951171875,202508.7514066156,195753.796875,3.450739980246209
2024-10-25,133.21478271484375,198519.25,1491.9200439453125,198745.80448209494,198519.25,0.11412217308646166
2024-10-28,130.25445556640625,193580.953125,1497.5400390625,195061.2624769807,193580.953125,0.7646978321389053
2024-10-29,125.32058715820312,187951.296875,1493.81005859375,187205.15364579856,187951.296875,-0.39698753964846345
2024-10-30,130.25445556640625,192593.28125,1496.1099853515625,194874.9916094318,192593.28125,1.1847299888255058
2024-10-31,122.36026763916016,184000.65625,1494.47998046875,182864.9703915231,184000.65625,-0.6172183739028947
2024-11-01,120.38670349121094,179951.265625,1496.1500244140625,180116.56936750375,179951.265625,0.09186028335483876
2024-11-04,127.29413604736328,191605.640625,1468.93994140625,186987.44074677303,191605.640625,-2.4102630085225174
2024-11-05,128.28091430664062,190815.5,1493.4100341796875,191576.00461928174,190815.5,0.3985549493001006
2024-11-06,131.24124145507812,193383.421875,1505.1400146484375,197536.4440861754,193383.421875,2.147558550215267
2024-11-07,131.24124145507812,193383.421875,1502.3900146484375,197175.53067217395,193383.421875,1.9609275502556311
2024-11-08,133.21478271484375,198025.390625,1494.3399658203125,199068.17384885997,198025.390625,0.526590666261928
2024-11-11,129.26768493652344,190222.890625,1495.8699951171875,193367.65123480745,190222.890625,1.6531977825986033
2024-11-12,124.33381652832031,183506.84375,1490.8499755859375,185363.06733575277,183506.84375,1.0115282611920406
2024-11-13,122.36026763916016,180642.609375,1494.0899658203125,182817.2480947571,180642.609375,1.20383486890554
2024-11-14,113.4792709350586,170864.8125,1483.8599853515625,168387.34930740204,170864.8125,-1.4499551758779816
2024-11-15,118.41315460205078,176000.65625,1479.8800048828125,175237.25981067214,176000.65625,-0.433746359583731
2024-11-18,116.43960571289062,169580.875,1467.6800537109375,170896.0867667757,169580.875,0.77556609303715
2024-11-19,116.43960571289062,168494.4375,1474.4599609375,171685.5364910066,168494.4375,1.8938898152092376
2024-11-20,113.4792709350586,168494.4375,1500.6600341796875,170293.80660009105,168494.4375,1.0679100905577554
2024-11-21,115.45282745361328,166716.640625,1474.06005859375,170184.4016010873,166716.640625,2.0800329007872875
2024-11-22,120.38670349121094,174519.15625,1464.3599853515625,176289.47136091255,174519.15625,1.0143958685982613
2024-11-25,120.38670349121094,174815.421875,1463.050048828125,176131.77242107317,174815.421875,0.7529945195649868
2024-11-26,119.39993286132812,174914.21875,1468.0999755859375,175291.0385186784,174914.21875,0.21543118185090027
2024-11-27,113.4792709350586,166222.828125,1463.050048828125,166025.8528825175,166222.828125,-0.11850071660095551
2024-11-28,111.50572967529297,159111.6875,1468.75,163774.04046058655,159111.6875,2.930239150776748
2024-11-29,107.55862426757812,157926.484375,1462.3599853515625,157289.42820836976,157926.484375,-0.40338779727251417
2024-12-02,108.54539489746094,156840.078125,1473.3199462890625,159922.09538025223,156840.078125,1.9650699566700514
2024-12-03,105.58506774902344,162864.796875,1474.68994140625,155705.2373721823,162864.796875,-4.396014141909809
2024-12-04,110.51893615722656,165926.546875,1484.27001953125,164039.94352865964,165926.546875,-1.1370111545572215
2024-12-05,115.45282745361328,170864.8125,1484.22998046875,171358.5478365384,170864.8125,0.28896256011659016
2024-12-06,111.50572967529297,165037.625,1507.699951171875,168117.1831868235,165037.625,1.86597340262471
2024-12-09,111.50572967529297,166815.4375,1471.969970703125,164133.08564337157,166815.4375,-1.607975794583416
2024-12-10,110.51893615722656,168296.921875,1506.75,166524.40705490112,168296.921875,-1.0532069157006885
2024-12-11,115.45282745361328,169679.625,1509.6800537109375,174296.8307512505,169679.625,2.7211315154960447
2024-12-12,114.46604919433594,173926.546875,1500.06005859375,171705.94846145064,173926.546875,-1.276744955527287
2024-12-13,115.45282745361328,173333.953125,1496.469970703125,172771.6893171016,173333.953125,-0.32438180619633883
2024-12-16,118.41315460205078,177087.078125,1471.1112060546875,174198.9186793631,177087.078125,-1.6309261388333773
2024-12-17,121.37348175048828,181729.0625,1508.6700439453125,183112.53604630474,181729.0625,0.7612835983813682
2024-12-18,117.42638397216797,181235.21875,1505.2099609375,176751.36283177882,181235.21875,-2.4740533044001256
2024-12-19,114.46604919433594,172840.140625,1503.260009765625,172072.23422970995,172840.140625,-0.4442870692613732
2024-12-20,110.51893615722656,166420.34375,1496.43994140625,165384.9503474012,166420.34375,-0.6221555485753538
2024-12-23,111.50572967529297,167506.78125,1505.3699951171875,167857.3797368342,167506.78125,0.20930405576293776
2024-12-24,111.50572967529297,166420.34375,1510.8299560546875,168466.19666516874,166420.34375,1.2293286199685172
2024-12-25,111.50572967529297,166420.34375,1514.3599853515625,168859.81515769195,166420.34375,1.4658492782328114
2024-12-26,111.50572967529297,168000.609375,1506.68994140625,168004.56131092831,168000.609375,0.00235233428200754
2024-12-27,111.50572967529297,172346.296875,1506.68994140625,168004.56131092831,172346.296875,-2.519192836049544
2024-12-30,109.53217315673828,171753.71875,1506.699951171875,165032.11994700693,171753.71875,-3.9135099093702053
2024-12-31,109.53217315673828,171753.71875,1527.8599853515625,167349.82447477896,171753.71875,-2.564075064733373
2025-01-02,113.4792709350586,169087.015625,1528.4599609375,173448.52202061564,169087.015625,2.579444896755745
2025-01-03,120.38670349121094,179654.96875,1509.47998046875,181721.31883461028,179654.96875,1.1501769747797708
2025-01-06,135.1883544921875,197334.03125,1482.050048828125,200355.90737614036,197334.03125,1.5313507290143802
2025-01-07,129.26768493652344,192593.28125,1517.9300537109375,196219.30393878557,192593.28125,1.8827358178080678
2025-01-08,127.29413604736328,192296.984375,1501.27001953125,191102.87011003867,192296.984375,-0.6209739943881187
2025-01-09,136.1751251220703,202469.859375,1503.02001953125,204673.93922064453,202469.859375,1.0885965212048099
2025-01-10,129.26768493652344,200988.390625,1500.3399658203125,193945.4739993345,200988.390625,-3.5041410122070293
2025-01-13,128.28091430664062,191901.9375,1509.760009765625,193673.39443633705,191901.9375,0.923105289823889
2025-01-14,131.24124145507812,192593.28125,1505.6500244140625,197603.37840097025,192593.28125,2.601387295783586
2025-01-15,133.21478271484375,195753.796875,1505.0799560546875,200498.89931429178,195753.796875,2.4240155312654332
2025-01-16,138.14866638183594,207408.15625,1498.280029296875,206985.38791390136,207408.15625,-0.20383399753530762
2025-01-17,143.0825653076172,211852.625,1499.6099853515625,214568.0436650198,211852.625,1.2817488879450112
2025-01-20,144.0693359375,209383.5,1470.787841796875,211895.4276726246,209383.5,1.1996779462682516
2025-01-21,146.04287719726562,215309.421875,1503.1700439453125,219527.27813451365,215309.421875,1.9589743090585143
2025-01-22,154.92385864257812,222716.84375,1491.5400390625,231075.1381714642,222716.84375,3.7528793425460005
2025-01-23,147.0296630859375,216790.90625,1491.9200439453125,219356.50141243637,216790.90625,1.1834422424886082
2025-01-24,145.0561065673828,218272.40625,1491.550048828125,216358.44283339754,218272.40625,-0.8768691606442891
2025-01-27,127.29413604736328,218272.40625,1499.030029296875,190817.73248839937,218272.40625,-12.578169743616241
2025-01-28,131.24124145507812,218272.40625,1501.22998046875,197023.28634630144,218272.40625,-9.735137972209241
2025-01-29,132.22804260253906,218272.40625,1506.68994140625,199226.6617610827,218272.40625,-8.725676697357287
2025-01-30,134.20156860351562,218272.40625,1504.02001953125,201841.84583218396,218272.40625,-7.5275481221374285
2025-01-31,128.28091430664062,196741.4375,1498.18994140625,192189.1754886061,196741.4375,-2.3138298007982727
2025-02-03,126.307373046875,188543.890625,1476.4892578125,186491.47948622704,188543.890625,-1.0885588135311486
2025-02-04,128.28091430664062,188741.4375,1506.050048828125,193197.47725523263,188741.4375,2.360922865829407
2025-02-05,136.1751251220703,196346.40625,1503.8399658203125,204785.595509151,196346.40625,4.2981124128168124
2025-02-06,136.1751251220703,200988.390625,1499.0,204126.5125579834,200988.390625,1.5613448733158064
2025-02-07,131.24124145507812,200494.5625,1498.2900390625,196637.44478634,200494.5625,-1.923801656047408
2025-02-10,132.22804260253906,195655.03125,1501.5,198540.4059677124,195655.03125,1.4747255408043003
2025-02-11,129.26768493652344,197235.296875,1496.43994140625,193441.32687213272,197235.296875,-1.9235755784988928
2025-02-12,126.307373046875,196445.171875,1503.3499755859375,189884.18618634343,196445.171875,-3.3398559129930616
2025-02-13,137.1619110107422,205926.6875,1507.8299560546875,206816.83825170435,205926.6875,0.4322658527221579
2025-02-14,138.14866638183594,207408.15625,1505.56005859375,207991.11425248533,207408.15625,0.28106802211897985
2025-02-17,140.1222381591797,209383.5,1510.550048828125,211661.65369325504,209383.5,1.0880292349946474
2025-02-18,139.13543701171875,207408.15625,1510.43994140625,210155.72132751346,207408.15625,1.3247140937898694
2025-02-19,143.0825653076172,215803.25,1504.530029296875,215272.01617414132,215803.25,-0.246165813470689
2025-02-20,138.14866638183594,209383.5,1500.699951171875,207319.69689368084,209383.5,-0.9856569912715996
2025-02-21,133.21478271484375,206914.328125,1502.800048828125,200195.18196849525,206914.328125,-3.247308302615759
2025-02-24,136.1751251220703,202469.859375,1498.6800537109375,204082.94383203797,202469.859375,0.7967035004703193
2025-02-25,128.28091430664062,198025.390625,1495.1099853515625,191794.0759098865,198025.390625,-3.1467251221908743
2025-02-26,136.1751251220703,200494.5625,1506.3199462890625,205123.30715978332,200494.5625,2.308663438083669
2025-02-27,136.1751251220703,198013.421875,1501.7099609375,204495.54182772338,198013.421875,3.2735760492111243
2025-02-28,126.14840698242188,189067.03125,1506.93994140625,190098.0730265826,189067.03125,0.5453313408297245
2025-03-03,118.20205688476562,189067.03125,1515.1800537109375,179097.39889940247,189067.03125,-5.273067591258074
2025-03-04,119.19535064697266,184991.453125,1527.6700439453125,182091.16656093765,184991.453125,-1.5677948981257073
2025-03-05,126.14840698242188,191949.765625,1543.3299560546875,194688.61540455,191949.765625,1.4268575794464278
2025-03-06,120.18864440917969,191253.9375,1558.18994140625,187276.7367896363,191253.9375,-2.0795392567348747
2025-03-07,120.18864440917969,191253.9375,1560.9200439453125,187604.8641129043,191253.9375,-1.9079729467508133
2025-03-10,113.23558044433594,186780.734375,1569.760009765625,177752.685864117,186780.734375,-4.833500918117917
2025-03-11,115.22216796875,186681.328125,1579.0999755859375,181947.32262641191,186681.328125,-2.5358751976621074
2025-03-12,128.13499450683594,197715.21875,1583.4300537109375,202892.8012342099,197715.21875,2.618707106586804
2025-03-13,123.16853332519531,198510.4375,1579.6700439453125,194565.64245049097,198510.4375,-1.9871978013796032
2025-03-14,128.13499450683594,203281.84375,1576.050048828125,201947.1643490903,203281.84375,-0.6565659658966383
2025-03-17,130.12158203125,204772.921875,1577.7099609375,205294.11610364914,204772.921875,0.2545230218316208
2025-03-18,125.15512084960938,201790.78125,1575.239990234375,197149.3513449207,201790.78125,-2.3001198946392964
2025-03-19,125.15512084960938,204275.90625,1585.06005859375,198378.3831871897,204275.90625,-2.8870380120075034
2025-03-20,130.12158203125,208749.09375,1592.8900146484375,207269.36870783567,208749.09375,-0.708853396957243
2025-03-21,133.1014862060547,214216.328125,1591.25,211797.73992538452,214216.328125,-1.1290400786835297
2025-03-24,133.1014862060547,210240.140625,1581.43994140625,210492.00654678792,210240.140625,0.11979915968434174
2025-03-25,130.12158203125,206761.0,1583.0899658203125,205994.17085033655,206761.0,-0.3708770753011681
2025-03-26,131.1148681640625,212725.265625,1576.97998046875,206765.522236526,212725.265625,-2.801615205868424
2025-03-27,130.12158203125,205766.953125,1573.5899658203125,204758.01582103968,205766.953125,-0.4903300985107273
2025-03-28,123.16853332519531,198112.8125,1578.5799560546875,194431.37792380713,198112.8125,-1.8582516343776945
2025-03-31,118.20205688476562,189564.046875,1591.0999755859375,188071.28982355818,189564.046875,-0.7874684445970725
2025-04-01,120.18864440917969,195826.53125,1591.969970703125,191336.7127189301,195826.53125,-2.2927529290390325
2025-04-02,121.18193817138672,196721.15625,1586.5999755859375,192267.26014417876,196721.15625,-2.264065640281765
2025-04-03,116.21546936035156,193440.796875,1598.6400146484375,185786.69964060746,193440.796875,-3.956816430682175
2025-04-04,105.28923034667969,181114.6875,1601.56005859375,168627.02592331916,181114.6875,-6.89489171146368
2025-04-07,101.31604766845703,163818.34375,1597.4200439453125,161844.285318912,163818.34375,-1.2050289277131032
2025-04-08,103.79928588867188,168490.359375,1603.9599609375,166489.89853933454,168490.359375,-1.1872850429460735
2025-04-09,114.72553253173828,164017.140625,1631.3299560546875,187155.19794335123,164017.140625,14.107097118131605
2025-04-10,107.27581024169922,182108.71875,1583.050048828125,169822.97664119862,182108.71875,-6.7463777644096945
2025-04-11,109.26240539550781,179723.03125,1634.3599853515625,178574.10328167863,179723.03125,-0.6392769809914767
2025-04-14,108.26911926269531,179126.609375,1611.510009765625,174476.76944034174,179126.609375,-2.5958398648209036
2025-04-15,109.26240539550781,179524.21875,1608.8699951171875,175789.00563516282,179524.21875,-2.0806179471744346
2025-04-16,103.3026351928711,172963.53125,1611.0400390625,166424.68143638223,172963.53125,-3.7804789057911736
2025-04-17,105.78587341308594,173957.59375,1611.719970703125,170497.20479814336,173957.59375,-1.989214082157098
2025-04-18,105.78587341308594,173957.59375,1611.719970703125,170497.20479814336,173957.59375,-1.989214082157098
2025-04-21,105.78587341308594,175548.0625,1611.719970703125,170497.20479814336,175548.0625,-2.8771936470997184
2025-04-22,107.27581024169922,172764.71875,1611.25,172848.14925193787,172764.71875,0.04829140031685775
2025-04-23,113.23558044433594,179921.84375,1621.8900146484375,183655.65722558834,179921.84375,2.075241892683377
2025-04-24,111.24898529052734,177237.921875,1615.52001953125,179724.96288938448,177237.921875,1.4032217191863205
2025-04-25,114.22887420654297,183301.5625,1625.75,185707.59224128723,183301.5625,1.3126073277674566
2025-04-28,112.24229431152344,180915.875,1633.8800048828125,183390.44037777,180915.875,1.3677989163582094
2025-04-29,110.25570678710938,179723.03125,1637.1300048828125,180502.9257907383,179723.03125,0.43394245874557313
2025-04-30,108.26911926269531,176442.6875,1629.5999755859375,176435.35410719924,176442.6875,-0.004156246373632211
2025-05-01,108.26911926269531,176442.6875,1611.8499755859375,174513.5772402864,176442.6875,-1.0933353413774105
2025-05-02,117.70541381835938,184892.046875,1612.4100341796875,189789.3903179951,184892.046875,2.6487583028955486
2025-05-05,117.70541381835938,184892.046875,1580.02001953125,185976.91024021804,184892.046875,0.5867550192418358
2025-05-06,115.71881866455078,184892.046875,1554.489990234375,179883.74529579096,184892.046875,-2.708770692876261
2025-05-07,116.21546936035156,189663.46875,1558.81005859375,181157.84260310978,189663.46875,-4.4845885203658735
2025-05-08,120.18864440917969,189166.421875,1579.1400146484375,189794.69769288786,189166.421875,0.3321286154595704
2025-05-09,120.68529510498047,188967.65625,1576.280029296875,190233.82050378062,188967.65625,0.6700428416731352
2025-05-12,127.14171600341797,193838.421875,1568.93994140625,199477.71645669267,193838.421875,2.9092759459882878
2025-05-13,128.6316375732422,197317.59375,1570.6800537109375,202039.14741246589,197317.59375,2.392870079516607
2025-05-14,129.62493896484375,204772.921875,1583.489990234375,205259.79333557189,204772.921875,0.23776164158515467
2025-05-15,129.1282958984375,199305.6875,1573.1300048828125,203135.59675721824,199305.6875,1.9216256722318859
2025-05-16,130.12158203125,203281.84375,1563.239990234375,203411.26062381268,203281.84375,0.06366376427195952
2025-05-19,127.63836669921875,198212.234375,1559.489990234375,199050.75523729622,198212.234375,0.4230419302523103
2025-05-20,127.14171600341797,200796.75,1560.0899658203125,198352.51537410822,200796.75,-1.2172680214653786
2025-05-21,126.14840698242188,199305.6875,1570.969970703125,198175.35922142118,199305.6875,-0.567132976864404
2025-05-22,125.15512084960938,195727.125,1553.6500244140625,194447.25656354055,195727.125,-0.6539044787274406
2025-05-23,121.18193817138672,198808.65625,1558.68994140625,188885.06810785457,198808.65625,-4.991527194704548
2025-05-26,131.6115264892578,201790.78125,1550.6400146484375,204082.09936320595,201790.78125,1.1354919679741116
2025-05-27,131.1148681640625,201293.765625,1557.9599609375,204271.71488320827,201293.765625,1.4794046149228635
2025-05-28,131.6115264892578,206761.0,1558.1199951171875,205066.55101080798,206761.0,-0.8195206006896938
2025-05-29,135.3697967529297,211117.796875,1542.75,208841.75394058228,211117.796875,-1.0780914579955225
2025-05-30,130.39295959472656,203649.015625,1558.219970703125,203180.9136795886,203649.015625,-0.22985720995253311
2025-06-02,130.89065551757812,206636.53125,1561.0400390625,204325.5540020764,206636.53125,-1.118377875365928
2025-06-03,135.3697967529297,206636.53125,1575.3299560546875,213252.0959699247,206636.53125,3.201546541603939
2025-06-04,141.8396759033203,216594.90625,1566.949951171875,222255.67323094234,216594.90625,2.6135272887759076
2025-06-05,146.81651306152344,223565.78125,1555.0799560546875,228311.41667981632,223565.78125,2.1227020536338514
2025-06-06,145.82113647460938,223565.78125,1550.760009765625,226133.58702339977,223565.78125,1.1485683359245158
2025-06-09,147.31417846679688,228047.046875,1543.68994140625,227407.41552571952,228047.046875,-0.28048218911208567
2025-06-10,145.82113647460938,229540.828125,1543.47998046875,225072.004877761,229540.828125,-1.9468533261566168
2025-06-11,154.77944946289062,239001.28125,1557.699951171875,241099.94087075442,239001.28125,0.878095552366176
2025-06-12,148.30955505371094,234520.0,1573.989990234375,233437.75511065498,234520.0,-0.4614723219107164
2025-06-13,145.82113647460938,234520.0,1575.8800048828125,229796.6132596247,234520.0,-2.0140656406171353
2025-06-16,154.77944946289062,246967.96875,1577.239990234375,244124.33735933155,246967.96875,-1.1514170866210538
2025-06-17,155.77479553222656,247963.828125,1563.18994140625,243505.5935005918,247963.828125,-1.7979374887537092
2025-06-18,156.27247619628906,245474.21875,1581.3599853515625,247123.04066861607,245474.21875,0.6716884270014933
2025-06-19,153.7840576171875,244976.3125,1576.530029296875,242445.18486061692,244976.3125,-1.0332132170464803
2025-06-20,161.24929809570312,255930.53125,1583.449951171875,255330.19319614023,255930.53125,-0.23457070593634333
2025-06-23,164.23541259765625,258420.125,1579.530029296875,259414.76607196033,258420.125,0.38489303879112313
2025-06-24,172.69602966308594,277341.0625,1588.7900390625,274377.73171435297,277341.0625,-1.0684789186769073
2025-06-25,178.668212890625,284809.875,1573.81005859375,281189.83059823513,284809.875,-1.271038934926283
2025-06-26,183.64505004882812,291780.71875,1584.699951171875,291022.30184533447,291780.71875,-0.25992701228326753
2025-06-27,176.677490234375,282818.15625,1583.0,279680.4670410156,282818.15625,-1.1094369790780934
2025-06-30,181.65432739257812,290784.90625,1563.2900390625,283978.4005654156,290784.90625,-2.3407355534239893
2025-07-01,178.17054748535156,284311.9375,1591.8199462890625,283615.4313284252,284311.9375,-0.24497957338665
2025-07-02,174.18907165527344,277838.96875,1595.050048828125,277840.28724906966,277838.96875,0.00047455512650618203
2025-07-03,173.69139099121094,277341.0625,1594.3299560546875,276921.3877660949,277341.0625,-0.1513208069955807
2025-07-04,168.21688842773438,269374.34375,1597.68994140625,268758.4306156486,269374.34375,-0.22864580411673385
2025-07-07,166.7238311767578,269872.25,1603.760009765625,267385.0131161995,269872.25,-0.9216349157056603
2025-07-08,177.6728515625,280826.5,1612.739990234375,286540.1128938198,280826.5,2.034570417613657
2025-07-09,175.68212890625,279830.6875,1606.6400146484375,282257.9381594062,279830.6875,0.8673997412832701
2025-07-10,180.65895080566406,295764.09375,1609.4100341796875,290754.3281910103,295764.09375,-1.6938383207612429
2025-07-11,184.6404266357422,293274.46875,1606.2900390625,296586.078113243,293274.46875,1.1291843362150722
2025-07-14,185.13809204101562,298751.59375,1611.5,298350.0353240967,298751.59375,-0.13441214517481148
2025-07-15,186.1334686279297,297257.8125,1611.989990234375,300045.2882758267,297257.8125,0.937730030502304
2025-07-16,181.15663146972656,294768.25,1608.550048828125,291399.5083961673,294768.25,-1.142844116974162
2025-07-17,167.7191925048828,268378.53125,1610.8800048828125,270175.493641207,268378.53125,0.6695626445369696
2025-07-18,167.2215118408203,267880.625,1616.4200439453125,270300.20351834036,267880.625,0.9032301303389723
2025-07-21,168.21688842773438,271366.03125,1615.77001953125,271799.8051003665,271366.03125,0.159848249380512
2025-07-22,167.2215118408203,267382.65625,1615.5899658203125,270161.39659933187,267382.65625,1.0392373193920834
2025-07-23,167.7191925048828,267880.625,1620.3900146484375,271770.50479981117,267880.625,1.452094491645739
2025-07-24,170.20761108398438,268378.53125,1617.300048828125,275276.77771704644,268378.53125,2.5703421338946653
2025-07-25,164.23541259765625,264893.0625,1612.3499755859375,264804.9634921774,264893.0625,-0.033258329603313985
2025-07-28,162.74237060546875,260909.734375,1624.1600341796875,264319.6542050615,260909.734375,1.306934690738859
2025-07-29,163.24005126953125,261407.65625,1609.5799560546875,262747.91454877704,261407.65625,0.5127081272230605
2025-07-30,166.7238311767578,262403.46875,1602.989990234375,267256.6325098686,262403.46875,1.849504422707282
2025-07-31,171.20297241210938,272361.875,1590.27001953125,272258.95428161323,272361.875,-0.03778822509089563
2025-08-01,158.26321411132812,256926.375,1587.9200439453125,251309.32990658656,256926.375,-2.186246971885797
2025-08-04,160.2539520263672,256926.375,1597.5,256005.68836212158,256926.375,-0.35834648656776213
2025-08-05,163.24005126953125,262403.46875,1601.9000244140625,261494.24211401492,262403.46875,-0.3464994728599846
2025-08-06,159.2585906982422,257424.296875,1604.239990234375,255488.99998648837,257424.296875,-0.7517926287476162
2025-08-07,160.2539520263672,260909.734375,1613.97998046875,258646.6703615561,260909.734375,-0.8673743119876232
2025-08-08,155.77479553222656,255432.609375,1616.9000244140625,251872.27069915272,255432.609375,-1.3938465744678497
2025-08-11,164.23541259765625,265888.9375,1612.510009765625,264831.24677170813,265888.9375,-0.39779418363047325
2025-08-12,169.70993041992188,267880.625,1613.68994140625,273859.2076753825,267880.625,2.231808543593816
2025-08-13,174.18907165527344,276843.125,1615.0,281315.3507232666,276843.125,1.6154368013533205
2025-08-14,174.686767578125,275349.4375,1613.6099853515625,281876.3124728501,275349.4375,2.370397060589635
2025-08-15,169.2122344970703,275349.4375,1616.4200439453125,273518.0475218389,275349.4375,-0.6651148427209264
2025-08-18,167.2215118408203,266386.84375,1622.8900146484375,271382.12180088274,266386.84375,1.875196980662719
2025-08-19,159.2585906982422,261905.578125,1617.8800048828125,257661.2894965019,261905.578125,-1.620541516863916
2025-08-20,155.27711486816406,254436.78125,1619.969970703125,251544.2632238455,254436.78125,-1.1368317158958252
2025-08-21,148.80723571777344,243980.453125,1627.1600341796875,242133.18675671704,243980.453125,-0.7571370348003037
2025-08-22,156.27247619628906,249955.5,1624.72998046875,253900.57719819993,249955.5,1.5783118187837175
2025-08-25,161.24929809570312,258420.125,1616.77001953125,260703.0308315903,258420.125,0.8834086863746649
2025-08-26,158.76089477539062,260411.8125,1613.1700439453125,256108.31960161403,260411.8125,-1.6525720769237306
2025-08-27,160.7516326904297,258918.046875,1622.72998046875,260856.49377606064,258918.046875,0.748671992723815
2025-08-28,163.5103302001953,267768.875,1620.93994140625,265040.4250540212,267768.875,-1.018957093492967
2025-08-29,162.51332092285156,268267.53125,1616.1800537109375,262650.78773783706,268267.53125,-2.0937097702400154
2025-09-01,154.53720092773438,255302.921875,1601.68994140625,247520.68029902875,255302.921875,-3.048238351060295
2025-09-02,157.52825927734375,259790.671875,1630.9100341796875,256914.41872227937,259790.671875,-1.1071425821264858
2025-09-03,158.52525329589844,261785.234375,1622.6500244140625,257231.00613083504,261785.234375,-1.7396810996762158
2025-09-04,163.5103302001953,264777.0625,1620.1099853515625,264904.7186654676,264777.0625,0.04821269798156447
2025-09-05,166.00286865234375,272755.28125,1621.3199462890625,269143.76208724827,272755.28125,-1.3240877119594652
2025-09-08,172.98196411132812,276245.75,1623.68994140625,280869.0751722604,276245.75,1.673627620428686
2025-09-09,178.46554565429688,287215.78125,1630.7099609375,291025.5429826081,287215.78125,1.3264458227286502
2025-09-10,192.42373657226562,303172.25,1623.5699462890625,312413.395651374,303172.25,3.048150235179503
2025-09-11,191.92523193359375,306164.0625,1622.9100341796875,311477.3847172931,306164.0625,1.7354493450037367
2025-09-12,204.3878936767578,327605.5,1627.4200439453125,332624.95490931906,327605.5,1.5321644201086615
2025-09-15,205.38491821289062,330098.6875,1628.4599609375,334461.1158901155,330098.6875,1.321552782640345
2025-09-16,213.3610382080078,347052.40625,1628.93994140625,347552.3170769289,347052.40625,0.14404476612930317
2025-09-17,198.90432739257812,332591.90625,1634.3499755859375,325079.2826179974,332591.90625,-2.258811321269971
2025-09-18,214.35804748535156,354532.0,1629.4200439453125,349279.2991536129,354532.0,-1.481587232291326
2025-09-19,212.364013671875,354532.0,1634.530029296875,347115.3574886918,354532.0,-2.0919529157616745
2025-09-22,215.3550567626953,350044.25,1639.9300537109375,353167.2298037689,350044.25,0.892167148515921
2025-09-23,216.35208129882812,360017.03125,1639.3900146484375,354685.4417297058,360017.03125,-1.480927027752721
2025-09-24,215.3550567626953,356526.53125,1644.0699462890625,354058.7766049225,356526.53125,-0.6921657797599123
2025-09-25,210.36997985839844,355529.28125,1647.5999755859375,346605.57367871143,355529.28125,-2.5099782329921827
2025-09-26,202.3938751220703,335583.71875,1642.969970703125,332527.0590797998,335583.71875,-0.9108486197083154
2025-09-29,214.35804748535156,348049.6875,1648.3499755859375,353337.0823391285,348049.6875,1.519149428665556
2025-09-30,211.3670196533203,346553.78125,1640.489990234375,346745.4800069444,346553.78125,0.055315730866634105
2025-10-01,225.32521057128906,359019.75,1647.1700439453125,371148.936998697,359019.75,3.3784177607769417
2025-10-02,250.2505645751953,394423.09375,1644.47998046875,411532.04354491085,394423.09375,4.337715023795008
2025-10-03,257.2296447753906,394423.09375,1647.219970703125,423713.8079308942,394423.09375,7.426216832896637
2025-10-06,273.181884765625,394423.09375,1651.199951171875,451077.9147860408,394423.09375,14.3639715660135
2025-10-07,265.20574951171875,394423.09375,1650.5999755859375,437748.6036692932,394423.09375,10.98452666839902
2025-10-08,265.20574951171875,394423.09375,1648.949951171875,437311.00770784914,394423.09375,10.873580841854324
2025-10-09,263.21173095703125,394423.09375,1653.489990234375,435217.96244971454,394423.09375,10.342920925814724
2025-10-10,250.2505645751953,426834.5625,1643.4300537109375,411269.29878100567,426834.5625,-3.646673696672431
2025-10-13,260.220703125,413869.96875,1615.219970703125,420313.6764779091,413869.96875,1.5569401537808725
2025-10-14,251.24757385253906,410379.5,1648.949951171875,414294.67463619635,410379.5,0.9540375764862441
2025-10-15,263.21173095703125,421349.5625,1658.1300048828125,436439.26873699576,421349.5625,3.581279673690352
2025-10-16,268.1968078613281,451267.875,1653.550048828125,443476.8447346464,451267.875,-1.726475713644282
2025-10-17,274.17889404296875,464232.46875,1655.27001953125,453840.1032975614,464232.46875,-2.238612366003012
2025-10-20,301.0982666015625,484178.03125,1653.0899658203125,497742.5232449323,484178.03125,2.8015504875165353
2025-10-21,292.1251525878906,477695.6875,1653.1199951171875,482917.9308197014,477695.6875,1.0932155044211855
2025-10-22,287.1401062011719,480188.90625,1659.530029296875,476517.62885633856,480188.90625,-0.7645485653410833
2025-10-23,296.1131896972656,477197.0625,1660.699951171875,491755.1596715972,477197.0625,3.0507516318999173
2025-10-24,319.0445556640625,508611.28125,1667.81005859375,532105.719076097,508611.28125,4.619330850931069
2025-10-27,343.9698791503906,533543.1875,1668.719970703125,573989.4066585973,533543.1875,7.58068327104211
2025-10-28,324.02960205078125,519581.34375,1666.8800048828125,540118.464648582,519581.34375,3.952628620257692
2025-10-29,346.9609375,556480.5625,1661.280029296875,576399.2764148712,556480.5625,3.5794087443748346
2025-10-30,341.97589111328125,566453.375,1651.760009765625,564862.1012448817,566453.375,-0.2809187526013557
2025-10-31,338.98480224609375,557477.875,1647.0400390625,558321.5419330001,557477.875,0.15133639752071826
2025-11-03,387.8385314941406,618311.75,1646.4599609375,638560.6134139001,618311.75,3.2748631113512117
2025-11-04,356.93109130859375,584404.3125,1645.719970703125,587408.6251314133,584404.3125,0.5140811878271867
2025-11-05,370.8892517089844,577423.375,1653.050048828125,613098.4956473634,577423.375,6.178329834216245
2025-11-06,350.948974609375,591385.3125,1654.260009765625,580560.8541645408,591385.3125,-1.8303563018331137
2025-11-07,336.9908142089844,578420.6875,1671.68994140625,563344.1544594616,578420.6875,-2.6064996232587956
2025-11-10,374.8773498535156,604349.875,1669.0899658203125,625704.0230538137,604349.875,3.5334082022956848
2025-11-11,362.91314697265625,617314.4375,1682.8399658203125,610724.7478472069,617314.4375,-1.0674770023976765
2025-11-12,363.9101867675781,615319.875,1690.8599853515625,615321.1730671115,615319.875,0.00021095809907833996
2025-11-13,336.9908142089844,610333.5625,1700.93994140625,573201.1357750744,610333.5625,-6.083956217781427
2025-11-14,350.948974609375,558475.125,1707.989990234375,599417.3357158303,558475.125,7.331071498633057
2025-11-17,348.9549560546875,604349.875,1674.8900146484375,584461.1714580804,604349.875,-3.2909254001119104
2025-11-18,331.0086975097656,568447.875,1694.239990234375,560808.1724364385,568447.875,-1.3439583292595647
2025-11-19,336.9908142089844,560469.75,1686.4599609375,568321.5153671801,560469.75,1.4009258068218955
2025-11-20,312.0654296875,569445.25,1691.4000244140625,527827.4753922224,569445.25,-7.308476909374095
2025-11-21,311.06842041015625,519581.34375,1698.239990234375,528268.8312395662,519581.34375,1.6720168254821477
2025-11-24,323.0325622558594,518584.0625,1690.3900146484375,546051.0176436044,518584.0625,5.296528977614767
2025-11-25,306.0833435058594,517586.78125,1699.4000244140625,520158.0414265953,517586.78125,0.49677856346825866
2025-11-26,313.06243896484375,522573.1875,1694.5899658203125,530512.4677450582,522573.1875,1.5192666663668586
2025-11-27,323.3015441894531,542907.25,1705.22998046875,551303.4858836979,542907.25,1.546532282208024
2025-11-28,315.31878662109375,528935.375,1694.25,534228.8542327881,528935.375,1.0007799597045564
2025-12-01,314.3209228515625,536919.3125,1693.4599609375,532289.897734046,536919.3125,-0.8622179642595817
2025-12-02,328.290771484375,556879.125,1706.52001953125,560234.7737654448,556879.125,0.6025811733281872
2025-12-03,321.30584716796875,550891.1875,1705.4300537109375,547964.6481933072,550891.1875,-0.5312372702808488
2025-12-04,309.3316955566406,540911.25,1709.6800537109375,528858.2298737727,540911.25,-2.228280540703731
2025-12-05,320.3079833984375,542907.25,1714.2099609375,549075.135709405,542907.25,1.1360846091859944
2025-12-08,340.2648620605469,575840.9375,1711.81005859375,582468.813461259,575840.9375,1.1509907562379684
2025-12-09,338.2691955566406,564863.0625,1709.050048828125,578118.9851831272,564863.0625,2.3467497811697102
2025-12-10,351.24114990234375,585820.875,1706.3599853515625,599343.8434022292,585820.875,2.308379400483007
2025-12-11,342.26055908203125,563865.125,1717.989990234375,588000.2145549506,563865.125,4.280294787685368
2025-12-12,328.290771484375,569853.0625,1726.0699462890625,566652.83430323,569853.0625,-0.5615883123853416
2025-12-15,321.30584716796875,552887.1875,1722.6099853515625,553484.660683386,552887.1875,0.10806421217457451
2025-12-16,307.3360290527344,528935.375,1724.27001953125,529930.3008174151,528935.375,0.18809969316480046
2025-12-17,313.3230895996094,549893.1875,1728.93994140625,541716.8041735739,549893.1875,-1.4869039137580087
2025-12-18,335.2756652832031,550891.1875,1730.1600341796875,580080.5565060042,550891.1875,5.298572507298305
2025-12-19,337.2713623046875,545901.25,1729.0,583142.1854248047,545901.25,6.8219179613171255
2025-12-22,343.2584228515625,578834.9375,1730.780029296875,594104.8231594265,578834.9375,2.638038008793564
2025-12-23,336.27349853515625,582826.9375,1736.4599609375,583925.4661306739,582826.9375,0.18848281710965864
2025-12-24,336.27349853515625,586818.875,1743.5899658203125,586323.09781719,586818.875,-0.08448555490141452
2025-12-26,336.27349853515625,597796.8125,1699.550048828125,571513.6408550292,597796.8125,-4.3966730995192105
2025-12-29,378.1829528808594,638714.4375,1703.3800048828125,644189.2801247947,638714.4375,0.8571659419855715
2025-12-30,384.1700134277344,649692.375,1688.4599609375,648655.6858655512,649692.375,-0.15956615381991224
2025-12-31,384.1700134277344,649692.375,1688.989990234375,648859.3072276488,649692.375,-0.1282249575964678
2026-01-02,405.124755859375,675640.0625,1691.489990234375,685264.4693322778,675640.0625,1.4244872923410812
2026-01-05,414.1053466796875,694601.9375,1693.4200439453125,701254.2943723053,694601.9375,0.9577221877969944
2026-01-06,447.0342102050781,724541.6875,1694.0,757275.9520874023,724541.6875,4.517927008499756
2026-01-07,442.04498291015625,740509.5,1688.7099609375,746485.7658228278,740509.5,0.8070478262369063
2026-01-08,445.0385437011719,754481.4375,1688.6400146484375,751509.8929546662,754481.4375,-0.3938525717982033
2026-01-09,454.0191345214844,742505.5,1690.2900390625,767424.0206254423,742505.5,3.3560048545690613
2026-01-12,444.0406799316406,747495.4375,1700.1300048828125,754926.8833403476,747495.4375,0.9941794247202429
2026-01-13,418.09674072265625,736517.5625,1708.72998046875,714414.4356090724,736517.5625,-3.0010318852277895
2026-01-14,429.0730285644531,740509.5,1715.06005859375,735886.0135107487,740509.5,-0.6243655873761633
2026-01-15,447.0342102050781,747495.4375,1703.25,761411.0185317993,747495.4375,1.8616275543219318
2026-01-16,447.0342102050781,754481.4375,1704.5999755859375,762014.503801655,754481.4375,0.9984428943164092
2026-01-19,440.0492858886719,762465.3125,1703.5899658203125,749663.5479063354,762465.3125,-1.6789963272807351
2026-01-20,424.0837707519531,741507.5,1713.239990234375,726557.2752616331,741507.5,-2.016193327561344
2026-01-21,446.036376953125,738513.5,1732.219970703125,772633.1198182702,738513.5,4.620040096527722
2026-01-22,447.0342102050781,753483.375,1710.760009765625,764768.2498160079,753483.375,1.4976939359820474
2026-01-23,449.0299072265625,765459.3125,1719.9300537109375,772300.0324539989,765459.3125,0.8936751885161742
2026-01-26,435.06005859375,734521.5625,1707.6099853515625,742912.9002823234,734521.5625,1.1424222528965355
2026-01-27,474.9738464355469,798393.0,1711.5400390625,812936.7556819618,798393.0,1.821628656809593
2026-01-28,520.8746948242188,839310.625,1723.52001953125,897737.9641967714,839310.625,6.961348689797808
2026-01-29,491.9372253417969,859270.5,1711.5,841950.5611724854,859270.5,-2.0156561673552953
2026-01-30,508.9005432128906,907174.0625,1709.699951171875,870067.2338824198,907174.0625,-4.090375833202375
2026-02-02,522.870361328125,828332.75,1726.800048828125,902892.5654721856,828332.75,9.001191305328149
2026-02-03,520.8746948242188,905178.125,1712.31005859375,891898.9792144597,905178.125,-1.4670201829656837
2026-02-04,489.9415283203125,898192.125,1709.06005859375,837339.4970986247,898192.125,-6.77501240632401
2026-02-05,480.9609375,840308.6875,1722.9100341796875,828652.4252672195,840308.6875,-1.3871405123108915
2026-02-06,520.8746948242188,837314.6875,1732.3299560546875,902326.8371948376,837314.6875,7.764362749798015
2026-02-09,522.870361328125,885218.25,1726.2900390625,902625.8964817524,885218.25,1.9664807500017423
2026-02-10,504.9091796875,874240.375,1737.0799560546875,877067.6156631708,874240.375,0.32339397081389
2026-02-11,514.8876342773438,858272.4375,1729.8299560546875,890668.0537750795,858272.4375,3.774514345286728
2026-02-12,528.8574829101562,886216.25,1714.510009765625,906731.4481889158,886216.25,2.3149201099523786
2026-02-13,534.844482421875,878232.3125,1710.4300537109375,914814.0767958462,878232.3125,4.165385829600332
2026-02-16,522.870361328125,878232.3125,1687.25,882213.0171508789,878232.3125,0.45326328742645305
2026-02-17,510.896240234375,878232.3125,1705.97998046875,871578.7579365969,878232.3125,-0.7576075793047199
2026-02-18,520.8746948242188,878232.3125,1706.52001953125,888883.0943847597,878232.3125,1.2127522220676257
2026-02-19,522.870361328125,892204.1875,1696.97998046875,887300.5355542898,892204.1875,-0.5496109539062433
2026-02-20,564.77978515625,947093.6875,1703.739990234375,962237.9056466818,947093.6875,1.5990200701957225
2026-02-23,564.77978515625,949089.6875,1700.93994140625,960656.4946711063,949089.6875,1.2187264621507543
2026-02-24,612.6763916015625,1002981.25,1699.5,1041243.5275268555,1002981.25,3.814854717060312
2026-02-25,640.615966796875,1015955.125,1695.239990234375,1085997.805296719,1015955.125,6.89426910432871
2026-02-26,641.8787231445312,1098816.25,1685.3699951171875,1081803.1404919252,1098816.25,-1.5483125143148202
2026-02-27,607.8851318359375,1060822.625,1689.5400390625,1027046.2693876028,1060822.625,-3.1839776807548015
2026-03-02,617.8832397460938,1060822.625,1696.6600341796875,1048337.7986666635,1060822.625,-1.1769004581078324
2026-03-03,545.8968505859375,938843.0,1698.1700439453125,927025.6787491292,938843.0,-1.258711121121514
2026-03-04,559.8942260742188,848858.0625,1723.4000244140625,964921.7228856012,848858.0625,13.672917241756322
2026-03-05,527.9002685546875,940842.6875,1699.489990234375,897161.2222507298,940842.6875,-4.642802227154497
2026-03-06,505.9044189453125,923845.5,1717.5899658203125,868936.3536446244,923845.5,-5.943542113413514
2026-03-09,529.89990234375,835860.25,1710.8900146484375,906600.451683104,835860.25,8.463161357787264
2026-03-10,559.8942260742188,937843.1875,1702.199951171875,953051.9242849499,937843.1875,1.6216716171379986
2026-03-11,563.8934936523438,954840.3125,1709.6400146484375,964054.8807479516,954840.3125,0.965037622241316
2026-03-12,519.9017944335938,929844.5,1703.5699462890625,885689.0720188245,929844.5,-4.748689483152879
2026-03-13,531.8995361328125,909847.875,1713.3900146484375,911351.3540060967,909847.875,0.16524509727482428
2026-03-16,601.8862915039062,973837.125,1713.8599853515625,1031548.830740191,973837.125,5.926217460665306
2026-03-17,589.8885498046875,969837.8125,1712.22998046875,1010024.8601108193,969837.8125,4.143687438544719
2026-03-18,607.8851318359375,1055823.5,1713.1199951171875,1041380.1740825921,1055823.5,-1.367967839076123
2026-03-19,593.8878173828125,1012830.625,1724.4300537109375,1024118.0008277148,1012830.625,1.1144386385151916
2026-03-20,547.896484375,1006831.625,1728.949951171875,947285.5999073982,1006831.625,-5.9141989200629075
2026-03-23,575.8911743164062,932844.0,1740.1600341796875,1002142.8055822179,932844.0,7.428766822986255
2026-03-24,569.892333984375,985835.125,1724.5799560546875,982824.8962986767,985835.125,-0.30534808762502363
2026-03-25,561.8938598632812,994833.625,1739.469970703125,977397.4959546477,994833.625,-1.752667843867095
2026-03-26,527.9002685546875,932844.0,1735.18994140625,916007.2360617518,932844.0,-1.8048852689461659
2026-03-27,513.9028930664062,932844.0,1740.050048828125,894216.7541731149,932844.0,-4.140804446068702
2026-03-30,471.9108581542969,872854.0625,1736.7099609375,819572.288031131,872854.0625,-6.1043164897761955
2026-03-31,509.9036560058594,806865.0625,1736.260009765625,885325.3267562613,806865.0625,9.724087446934316
2026-04-01,523.9010009765625,896850.0,1738.510009765625,910807.1343239844,896850.0,1.556239541058635
2026-04-02,499.9055480957031,829861.25,1752.5899658203125,876129.4474504329,829861.25,5.575413655045702
2026-04-03,499.9055480957031,875853.5625,1741.0899658203125,870380.5336473323,875853.5625,-0.6248794418379333
2026-04-06,499.9055480957031,885851.875,1741.239990234375,870455.531684272,885851.875,-1.7380268361150142
2026-04-07,527.9002685546875,915846.875,1741.25,919206.3426208496,915846.875,0.3668154265252799
2026-04-08,595.887451171875,1032827.3125,1752.0,1043994.814453125,1032827.3125,1.0812554836581167
2026-04-09,595.887451171875,997833.125,1723.010009765625,1026720.0430628657,997833.125,2.8949648332095235
2026-04-10,589.8885498046875,1026828.3125,1722.6099853515625,1016147.9061381072,1026828.3125,-1.0401355544910396
2026-04-13,613.884033203125,1039826.125,1741.02001953125,1068784.3914772272,1039826.125,2.7849143025933554
2026-04-14,655.8760986328125,1102815.625,1736.6400146484375,1139020.6775372475,1102815.625,3.2829651409089777
2026-04-15,653.87646484375,1135810.125,1732.9300537109375,1133122.1773419976,1135810.125,-0.23665466602548202
2026-04-16,667.8738403320312,1154806.875,1739.4100341796875,1161706.4594396576,1154806.875,0.5974665192097772
2026-04-17,689.8696899414062,1127811.375,1740.8399658203125,1200952.7274580672,1127811.375,6.485246919775678
2026-04-20,691.8692626953125,1165805.0,1731.1800537109375,1197750.2673538178,1165805.0,2.740189598931031
2026-04-21,695.8685302734375,1223795.375,1731.719970703125,1205049.4308583438,1223795.375,-1.5317874641956553
2026-04-22,741.85986328125,1222795.5,1743.9200439453125,1293744.285374701,1222795.5,5.802179135816332
2026-04-23,705.8666381835938,1224795.25,1729.7099609375,1220944.5551596284,1224795.25,-0.3143949848247396
2026-04-24,743.8594970703125,1221795.75,1729.18994140625,1286274.3601534963,1221795.75,5.277364089169256
2026-04-27,763.855712890625,1291784.0,1728.02001953125,1319957.9639083147,1291784.0,2.181011988715964
2026-04-28,743.8594970703125,1299782.625,1726.3699951171875,1284176.716325149,1299782.625,-1.2006552768660916
2026-04-29,745.8590698242188,1292783.875,1724.3599853515625,1286129.5347164199,1292783.875,-0.514729523802282
2026-04-30,759.8564453125,1285785.0,1736.5999755859375,1319566.6843785048,1285785.0,2.6273198379592744
2026-05-01,759.8564453125,1285785.0,1727.9100341796875,1312963.5763915777,1285785.0,2.113773017384535
2026-05-04,835.8421020507812,1446758.125,1727.4100341796875,1443842.034072362,1446758.125,-0.20156036294166624
2026-05-05,913.8273315429688,1446758.125,1725.1500244140625,1576489.2433215901,1446758.125,8.967021928533491
2026-05-06,999.8110961914062,1600732.375,1727.3699951171875,1727043.6883462593,1600732.375,7.890845173057692
2026-05-07,915.8269653320312,1653723.5,1697.0400390625,1554195.0290215611,1653723.5,-6.018446915608255
2026-05-08,1064.798828125,1685718.125,1705.3299560546875,1815833.338773489,1685718.125,7.718681542531858
2026-05-11,1139.78466796875,1879685.625,1723.6700439453125,1964612.6887258887,1879685.625,4.518152535527786
2026-05-12,1039.8035888671875,1834693.25,1737.5,1806658.7356567383,1834693.25,-1.528021882854902
2026-05-13,1149.7828369140625,1975669.625,1750.4200439453125,2012602.9239186794,1975669.625,1.869406628078285
2026-05-14,1139.78466796875,1969670.625,1743.550048828125,1987271.6134904623,1969670.625,0.8936005983468664
2026-05-15,1079.7960205078125,1818695.875,1740.219970703125,1879082.5991734564,1818695.875,3.320331068186788
2026-05-18,1024.806396484375,1839692.375,1737.8599853515625,1780970.0291825235,1839692.375,-3.191965494637472
2026-05-19,1024.806396484375,1744708.25,1733.81005859375,1776819.638335824,1744708.25,1.8405018911227033
2026-05-20,1034.804443359375,1744708.25,1748.02001953125,1808858.883292079,1744708.25,3.676868799816768
2026-05-21,1114.7894287109375,1939675.625,1738.47998046875,1938039.1042521596,1939675.625,-0.08437084668939665
2026-05-22,1089.7940673828125,1940675.5,1750.1500244140625,1907303.1136363298,1940675.5,-1.7196273340736368
2026-05-25,1149.7828369140625,1940675.5,1769.4100341796875,2034437.2887633294,1940675.5,4.831399621592047
2026-05-26,1269.7601318359375,2051656.875,1765.199951171875,2241380.5227167904,2051656.875,9.247338091891733
2026-05-27,1279.7581787109375,2242625.0,1753.010009765625,2243428.897359699,2242625.0,0.035846267641659324
2026-05-28,1380.0,2289000.0,1743.1600341796875,2405560.8471679688,2289000.0,5.092217001658739
2026-05-29,1325.0,2333000.0,1739.1400146484375,2304360.5194091797,2333000.0,-1.2275816798465677
2026-06-01,1420.0,2363000.0,1755.9000244140625,2493378.0346679688,2363000.0,5.517479249596646
2026-06-02,1385.0,2360000.0,1757.3399658203125,2433915.852661133,2360000.0,3.132027655132741
2026-06-03,1380.0,2360000.0,1760.050048828125,2428869.0673828125,2360000.0,2.918180821305616
2026-06-04,1315.0,2298000.0,1776.739990234375,2336413.087158203,2298000.0,1.6715877788600064
2026-06-05,1045.0,2070000.0,1778.1199951171875,1858135.394897461,2070000.0,-10.235005077417348
2026-06-08,1165.0,1911000.0,1807.4200439453125,2105644.351196289,1911000.0,10.185471020213965
2026-06-09,1160.0,2215000.0,1759.7099609375,2041263.5546875,2215000.0,-7.843631842550791
2026-06-10,1120.0,2048000.0,1761.0999755859375,1972431.97265625,2048000.0,-3.689845085144039
2026-06-11,1300.0,2101000.0,1751.949951171875,2277534.9365234375,2101000.0,8.402424394261665
2026-06-12,1275.0,2150000.0,1754.260009765625,2236681.512451172,2150000.0,4.031698253542881
2026-06-15,1365.0,2288000.0,1754.6099853515625,2395042.630004883,2288000.0,4.678436626087534
2026-06-16,1300.0,2382000.0,1753.9300537109375,2280109.0698242188,2382000.0,-4.277536951124317
2026-06-17,1420.0,2521000.0,1755.6500244140625,2493023.0346679688,2521000.0,-1.1097566573594286
2026-06-18,1590.0,2685000.0,1755.9000244140625,2791881.0388183594,2685000.0,3.980671836810412
2026-06-19,1580.0,2764000.0,1759.47998046875,2779978.369140625,2764000.0,0.5780886085609671
2026-06-22,1700.0,2919000.0,1703.52001953125,2895984.033203125,2919000.0,-0.7884880711502174
2026-06-23,1480.0,2555000.0,1752.5400390625,2593759.2578125,2555000.0,1.5169963918786777
2026-06-24,1460.0,2621000.0,1740.5699462890625,2541232.1215820312,2621000.0,-3.0434139037759933
2026-06-25,1655.0,2917000.0,1747.219970703125,2891649.051513672,2917000.0,-0.8690760536965381
2026-06-26,1530.0,2673000.0,1754.1800537109375,2683895.4821777344,2673000.0,0.4076125019728538
2026-06-29,1500.0,2628000.0,1746.0899658203125,2619134.9487304688,2628000.0,-0.3373307180186913
2026-06-30,1570.0,2650000.0,1760.27001953125,2763623.9306640625,2650000.0,4.287695496757071
2026-07-01,1400.0,2560000.0,1763.6800537109375,2469152.0751953125,2560000.0,-3.548747062683111
2026-07-02,1235.0,2187000.0,1765.8900146484375,2180874.1680908203,2187000.0,-0.28010205346042927
2026-07-03,1410.0,2425000.0,1755.52001953125,2475283.2275390625,2425000.0,2.073535156249995
2026-07-06,1390.0,2343000.0,1746.8599853515625,2428135.379638672,2343000.0,3.6336056183812193
2026-07-07,1245.0,2201000.0,1748.31005859375,2176646.0229492188,2201000.0,-1.1064960041245464
2026-07-08,1310.0,2076000.0,1726.5799560546875,2261819.7424316406,2076000.0,8.950854645069395
2026-07-09,1410.0,2186000.0,1717.22998046875,2421294.2724609375,2186000.0,10.763690414498516
2026-07-10,1300.0,2180000.0,1720.0799560546875,2236103.9428710938,2180000.0,2.573575361059355
2026-07-13,1115.0,1845000.0,1669.0899658203125,1861035.3118896484,1845000.0,0.8691225956449111
2026-07-14,1240.0,1913000.0,1703.8499755859375,2112773.9697265625,1913000.0,10.442967575878859
2026-07-15,1135.0,2082000.0,1698.0,1927230.0,2082000.0,-7.43371757925072
2026-07-16,996.0,1842000.0,1707.8699951171875,1701038.5151367188,1842000.0,-7.652632185845887
2026-07-17,1015.0,1842000.0,1692.6400146484375,1718029.614868164,1842000.0,-6.730205490327679
2026-07-20,1050.0,1764000.0,1700.5799560546875,1785608.9538574219,1764000.0,1.2249973842075823
2026-07-21,1150.0,1836000.0,1683.3599853515625,1935863.9831542969,1836000.0,5.439214768752554
2026-07-22,1105.0,1830000.0,1687.030029296875,1864168.1823730469,1830000.0,1.8671137908768731
2026-07-23,1125.0,1919000.0,1683.5999755859375,1894049.9725341797,1919000.0,-1.3001577626795324
2026-07-24,1015.0,1759000.0,1658.300048828125,1683174.5495605469,1759000.0,-4.310713498547647
2026-07-26,1015.0,1759000.0,1658.3,1683174.5,1759000.0,-4.310716316088692
