,dr_close,local_close,fx_close,dr_equiv,local_equiv,premium_pct
2021-07-26,53.58306884765625,433.6052551269531,7.768970012664795,416.28525506399455,433.6052551269531,-3.994416547808566
2021-07-27,52.443382263183594,394.6693115234375,7.778800010681152,407.9465825090083,394.6693115234375,3.3641508467734837
2021-07-28,54.963157653808594,395.731201171875,7.782509803771973,427.7513132870299,395.731201171875,8.091379203948046
2021-07-29,55.176849365234375,435.3750915527344,7.7804999351501465,429.30347290799546,435.3750915527344,-1.394571890432439
2021-07-30,54.49125671386719,423.8712463378906,7.770040035247803,423.39924623771367,423.8712463378906,-0.11135459275779525
2021-08-02,54.59810256958008,420.3316345214844,7.77209997177124,424.3419114397966,420.3316345214844,0.9540744947445168
2021-08-03,50.60029602050781,394.6693115234375,7.773749828338623,393.3540425033061,394.6693115234375,-0.33325849812197994
2021-08-04,52.65707015991211,404.2262878417969,7.777100086212158,409.51930488033213,404.2262878417969,1.3094193024395295
2021-08-05,51.10781478881836,388.47491455078125,7.77554988861084,397.39136358834,388.47491455078125,2.2952444813249873
2021-08-06,51.38383102416992,401.39459228515625,7.776370048522949,399.5796845547193,401.39459228515625,-0.45215051854700095
2021-08-09,53.912506103515625,408.473876953125,7.780200004577637,419.45008023336413,408.473876953125,2.6871249055416824
2021-08-10,55.105621337890625,430.2425842285156,7.783100128173828,428.89256849803496,430.2425842285156,-0.3137801277624419
2021-08-11,55.488487243652344,428.2958068847656,7.780900001525879,431.75037047880323,428.2958068847656,0.806583566429131
2021-08-12,54.33988571166992,426.5260314941406,7.778369903564453,422.6757315827854,426.5260314941406,-0.9027115878173841
2021-08-13,53.627586364746094,416.0840759277344,7.781660079956055,417.3116479989403,416.0840759277344,0.2950298130176776
2021-08-16,51.21466064453125,401.57159423828125,7.782199859619141,398.562724878313,401.57159423828125,-0.7492734553786295
2021-08-17,49.104461669921875,384.9352722167969,7.78400993347168,382.2296174164512,384.9352722167969,-0.7028856526355987
2021-08-18,50.92973709106445,385.9971618652344,7.791800022125244,396.8343265929889,385.9971618652344,2.8075762721639252
2021-08-19,47.84902572631836,372.7235412597656,7.787899971008301,372.6434260667702,372.7235412597656,-0.021494535259203307
2021-08-20,49.914703369140625,376.440185546875,7.789599895477295,388.815568147038,376.440185546875,3.287476490371133
2021-08-23,50.87631607055664,383.8734130859375,7.790709972381592,396.36262296892346,383.8734130859375,3.253470924851465
2021-08-24,55.702178955078125,417.6768798828125,7.791600227355957,434.0091102106089,417.6768798828125,3.9102548200366627
2021-08-25,54.215240478515625,419.9776611328125,7.787799835205078,422.21744086418767,419.9776611328125,0.5333092539574036
2021-08-26,53.38718795776367,417.49993896484375,7.7835001945495605,415.5391878557075,417.49993896484375,-0.4696410528820083
2021-08-27,52.49680709838867,412.721435546875,7.787179946899414,408.8020835128191,412.721435546875,-0.9496361701840317
2021-08-30,51.91806411743164,412.1904602050781,7.787399768829346,404.3067205061543,412.1904602050781,-1.9126448717423972
2021-08-31,54.90083312988281,425.81805419921875,7.787089824676514,427.5177190319737,425.81805419921875,0.39915283440747906
2021-09-01,57.48292541503906,432.1894226074219,7.777900218963623,447.09645817230194,432.1894226074219,3.449190282109438
2021-09-02,56.42338180541992,438.9147033691406,7.776700019836426,438.78771440544733,438.9147033691406,-0.0289324925135781
2021-09-03,56.19188690185547,431.83544921875,7.771200180053711,436.678401609257,431.83544921875,1.121480971344191
2021-09-06,56.19188690185547,446.87890625,7.770899772644043,436.66152115006844,446.87890625,-2.2863878686221972
2021-09-07,59.735591888427734,456.1704406738281,7.77370023727417,464.36658483678366,456.1704406738281,1.7967284664145877
2021-09-08,57.9726448059082,464.13458251953125,7.774479866027832,450.7071598239163,464.13458251953125,-2.893001987209154
2021-09-09,56.32543182373047,424.75616455078125,7.775489807128906,437.9578210275504,424.75616455078125,3.1080552982041043
2021-09-10,55.53300094604492,433.6052551269531,7.777239799499512,431.8934651432246,433.6052551269531,-0.39478072820573473
2021-09-13,54.69605255126953,422.986328125,7.777910232543945,425.42098681828065,422.986328125,0.5755880347416698
2021-09-14,53.36937713623047,418.3847961425781,7.779339790344238,415.1785191417657,418.3847961425781,-0.7663464424074728
2021-09-15,51.837928771972656,401.2176208496094,7.779600143432617,403.27835810968827,401.2176208496094,0.5136208264520103
2021-09-16,51.89134979248047,399.0938415527344,7.781199932098389,403.77696748174276,399.0938415527344,1.1734397881931757
2021-09-17,52.443382263183594,408.6508483886719,7.782820224761963,408.1574161328281,408.6508483886719,-0.12074666130987843
2021-09-20,50.46674346923828,401.925537109375,7.781929969787598,392.7286634808479,401.925537109375,-2.2882033559426196
2021-09-21,51.7310791015625,398.2088928222656,7.78685998916626,402.8226700523519,398.2088928222656,1.1586323945170118
2021-09-22,52.42558288574219,398.2088928222656,7.786320209503174,408.2023755182381,398.2088928222656,2.509608116771256
2021-09-23,53.244728088378906,409.88970947265625,7.785600185394287,414.5421648761512,409.88970947265625,1.1350505504226005
2021-09-24,51.882450103759766,407.2350158691406,7.784969806671143,403.90330755389186,407.2350158691406,-0.8181291356142539
2021-09-27,53.725528717041016,411.1285400390625,7.785299777984619,418.2693467928857,411.1285400390625,1.7368793597118737
2021-09-28,52.53242492675781,415.7301330566406,7.782700061798096,408.84410672388185,415.7301330566406,-1.6563693091307896
2021-09-29,51.909156799316406,411.4825134277344,7.7829999923706055,404.00896697304415,411.4825134277344,-1.8162488588965853
2021-09-30,53.218013763427734,408.296875,7.784890174865723,414.29639247277737,408.296875,1.4694007816683285
2021-10-01,52.372154235839844,408.296875,7.786139965057373,407.7769231518214,408.296875,-0.12734651671743036
2021-10-04,51.490684509277344,404.4032897949219,7.785299777984619,400.870414678353,404.4032897949219,-0.8736019725162136
2021-10-05,52.08723068237305,398.2088928222656,7.787399768829346,405.62408817487267,398.2088928222656,1.8621370557680317
2021-10-06,51.739986419677734,395.02325439453125,7.78508996963501,402.80044930488475,395.02325439453125,1.968794197261614
2021-10-07,55.773406982421875,417.14593505859375,7.786280155181885,434.2673719741142,417.14593505859375,4.104423770332444
2021-10-08,56.26311492919922,426.3490295410156,7.784860134124756,438.0004804340024,426.3490295410156,2.7328433010695763
2021-10-11,55.4528694152832,438.9147033691406,7.784299850463867,431.6617630971814,438.9147033691406,-1.6524714748184843
2021-10-12,54.56248474121094,427.587890625,7.7786102294921875,424.4203019544948,427.587890625,-0.7408041106765628
2021-10-13,56.53913116455078,427.587890625,7.780980110168457,439.9298550375752,427.587890625,2.886415795015873
2021-10-14,55.96928787231445,427.587890625,7.778900146484375,435.37950162857305,427.587890625,1.8222244302064095
2021-10-15,56.97542190551758,438.5607604980469,7.7793498039245605,443.2317372292073,438.5607604980469,1.0650694617219791
2021-10-18,57.04664993286133,439.79962158203125,7.77810001373291,443.7145486262052,439.79962158203125,0.8901615308561039
2021-10-19,58.38221740722656,441.5694580078125,7.7771501541137695,454.04727110611566,441.5694580078125,2.8257871716486305
2021-10-20,58.141822814941406,450.8609924316406,7.7749199867248535,452.048020268503,450.8609924316406,0.2632802253440314
2021-10-21,57.90141296386719,447.32135009765625,7.77370023727417,450.10822769572405,447.32135009765625,0.623014662157173
2021-10-22,57.509639739990234,450.8609924316406,7.775109767913818,447.1437616916028,450.8609924316406,-0.824473796233649
2021-10-25,57.91032028198242,446.87890625,7.7725701332092285,450.1120258283172,446.87890625,0.7234889660485466
2021-10-26,55.89805603027344,444.22418212890625,7.774250030517578,434.56546379922656,444.22418212890625,-2.1742891806094677
2021-10-27,55.94258117675781,430.95050048828125,7.776000022888184,435.0095125108928,430.95050048828125,0.9418743029681043
2021-10-28,55.844635009765625,432.012451171875,7.778299808502197,434.37631380233506,432.012451171875,0.5471746529637889
2021-10-29,54.12620162963867,425.6410827636719,7.7779998779296875,420.99358966812724,425.6410827636719,-1.0918807614548443
2021-11-01,55.1412353515625,415.5531005859375,7.7802300453186035,429.0114960182109,415.5531005859375,3.2386704402630695
2021-11-02,51.91806411743164,410.59765625,7.7823100090026855,404.04247002913144,410.59765625,-1.5964986943026616
2021-11-03,53.96593475341797,415.0221862792969,7.781280040740967,419.9240509767005,415.0221862792969,1.1811090730712959
2021-11-04,53.60087966918945,425.4640808105469,7.783199787139893,417.18635523174635,425.4640808105469,-1.9455756554185966
2021-11-05,52.1673698425293,413.6063537597656,7.7829999923706055,406.01863908640007,413.6063537597656,-1.8345256557090295
2021-11-08,53.244728088378906,410.420654296875,7.783740043640137,414.44312213424564,410.420654296875,0.9800841637129354
2021-11-09,53.28924560546875,410.59765625,7.788380146026611,415.03690247036866,410.59765625,1.081166965469893
2021-11-10,55.061100006103516,427.9418640136719,7.789999961853027,428.9259669471321,427.9418640136719,0.2299618280460658
2021-11-11,55.613136291503906,422.6323547363281,7.790890216827393,433.2758394605662,422.6323547363281,2.518379060419629
2021-11-12,55.82683181762695,429.3576965332031,7.7916998863220215,434.98591912712254,429.3576965332031,1.310847025536943
2021-11-15,55.63985061645508,435.19805908203125,7.791749954223633,433.5318034937736,435.19805908203125,-0.38287293646765974
2021-11-16,57.53635787963867,444.6666564941406,7.788859844207764,448.1426274706846,444.6666564941406,0.781702636296
2021-11-17,57.18911361694336,450.4185485839844,7.787300109863281,445.3487907522067,450.4185485839844,-1.1255659536481888
2021-11-18,55.55971908569336,439.62261962890625,7.788899898529053,432.7490903488597,439.62261962890625,-1.5635067380856404
2021-11-19,56.27201843261719,438.9147033691406,7.788909912109375,438.29768214421347,438.9147033691406,-0.1405788460014823
2021-11-22,54.83850860595703,437.4989013671875,7.790939807891846,427.2435197035702,437.4989013671875,-2.344093123792801
2021-11-23,53.654296875,425.81805419921875,7.79040002822876,417.98843588959426,425.81805419921875,-1.8387238944925999
2021-11-24,53.413902282714844,417.8539123535156,7.793700218200684,416.29194187574467,417.8539123535156,-0.37380779061594316
2021-11-25,53.413902282714844,422.80938720703125,7.798389911651611,416.5424367034684,422.80938720703125,-1.482216500669653
2021-11-26,52.808441162109375,410.0666809082031,7.796299934387207,411.710446367244,410.0666809082031,0.40085321133633833
2021-11-29,52.23859405517578,409.1817626953125,7.797920227050781,407.3523892155499,409.1817626953125,-0.4470808932715786
2021-11-30,52.04271697998047,406.5270690917969,7.799530029296875,405.90873389155604,406.5270690917969,-0.15210185182065183
2021-12-01,52.73720932006836,414.8451843261719,7.797399997711182,411.21311583159513,414.8451843261719,-0.875523841617265
2021-12-02,53.16459274291992,419.0928039550781,7.793489933013916,414.3377183347311,419.0928039550781,-1.1346139984920178
2021-12-03,50.53797149658203,409.3587951660156,7.7916998863220215,393.7767067648638,409.3587951660156,-3.80646234676173
2021-12-06,52.04271697998047,396.2621154785156,7.795400142669678,405.6938033706574,396.2621154785156,2.380163917701883
2021-12-07,53.182395935058594,410.420654296875,7.801539897918701,414.90458375426897,410.420654296875,1.0925204203174887
2021-12-08,53.725528717041016,413.25238037109375,7.798500061035156,418.9785389789904,413.25238037109375,1.3856323350768474
2021-12-09,52.986515045166016,418.20782470703125,7.797800064086914,413.1782504149378,418.20782470703125,-1.2026494950487465
2021-12-10,52.92418670654297,410.0666809082031,7.796750068664551,412.6366563382544,410.0666809082031,0.6267213479425715
2021-12-13,52.514610290527344,412.8984069824219,7.79863977432251,409.5425285447527,412.8984069824219,-0.8127612945263873
2021-12-14,52.327632904052734,406.88104248046875,7.801499843597412,408.2340199167902,406.88104248046875,0.3325240783088157
2021-12-15,51.321502685546875,403.3413391113281,7.800899982452393,400.35390939911304,403.3413391113281,-0.7406703510225876
2021-12-16,50.56467819213867,400.50970458984375,7.802800178527832,394.546080024822,400.50970458984375,-1.4890087547638875
2021-12-17,50.074974060058594,387.59002685546875,7.803249835968018,390.74753312025496,387.59002685546875,0.8146510606588997
2021-12-20,48.810630798339844,380.5107421875,7.8021697998046875,380.8288295242237,380.5107421875,0.08359483753206387
2021-12-21,51.588619232177734,390.0677795410156,7.800899982452393,402.43765886303845,390.0677795410156,3.1712127919353295
2021-12-22,50.716041564941406,392.0145568847656,7.801080226898193,395.6399090388113,392.0145568847656,0.9248003907955216
2021-12-23,53.654296875,408.6508483886719,7.799689769744873,418.4868704387918,408.6508483886719,2.406950111300099
2021-12-24,53.654296875,407.2350158691406,7.798500061035156,418.4230374544859,407.2350158691406,2.7473132587744864
2021-12-27,52.870765686035156,407.2350158691406,7.799349784851074,412.35759497828985,407.2350158691406,1.2578925950697872
2021-12-28,50.867408752441406,398.5628662109375,7.798500061035156,396.68949026061455,398.5628662109375,-0.4700327374029589
2021-12-29,50.591392517089844,393.6073913574219,7.797999858856201,394.5116717076053,393.6073913574219,0.22974170964240592
2021-12-30,52.71049880981445,392.3684997558594,7.7965497970581055,410.9600287984904,392.3684997558594,4.738282776063585
2021-12-31,51.909156799316406,404.2262878417969,7.797560214996338,404.76477585235625,404.2262878417969,0.13321449563175047
2022-01-03,51.855735778808594,401.57159423828125,7.795919895172119,404.2631622368026,401.57159423828125,0.670258563389381
2022-01-04,51.08110046386719,398.2088928222656,7.797699928283691,398.3150934237492,398.2088928222656,0.026669570518844665
2022-01-05,48.79282760620117,381.0416564941406,7.793499946594238,380.2668993431107,381.0416564941406,-0.20332610301935228
2022-01-06,50.146202087402344,386.705078125,7.795199871063232,390.89966804602955,386.705078125,1.08469998412426
2022-01-07,50.885223388671875,392.0145568847656,7.800620079040527,396.9362952921365,392.0145568847656,1.2554988892460095
2022-01-10,51.766693115234375,401.0406494140625,7.79817008972168,403.6854778950219,401.0406494140625,0.6594913719653039
2022-01-11,54.04607009887695,407.0579833984375,7.795499801635742,421.3161287349867,407.0579833984375,3.50273079464285
2022-01-12,55.702178955078125,425.4640808105469,7.796000003814697,434.254187346276,425.4640808105469,2.0660043778509385
2022-01-13,53.01322555541992,420.50860595703125,7.791790008544922,413.06792120345926,420.50860595703125,-1.7694488645809803
2022-01-14,54.019351959228516,418.915771484375,7.7878899574279785,420.69676863004315,418.915771484375,0.4251444483356126
2022-01-17,54.019351959228516,412.01348876953125,7.784180164337158,420.4963680113742,412.01348876953125,2.058883864986294
2022-01-18,51.24136734008789,400.6866760253906,7.789899826049805,399.1651185291048,400.6866760253906,-0.37973748250850203
2022-01-19,52.50849914550781,403.3413391113281,7.792449951171875,409.1698516025208,403.3413391113281,1.445057058627941
2022-01-20,55.152164459228516,429.9632263183594,7.791319847106934,429.7081535620928,429.9632263183594,-0.059324319070430676
2022-01-21,54.386409759521484,432.8807373046875,7.786019802093506,423.4536633524058,432.8807373046875,-2.1777531638342174
2022-01-24,53.967071533203125,428.1398010253906,7.787059783935547,420.24481239297893,428.1398010253906,-1.8440211850202393
2022-01-25,54.787513732910156,425.5870361328125,7.786190032958984,426.58599335778854,425.5870361328125,0.23472454284634292
2022-01-26,54.1767463684082,431.7866516113281,7.785369873046875,421.7860089963069,431.7866516113281,-2.31610740575261
2022-01-27,54.14027786254883,422.12249755859375,7.786489963531494,421.5627301995428,422.12249755859375,-0.13260780041065567
2022-01-28,53.87590789794922,419.38739013671875,7.789400100708008,419.661002406021,419.38739013671875,0.06524093850628354
2022-01-31,57.011837005615234,429.59857177734375,7.79355001449585,444.3246031215476,429.59857177734375,3.4278585432160558
2022-02-01,57.20327377319336,429.59857177734375,7.797289848327637,446.03050588282713,429.59857177734375,3.8249508226949835
2022-02-02,56.628963470458984,429.59857177734375,7.794139862060547,441.37406153227494,429.59857177734375,2.7410449029691586
2022-02-03,56.22785186767578,429.59857177734375,7.795499801635742,438.32420808087045,429.59857177734375,2.0311138995241063
2022-02-04,56.3828239440918,436.7099304199219,7.7930498123168945,439.3941555554011,436.7099304199219,0.6146471487145089
2022-02-07,55.562381744384766,435.79815673828125,7.787899971008301,432.71427117624626,435.79815673828125,-0.7076407998409695
2022-02-08,56.11845779418945,428.5045166015625,7.791989803314209,437.274450910043,428.5045166015625,2.046637542594465
2022-02-09,57.4038200378418,440.1744384765625,7.793300151824951,447.36519941624465,440.1744384765625,1.6336162010154975
2022-02-10,55.908790588378906,441.63311767578125,7.791130065917969,435.59265930223046,441.63311767578125,-1.36775484713203
2022-02-11,54.87867736816406,434.886474609375,7.79656982421875,427.8654399616644,434.886474609375,-1.6144522898802638
2022-02-14,54.823978424072266,430.3279113769531,7.800829887390137,427.67252943613494,430.3279113769531,-0.6170601233653539
2022-02-15,55.67177200317383,428.5045166015625,7.802599906921387,434.3845630501128,428.5045166015625,1.3722250806559755
2022-02-16,55.6170768737793,434.1570739746094,7.801259994506836,433.88327682682575,434.1570739746094,-0.06306407615960241
2022-02-17,55.270668029785156,436.7099304199219,7.799499988555908,431.0835746657867,436.7099304199219,-1.2883507706648811
2022-02-18,53.87590789794922,428.5045166015625,7.799099922180176,420.18358909428207,428.5045166015625,-1.9418529291763575
2022-02-21,53.87590789794922,406.07635498046875,7.799739837646484,420.2180651210074,406.07635498046875,3.482524891462546
2022-02-22,51.35987854003906,405.52935791015625,7.800899982452393,400.65327560174774,405.52935791015625,-1.2023993363974417
2022-02-23,50.885841369628906,405.711669921875,7.801599979400635,396.99097898108084,405.711669921875,-2.1494799354609295
2022-02-24,50.66706085205078,390.0302734375,7.805069923400879,395.45995276346366,390.0302734375,1.3921174061976238
2022-02-25,49.67340850830078,386.56573486328125,7.807499885559082,387.8251312438879,386.56573486328125,0.32579100189831234
2022-02-28,49.0352783203125,384.0129699707031,7.8074798583984375,382.8419478368014,384.0129699707031,-0.30494338094649853
2022-03-01,49.746337890625,392.9477233886719,7.813260078430176,388.6810758889187,392.9477233886719,-1.0858053745568919
2022-03-02,49.1811408996582,386.0187072753906,7.815899848937988,384.39487172823647,386.0187072753906,-0.4206623970676393
2022-03-03,47.5858268737793,381.82489013671875,7.813720226287842,371.82233792828083,381.82489013671875,-2.6196700285453733
2022-03-04,45.935829162597656,367.6021728515625,7.8155999183654785,359.0160626532488,367.6021728515625,-2.335707140061105
2022-03-07,44.531951904296875,353.744140625,7.814599990844727,347.99939094361616,353.744140625,-1.6239844061399666
2022-03-08,44.39521026611328,349.3678894042969,7.818299770355225,347.0950622284254,349.3678894042969,-0.6505541135296888
2022-03-09,46.26400375366211,350.82666015625,7.818600177764893,361.7197479724982,350.82666015625,3.104977201959702
2022-03-10,43.03691482543945,351.0090026855469,7.819069862365723,336.5086436807942,351.0090026855469,-4.1310504556325895
2022-03-11,40.80348205566406,335.32757568359375,7.822770118713379,319.1962601645064,335.32757568359375,-4.810614064829688
2022-03-14,37.15705871582031,302.5059814453125,7.828020095825195,290.86620232919813,302.5059814453125,-3.847784781147745
2022-03-15,35.93550109863281,271.6900329589844,7.828949928283691,281.33723874897987,271.6900329589844,3.550813287085841
2022-03-16,47.950469970703125,334.5982360839844,7.826700210571289,375.2939534166944,334.5982360839844,12.162561826086682
2022-03-17,44.28581619262695,355.56756591796875,7.820419788360596,346.3336732965199,355.56756591796875,-2.5969445772169086
2022-03-18,47.130027770996094,347.3621826171875,7.818270206451416,368.4752919512066,347.3621826171875,6.078125481289631
2022-03-21,43.766197204589844,339.52142333984375,7.823939800262451,342.4240922151257,339.52142333984375,0.8549295201253138
2022-03-22,46.13637161254883,353.744140625,7.8250298500061035,361.0184850391688,353.744140625,2.0563858390181045
2022-03-23,43.629459381103516,354.6558532714844,7.826670169830322,341.4733882639066,354.6558532714844,-3.7169737608945597
2022-03-24,42.125308990478516,333.6864929199219,7.823659896850586,329.5740905912462,333.6864929199219,-1.2324149811069995
2022-03-25,41.64216232299805,324.93402099609375,7.823400020599365,325.78329357554503,324.93402099609375,0.26136770069438153
2022-03-28,43.22834777832031,334.0511474609375,7.8284101486206055,338.40923645590374,334.0511474609375,1.3046172803450329
2022-03-29,45.01510238647461,343.8976135253906,7.828800201416016,352.414242629995,343.8976135253906,2.476501368328221
2022-03-30,44.057918548583984,346.9974670410156,7.827199935913086,344.8501372399405,346.9974670410156,-0.6188315492289376
2022-03-31,42.31674575805664,341.16253662109375,7.82705020904541,331.2152937317187,341.16253662109375,-2.9156902712394794
2022-04-01,44.79631805419922,345.35638427734375,7.833479881286621,350.9110562332862,345.35638427734375,1.6083883804741461
2022-04-04,45.90847396850586,355.56756591796875,7.83459997177124,359.6745288577167,355.56756591796875,1.155044310395703
2022-04-05,44.32228088378906,355.56756591796875,7.8344597816467285,347.241127014895,355.56756591796875,-2.341731839791783
2022-04-06,43.355979919433594,347.3621826171875,7.833759784698486,339.640331919054,347.3621826171875,-2.222996942255917
2022-04-07,42.81813049316406,341.3448791503906,7.8371100425720215,335.5704004921354,341.3448791503906,-1.6916845721043017
2022-04-08,42.59934616088867,336.9686584472656,7.836470127105713,333.8285036240395,336.9686584472656,-0.9318833501298807
2022-04-11,42.81813049316406,322.38128662109375,7.838860034942627,335.645331893822,322.38128662109375,4.114396778966256
2022-04-12,42.2255859375,334.0511474609375,7.837800025939941,330.9556985562667,334.0511474609375,-0.9266392072587504
2022-04-13,43.77531433105469,340.615478515625,7.837430000305176,343.0859618109971,340.615478515625,0.7252997738500522
2022-04-14,42.708736419677734,341.3448791503906,7.838759899139404,334.78353038948444,341.3448791503906,-1.9222051249860317
2022-04-15,42.708736419677734,341.3448791503906,7.842619895935059,334.94838597521084,341.3448791503906,-1.8739092237448185
2022-04-18,42.2802848815918,341.3448791503906,7.843599796295166,331.629633884555,341.3448791503906,-2.8461669880670004
2022-04-19,42.4534912109375,331.8630676269531,7.8414998054504395,332.89904307125835,331.8630676269531,0.3121695498427002
2022-04-20,40.885528564453125,330.0396423339844,7.841899871826172,320.62022120913025,330.0396423339844,-2.854027188443664
2022-04-21,38.825294494628906,317.27569580078125,7.843900203704834,304.54173539531985,317.27569580078125,-4.013531630061296
2022-04-22,38.88910675048828,310.5290222167969,7.844600200653076,305.06949461809927,310.5290222167969,-1.7581376322648556
2022-04-25,38.68855285644531,298.4944152832031,7.846290111541748,303.5616097073871,298.4944152832031,1.6975843314778194
2022-04-26,37.92280578613281,306.1527404785156,7.847109794616699,297.5844207237096,306.1527404785156,-2.798707514887422
2022-04-27,38.86176681518555,305.2410583496094,7.845600128173828,304.89388270628115,305.2410583496094,-0.11373818620776799
2022-04-28,39.436073303222656,309.79962158203125,7.84630012512207,309.42726689339906,309.79962158203125,-0.12019210570067829
2022-04-29,42.90928649902344,344.08001708984375,7.846700191497803,336.6963065889213,344.08001708984375,-2.14592831149345
2022-05-02,43.064266204833984,344.08001708984375,7.8470001220703125,337.9253021662007,344.08001708984375,-1.7887452388831937
2022-05-03,43.88471221923828,346.4504699707031,7.847499847412109,344.38527244419674,346.4504699707031,-0.5961018112288996
2022-05-04,43.665924072265625,335.87457275390625,7.847259998321533,342.65785926203534,335.87457275390625,2.019589173574965
2022-05-05,41.02226638793945,334.0511474609375,7.8480000495910645,321.9427486468867,334.0511474609375,-3.6247140313944604
2022-05-06,39.59104919433594,318.3697204589844,7.8491997718811035,310.7580543047152,318.3697204589844,-2.390826031852422
2022-05-09,38.12335968017578,318.3697204589844,7.849649906158447,299.25502673593655,318.3697204589844,-6.003929549421572
2022-05-10,39.153472900390625,311.0760498046875,7.849400043487549,307.33127188701474,311.0760498046875,-1.203814282720883
2022-05-11,39.344913482666016,319.46380615234375,7.849649906158447,308.8437964270215,319.46380615234375,-3.324323294469811
2022-05-12,40.16535949707031,313.8111877441406,7.849760055541992,315.28843459658674,313.8111877441406,0.47074384538849934
2022-05-13,41.879180908203125,323.1106262207031,7.84984016418457,328.74487633636454,323.1106262207031,1.7437526526326241
2022-05-16,41.1498908996582,319.09906005859375,7.849730014801025,323.01553370083457,319.09906005859375,1.227353550186483
2022-05-17,42.635807037353516,335.87457275390625,7.849999904632568,334.6910811771577,335.87457275390625,-0.35236117073254025
2022-05-18,39.663970947265625,333.3218078613281,7.849380016326904,311.3375809216377,333.3218078613281,-6.595496130525158
2022-05-19,41.09738540649414,311.623046875,7.848800182342529,322.5651660722924,311.623046875,3.511331818047969
2022-05-20,40.52952194213867,322.6953125,7.847899913787842,318.0716317555725,322.6953125,-1.4328317038777794
2022-05-23,39.97080612182617,317.7476806640625,7.84827995300293,313.7020763912951,317.7476806640625,-1.2732128411802823
2022-05-24,38.50533676147461,309.68487548828125,7.849100112915039,302.23224312232196,309.68487548828125,-2.4065212594605034
2022-05-25,38.99077224731445,306.0199890136719,7.84906005859375,306.04091310012154,306.0199890136719,0.006837490098976495
2022-05-26,40.32801818847656,306.20318603515625,7.8495001792907715,316.55478600088827,306.20318603515625,3.380631044297333
2022-05-27,40.17230987548828,313.1665344238281,7.8491997718811035,315.3204855106196,313.1665344238281,0.6877973378459412
2022-05-30,40.17230987548828,320.6795654296875,7.84906005859375,315.31487290514633,320.6795654296875,-1.672913744083715
2022-05-31,41.711063385009766,332.04083251953125,7.848189830780029,327.35634348925487,332.04083251953125,-1.4108171560498706
2022-06-01,41.500396728515625,330.2083740234375,7.847219944000244,325.6627408919303,330.2083740234375,-1.3765953528436459
2022-06-02,42.8742790222168,328.9256286621094,7.847430229187012,336.45291325354265,328.9256286621094,2.2884457565833793
2022-06-03,42.123226165771484,328.9256286621094,7.844759941101074,330.44659721518474,328.9256286621094,0.46240499995753304
2022-06-06,42.77352523803711,336.80523681640625,7.845729827880859,335.5895228036825,336.80523681640625,-0.3609546051644208
2022-06-07,43.80852127075195,336.80523681640625,7.845600128173828,343.7041400969174,336.80523681640625,2.048336108346138
2022-06-08,47.12416076660156,358.6114196777344,7.845359802246094,369.70599659287836,358.6114196777344,3.0937600718666802
2022-06-09,45.054168701171875,361.72662353515625,7.847839832305908,353.5778997444868,361.72662353515625,-2.252729896138672
2022-06-10,45.29230880737305,363.19256591796875,7.848800182342529,355.4902816260237,363.19256591796875,-2.1207163953032793
2022-06-13,42.79184341430664,345.41778564453125,7.849309921264648,335.8864410611204,345.41778564453125,-2.7593670562231942
2022-06-14,43.82683563232422,344.5014953613281,7.849800109863281,344.0318991615786,344.5014953613281,-0.13631180301756363
2022-06-15,44.59621047973633,347.9831848144531,7.849899768829346,350.07578233554705,347.9831848144531,0.601350183690541
2022-06-16,42.30640411376953,336.80523681640625,7.848599910736084,332.04603955089624,336.80523681640625,-1.4130413500976102
2022-06-17,42.801002502441406,338.4544372558594,7.8491997718811035,335.9536190784456,338.4544372558594,-0.7388936004769309
2022-06-20,42.801002502441406,339.7371520996094,7.849679946899414,335.97417105060595,339.7371520996094,-1.107615409662388
2022-06-21,44.12908935546875,349.08270263671875,7.849699974060059,346.40011156891705,349.08270263671875,-0.7684686315131972
2022-06-22,43.40550994873047,339.0041809082031,7.849730014801025,340.7215342522941,339.0041809082031,0.5065876590341967
2022-06-23,43.96422576904297,343.5852966308594,7.8495001792907715,345.09719805648274,343.5852966308594,0.44003670717251975
2022-06-24,45.04500961303711,352.01458740234375,7.849400043487549,353.57630041547054,352.01458740234375,0.4436500841204616
2022-06-27,43.24980926513672,346.5172119140625,7.849090099334717,339.4716497010995,346.5172119140625,-2.033250289082411
2022-06-28,41.81181335449219,335.156005859375,7.84660005569458,328.0805769960498,335.156005859375,-2.1110852079714526
2022-06-29,42.49875259399414,334.4230041503906,7.845799922943115,333.43670982713775,334.4230041503906,-0.29492418613922267
2022-06-30,41.57366943359375,324.71099853515625,7.845990180969238,326.1866021628375,324.71099853515625,0.4544359859499858
2022-07-01,41.47291946411133,324.71099853515625,7.847099781036377,325.4421372457673,324.71099853515625,0.22516598264592513
2022-07-04,41.47291946411133,317.9308776855469,7.846799850463867,325.4296982492888,317.9308776855469,2.3586323600687464
2022-07-05,40.2730598449707,319.58013916015625,7.8460001945495605,315.98243537874623,319.58013916015625,-1.125759501471102
2022-07-06,40.199790954589844,318.4806823730469,7.846620082855225,315.43248703086647,318.4806823730469,-0.9571052534388724
2022-07-07,41.50955581665039,322.14556884765625,7.84689998626709,325.72133296762695,322.14556884765625,1.1099839531431455
2022-07-08,40.88672637939453,323.061767578125,7.847489833831787,320.85816960096054,323.061767578125,-0.6820980376861185
2022-07-11,39.302188873291016,313.7162780761719,7.848810195922852,308.4754207507722,313.7162780761719,-1.6705723265425187
2022-07-12,39.42125701904297,309.5016174316406,7.849699974060059,309.4450401997965,309.5016174316406,-0.018280108619017632
2022-07-13,38.9083366394043,307.3027038574219,7.849699974060059,305.41876910905194,307.3027038574219,-0.6130550511667554
2022-07-14,38.111488342285156,306.93621826171875,7.849299907684326,299.14850192681115,306.93621826171875,-2.5372425512414365
2022-07-15,37.92830276489258,297.77392578125,7.8496599197387695,297.7242780372944,297.77392578125,-0.016672965514130667
2022-07-18,38.69767761230469,304.7372741699219,7.849599838256836,303.76128392646206,304.7372741699219,-0.3202726827948199
2022-07-19,39.522010803222656,305.2869873046875,7.849800109863281,310.239884745155,305.2869873046875,1.6223742401192842
2022-07-20,39.1556396484375,310.234619140625,7.850500106811523,307.3913532423321,310.234619140625,-0.9164889160883982
2022-07-21,39.53116989135742,306.0199890136719,7.849589824676514,310.3034689367578,306.0199890136719,1.3997386042957194
2022-07-22,38.294673919677734,304.1875,7.848599910736084,300.5595743076501,304.1875,-1.1926610042654273
2022-07-25,38.08401107788086,299.056640625,7.849440097808838,298.938163640114,299.056640625,-0.0396169048907935
2022-07-26,37.644371032714844,301.8053283691406,7.849130153656006,295.47556778829676,301.8053283691406,-2.0972991481124192
2022-07-27,37.63520812988281,293.3760070800781,7.849259853363037,295.40852824685135,293.3760070800781,0.6928041549827402
2022-07-28,37.241363525390625,293.9257507324219,7.849100112915039,292.3111906522536,293.9257507324219,-0.5493088224305054
2022-07-29,35.409523010253906,281.09857177734375,7.8495001792907715,277.94705721758874,281.09857177734375,-1.1211421459129012
2022-08-01,34.18218231201172,274.5017395019531,7.849440097808838,268.3109924705168,274.5017395019531,-2.255266958478519
2022-08-02,34.64014434814453,270.2870788574219,7.849800109863281,271.91820890974486,270.2870788574219,0.6034805878321059
2022-08-03,35.92243576049805,277.25042724609375,7.849699974060059,281.98034305735564,277.25042724609375,1.706008484186583
2022-08-04,36.36207962036133,285.8629455566406,7.849400043487549,285.4205093533619,285.8629455566406,-0.1547721417398784
2022-08-05,35.26297378540039,281.83154296875,7.8495001792907715,276.79671905082614,281.83154296875,-1.7864657251946192
2022-08-08,34.63098907470703,274.3185119628906,7.849800109863281,271.84634184330935,274.3185119628906,-0.9012042613863791
2022-08-09,34.576026916503906,273.0357360839844,7.8497700691223145,271.4138611983399,273.0357360839844,-0.5940156072264502
2022-08-10,35.03398895263672,270.8368835449219,7.849699974060059,275.00630217273283,270.8368835449219,1.539457467254235
2022-08-11,35.748409271240234,278.1666564941406,7.84660005569458,280.50347017870627,278.1666564941406,0.8400768496186872
2022-08-12,35.2080192565918,278.71636962890625,7.842800140380859,276.12945836813014,278.71636962890625,-0.9281518929872723
2022-08-15,35.08894348144531,275.2347412109375,7.838600158691406,275.048197941971,275.2347412109375,-0.0677760620428125
2022-08-16,35.537750244140625,277.6169128417969,7.837900161743164,278.541338386538,277.6169128417969,0.3329860329035039
2022-08-17,36.64601135253906,277.8002014160156,7.84089994430542,287.3377083731393,277.8002014160156,3.4332253571123017
2022-08-18,36.261329650878906,286.4127197265625,7.84250020980835,284.37948539494755,286.4127197265625,-0.7098966601609247
2022-08-19,36.252174377441406,288.6116027832031,7.843500137329102,284.3439347079402,288.6116027832031,-1.4786890180810475
2022-08-22,35.7850456237793,284.5802307128906,7.846199989318848,280.7766245910716,284.5802307128906,-1.3365672352892433
2022-08-23,36.44451141357422,286.595947265625,7.846199989318848,285.95092506391666,286.595947265625,-0.22506326689627487
2022-08-24,36.73760986328125,284.030517578125,7.846399784088135,288.25797409916413,284.030517578125,1.4883810926677343
2022-08-25,38.743473052978516,297.77392578125,7.845799922943115,303.9735378936075,297.77392578125,2.0819862236399533
2022-08-26,37.790916442871094,297.0409240722656,7.84630012512207,296.51887241417717,297.0409240722656,-0.17575075209550484
2022-08-29,37.32379150390625,295.9414978027344,7.847700119018555,292.9059230274288,295.9414978027344,-1.0257347475239875
2022-08-30,36.63685607910156,296.4912109375,7.8471999168396,287.49673397719016,296.4912109375,-3.033640333509202
2022-08-31,37.827552795410156,299.7895812988281,7.848899841308594,296.9046731329872,299.7895812988281,-0.9623110160607129
2022-09-01,37.71764373779297,297.4074401855469,7.848060131072998,296.01033605658813,297.4074401855469,-0.4697609878512532
2022-09-02,37.93745803833008,301.0722961425781,7.8480000495910645,297.7331725661734,301.0722961425781,-1.1090769955211854
2022-09-05,37.93745803833008,292.27655029296875,7.84867000579834,297.7585890016744,292.27655029296875,1.8756341222758488
2022-09-06,35.96822738647461,287.878662109375,7.848800182342529,282.30742966949947,287.878662109375,-1.9352710614442215
2022-09-07,36.50862121582031,285.4964599609375,7.8495001792907715,286.5744287792404,285.4964599609375,0.37757694734652514
2022-09-08,35.31793212890625,276.5174255371094,7.849279880523682,277.22033408112475,276.5174255371094,0.2542004514362928
2022-09-09,35.56522750854492,281.2818603515625,7.848999977111816,279.15146990054564,281.2818603515625,-0.7573863626876509
2022-09-12,36.16973876953125,281.2818603515625,7.848800182342529,283.8890522495785,281.2818603515625,0.926896563737678
2022-09-13,35.07978439331055,279.2661437988281,7.848659992218018,275.3293003034105,279.2661437988281,-1.4097102648624626
2022-09-14,35.05230712890625,274.5017395019531,7.8495001792907715,275.1430910929048,274.5017395019531,0.23364208624518934
2022-09-15,34.6126708984375,274.8682556152344,7.84876012802124,271.66655127197737,274.8682556152344,-1.1648141529077893
2022-09-16,33.89825439453125,268.63787841796875,7.848999977111816,266.0673979668063,268.63787841796875,-0.9568570397816667
2022-09-19,33.92573165893555,264.7897033691406,7.849160194396973,266.28850250311007,264.7897033691406,0.5660337675139848
2022-09-20,34.099754333496094,268.8211364746094,7.848899841308594,267.6455563768395,268.8211364746094,-0.43730939954600423
2022-09-21,32.89989471435547,262.0410461425781,7.849279880523682,258.2404816527378,262.0410461425781,-1.4503699118085578
2022-09-22,32.69839096069336,259.2923278808594,7.849679946899414,256.67190382003173,259.2923278808594,-1.0106060916818538
2022-09-23,31.938175201416016,251.96255493164062,7.848899841308594,250.67953827008023,251.96255493164062,-0.5092092600459952
2022-09-26,32.97317123413086,259.4756164550781,7.849579811096191,258.8255392272513,259.4756164550781,-0.25053499697124115
2022-09-27,32.31370544433594,257.2766418457031,7.849279880523682,253.63931800939463,257.2766418457031,-1.4137792728536547
2022-09-28,32.780826568603516,251.04632568359375,7.849599838256836,257.31637093083555,251.04632568359375,2.4975650331342525
2022-09-29,31.388626098632812,247.93115234375,7.848800182342529,246.3630542464307,247.93115234375,-0.6324732017318979
2022-09-30,30.97646141052246,244.08299255371094,7.849599838256836,243.15282647780623,244.08299255371094,-0.3810859848008552
2022-10-03,30.958141326904297,241.70082092285156,7.8496599197387695,243.01088116340907,241.70082092285156,0.54201729044836
2022-10-04,32.3411865234375,241.70082092285156,7.85099983215332,253.91064996714704,241.70082092285156,5.051629116391254
2022-10-05,32.24958801269531,255.62750244140625,7.849629878997803,253.1473296498225,255.62750244140625,-0.9702292468128482
2022-10-06,32.194637298583984,254.52798461914062,7.849440097808838,252.70987694591713,254.52798461914062,-0.7143056100271217
2022-10-07,30.921504974365234,247.93115234375,7.849899768829346,242.73071475012512,247.93115234375,-2.097532941892921
2022-10-10,30.371952056884766,241.70082092285156,7.849629878997803,238.40858234921143,241.70082092285156,-1.3621131120158614
2022-10-11,29.355281829833984,233.27151489257812,7.849689960479736,230.42986106670105,233.27151489257812,-1.2181743781214172
2022-10-12,29.465187072753906,232.3552703857422,7.849800109863281,231.29582872084575,232.3552703857422,-0.45595766480253097
2022-10-13,28.82404327392578,225.57521057128906,7.849480152130127,226.2537555828203,225.57521057128906,0.3008065513106617
2022-10-14,28.402721405029297,228.32386779785156,7.849579811096191,222.94942852110762,228.32386779785156,-2.353866605615773
2022-10-17,29.24536895751953,226.49142456054688,7.849400043487549,229.55860036696322,226.49142456054688,1.3542127753258137
2022-10-18,29.227048873901367,233.08827209472656,7.8491997718811035,229.40894535378447,233.08827209472656,-1.5785121696070603
2022-10-19,27.624187469482422,223.55950927734375,7.849490165710449,216.8357878774441,223.55950927734375,-3.007575665930784
2022-10-20,27.230342864990234,212.93125915527344,7.8491997718811035,213.73640100412558,212.93125915527344,0.3781228984632179
2022-10-21,27.404367446899414,213.29774475097656,7.848569869995117,215.08509265000976,213.29774475097656,0.837959117251752
2022-10-24,23.520862579345703,188.9261016845703,7.849400043487549,184.62465975318082,188.9261016845703,-2.276785416644622
2022-10-25,23.649089813232422,189.10934448242188,7.849629878997803,185.63660200905178,189.10934448242188,-1.836367463953048
2022-10-26,25.517568588256836,193.87371826171875,7.849299907684326,200.29504876413284,193.87371826171875,3.312120157382892
2022-10-27,24.693241119384766,195.3396759033203,7.849299907684326,193.82465523881365,195.3396759033203,-0.7755826651706377
2022-10-28,23.658248901367188,183.97845458984375,7.849299907684326,185.70069091747428,183.97845458984375,0.9361076173131311
2022-10-31,24.070411682128906,188.37637329101562,7.848740100860596,188.9224054137485,188.37637329101562,0.28986231829049025
2022-11-01,26.03048324584961,208.35012817382812,7.849480152130127,204.3257615886523,208.35012817382812,-1.9315402493144895
2022-11-02,25.96636962890625,211.28204345703125,7.849629878997803,203.8263908881636,211.28204345703125,-3.528767730033777
2022-11-03,26.31441879272461,202.85275268554688,7.8496599197387695,206.55923850847103,202.85275268554688,1.8271804418990456
2022-11-04,28.292808532714844,218.61187744140625,7.849760055541992,222.09175827920262,218.61187744140625,1.5918077638435113
2022-11-07,28.39356231689453,224.8422088623047,7.849510192871094,222.8755568183842,224.8422088623047,-0.8746809835536107
2022-11-08,28.668338775634766,225.20870971679688,7.849999904632568,225.04645665470707,225.20870971679688,-0.072045642592522
2022-11-09,26.86397361755371,216.962646484375,7.849100112915039,210.85801835488746,216.962646484375,-2.8136770215545726
2022-11-10,28.869842529296875,212.01502990722656,7.849370002746582,226.6100759334804,212.01502990722656,6.883967628446119
2022-11-11,30.591773986816406,236.75315856933594,7.845399856567383,240.00469924831123,236.75315856933594,1.3733885108962784
2022-11-14,30.591773986816406,238.7688751220703,7.835639953613281,239.7061265030061,238.7688751220703,0.39253499035694084
2022-11-15,33.889095306396484,263.87353515625,7.835999965667725,265.5549496574331,263.87353515625,0.6372046746512261
2022-11-16,35.64765930175781,269.73736572265625,7.819900035858154,278.7611322520752,269.73736572265625,3.3453898777587865
2022-11-17,35.83084487915039,267.53839111328125,7.82420015335083,280.3477019981383,267.53839111328125,4.787840291464307
2022-11-18,33.15635299682617,263.6902770996094,7.826469898223877,259.49719866454507,263.6902770996094,-1.590152841881376
2022-11-21,32.97317123413086,259.4756164550781,7.8191399574279785,257.8218407199074,259.4756164550781,-0.6373530421718954
2022-11-22,32.75334167480469,254.1614990234375,7.804299831390381,255.61689891014976,254.1614990234375,0.5726279913772725
2022-11-23,33.23878860473633,258.37615966796875,7.817399978637695,259.84090532860864,258.37615966796875,0.5669043392092288
2022-11-24,33.23878860473633,256.9101867675781,7.8180999755859375,259.8641723791952,256.9101867675781,1.1498125663228498
2022-11-25,31.672563552856445,250.13011169433594,7.8084001541137695,247.31205012730243,250.13011169433594,-1.1266382715557355
2022-11-28,32.3411865234375,247.3814239501953,7.8080902099609375,252.52290187217295,247.3814239501953,2.078360549421343
2022-11-29,33.29374313354492,261.8577880859375,7.813419818878174,260.137992444279,261.8577880859375,-0.6567670391739777
2022-11-30,34.6126708984375,263.1405029296875,7.8107500076293945,270.3509194840444,263.1405029296875,2.740139383363416
2022-12-01,34.704261779785156,269.73736572265625,7.80472993850708,270.8573909064762,269.73736572265625,0.4152280425884891
2022-12-02,35.986549377441406,271.2033386230469,7.7795000076293945,279.957361156361,271.2033386230469,3.2278446783730708
2022-12-05,35.64765930175781,287.6954650878906,7.785140037536621,277.5220196745795,287.6954650878906,-3.5361855322269875
2022-12-06,36.481143951416016,285.6797180175781,7.768899917602539,283.41835623820225,285.6797180175781,-0.7915723927019336
2022-12-07,35.894954681396484,275.051513671875,7.775259971618652,279.09260431732764,275.051513671875,1.4692122910014316
2022-12-08,37.442867279052734,290.81060791015625,7.791500091552734,291.73610383273626,290.81060791015625,0.31824696122018103
2022-12-09,37.29631805419922,298.3236389160156,7.783840179443359,290.30857901557465,298.3236389160156,-2.686699562114614
2022-12-12,37.04902267456055,290.9938049316406,7.7868499755859375,288.49518130888464,290.9938049316406,-0.8586518270871646
2022-12-13,37.59857177734375,291.7268371582031,7.774799823760986,292.321369228157,291.7268371582031,0.2037975236510281
2022-12-14,38.239715576171875,297.77392578125,7.774799823760986,297.30613392229134,297.77392578125,-0.15709631316151995
2022-12-15,37.01238250732422,290.9938049316406,7.775599956512451,287.7934798143724,290.9938049316406,-1.0997914948808085
2022-12-16,36.9207878112793,290.2608642578125,7.775760173797607,287.0871914481777,290.2608642578125,-1.0933863983867753
2022-12-19,37.149776458740234,293.5592956542969,7.778550148010254,288.9713991716817,293.5592956542969,-1.5628517136169973
2022-12-20,36.14225769042969,283.48077392578125,7.780300140380859,281.1976125825313,283.48077392578125,-0.8054025363454564
2022-12-21,37.241363525390625,284.9467468261719,7.787899971008301,290.03201391969924,284.9467468261719,1.7846377086837117
2022-12-22,37.113136291503906,296.6744384765625,7.79610013961792,289.3377270238525,296.6744384765625,-2.472984019244928
2022-12-23,36.87499237060547,293.3760070800781,7.795300006866455,287.4516282797813,293.3760070800781,-2.0193808141508174
2022-12-26,36.87499237060547,293.3760070800781,7.8035101890563965,287.75437868539666,293.3760070800781,-1.9161854613240492
2022-12-27,38.312992095947266,293.3760070800781,7.805099964141846,299.0367332342448,293.3760070800781,1.9295123041952023
2022-12-28,37.61688995361328,298.8734436035156,7.8003997802734375,293.4267801287351,298.8734436035156,-1.822397938441811
2022-12-29,39.65023422241211,307.1194763183594,7.79380989074707,309.02638765307347,307.1194763183594,0.6209021184763186
2022-12-30,38.79842758178711,306.0199890136719,7.794400215148926,302.41047229092146,306.0199890136719,-1.1795035789603725
2023-01-02,38.79842758178711,306.0199890136719,7.79925012588501,302.59864120139355,306.0199890136719,-1.1180144876501763
2023-01-03,40.8317756652832,316.2817077636719,7.805500030517578,318.71242620145495,316.2817077636719,0.7685295665594838
2023-01-04,44.376914978027344,330.7580871582031,7.813199996948242,346.72571197089565,330.7580871582031,4.827584096244686
2023-01-05,43.48918151855469,335.51385498046875,7.815710067749023,339.89883383273263,335.51385498046875,1.3069441953504901
2023-01-06,44.01023864746094,337.057373046875,7.811500072479248,343.7859823844701,337.057373046875,1.9962801219183923
2023-01-09,44.74357986450195,349.2122802734375,7.807819843292236,349.3498107259893,349.2122802734375,0.039383051605201835
2023-01-10,45.29358673095703,349.59814453125,7.804800033569336,353.50738723824907,349.59814453125,1.118210370435646
2023-01-11,46.77957534790039,360.5954284667969,7.808499813079834,365.2783053600342,360.5954284667969,1.2986512095143121
2023-01-12,44.8400764465332,351.1416320800781,7.811100006103516,350.2503214051976,351.1416320800781,-0.25383224130975934
2023-01-13,46.12342071533203,358.28021240234375,7.8082499504089355,360.1431975131818,358.28021240234375,0.5199799057688193
2023-01-16,46.12342071533203,357.1226501464844,7.810210227966309,360.23361221967934,357.1226501464844,0.8711186680315341
2023-01-17,46.09447479248047,360.5954284667969,7.810420036315918,360.01720948264847,360.5954284667969,-0.16035116878960753
2023-01-18,46.21991729736328,366.576416015625,7.818160057067871,361.354711255226,366.576416015625,-1.4244519102332043
2023-01-19,47.47431945800781,369.2774963378906,7.823440074920654,371.4124933773637,369.2774963378906,0.5781551978243371
2023-01-20,48.651527404785156,377.9595642089844,7.829800128936768,380.9317355469575,377.9595642089844,0.7863728344045029
2023-01-23,49.375221252441406,377.9595642089844,7.827439785003662,386.4815712247182,377.9595642089844,2.2547404068393284
2023-01-24,49.10504913330078,377.9595642089844,7.830999851226807,384.54163245736345,377.9595642089844,1.7414741871010442
2023-01-25,49.30767822265625,377.9595642089844,7.831500053405762,386.15308463404654,377.9595642089844,2.1678298952984676
2023-01-26,50.50418472290039,392.4296875,7.829500198364258,395.4225243061737,392.4296875,0.7626428125863338
2023-01-27,50.706817626953125,400.3400573730469,7.828080177307129,396.93703391987947,400.3400573730469,-0.8500332131381905
2023-01-30,47.29098129272461,373.5220947265625,7.828519821166992,370.21838441253203,373.5220947265625,-0.88447520526167
2023-01-31,47.04010772705078,368.69873046875,7.835130214691162,368.5653693545428,368.69873046875,-0.036170754924402804
2023-02-01,47.5708122253418,371.3998107910156,7.839660167694092,372.9390017478672,371.3998107910156,0.414429655624593
2023-02-02,46.59623718261719,369.470458984375,7.839000225067139,365.2679137618179,369.470458984375,-1.1374509437396818
2023-02-03,46.557647705078125,371.3998107910156,7.844399929046631,365.2168083542929,371.3998107910156,-1.6647834105122605
2023-02-06,46.18132019042969,363.4894714355469,7.846330165863037,362.3538857095482,363.4894714355469,-0.3124122746977709
2023-02-07,46.586585998535156,366.576416015625,7.846759796142578,365.5537500528444,366.576416015625,-0.2789775659591265
2023-02-08,46.53834533691406,368.69873046875,7.848499774932861,365.2561929025178,368.69873046875,-0.9336993273222016
2023-02-09,48.46819305419922,381.6253356933594,7.848700046539307,380.4123090801695,381.6253356933594,-0.3178579878576393
2023-02-10,46.88571548461914,369.8563232421875,7.849699974060059,368.03879962340216,369.8563232421875,-0.49141342315113246
2023-02-13,47.87958908081055,372.94329833984375,7.849289894104004,375.82077470585864,372.94329833984375,0.7715586736171343
2023-02-14,46.74097442626953,365.22589111328125,7.849740028381348,366.90449791943684,365.22589111328125,0.45960783367215985
2023-02-15,46.75062561035156,363.682373046875,7.848800182342529,366.93631881515466,363.682373046875,0.894721880804572
2023-02-16,47.05940628051758,369.0845947265625,7.846409797668457,369.24738651191365,369.0845947265625,0.044106903316221135
2023-02-17,45.54446792602539,360.5954284667969,7.84896993637085,357.4771595193797,360.5954284667969,-0.8647555407664598
2023-02-20,45.54446792602539,363.682373046875,7.84453010559082,357.2749497888217,363.682373046875,-1.7618184803329662
2023-02-21,44.00059127807617,349.0193786621094,7.833899974822998,344.69623090551795,349.0193786621094,-1.2386555076578487
2023-02-22,43.2093505859375,343.4241943359375,7.844799995422363,338.9687132787658,343.4241943359375,-1.2973695885891368
2023-02-23,42.9874153137207,343.4241943359375,7.845160007476807,337.2431514439977,343.4241943359375,-1.7998274419458893
2023-02-24,42.070735931396484,337.057373046875,7.846839904785156,330.12232953016064,337.057373046875,-2.0575261279775936
2023-02-27,43.045310974121094,337.057373046875,7.847780227661133,337.8101403562323,337.057373046875,0.22333506683225313
2023-02-28,42.418113708496094,331.4622497558594,7.844900131225586,332.76586579812283,331.4622497558594,0.3932924618787359
2023-03-01,44.91727066040039,355.7720642089844,7.849020004272461,352.55655595080316,355.7720642089844,-0.9038113392434322
2023-03-02,45.58306884765625,349.9840087890625,7.848100185394287,357.74049107413157,349.9840087890625,2.2162390538660093
2023-03-03,45.46727752685547,354.614501953125,7.849400043487549,356.89085019655977,354.614501953125,0.641921926739375
2023-03-06,44.52164840698242,350.1769714355469,7.84945011138916,349.4704580474172,350.1769714355469,-0.20175895211879125
2023-03-07,43.21900177001953,344.388916015625,7.849420070648193,339.2440999269711,344.388916015625,-1.4938971172987703
2023-03-08,42.91987609863281,337.2503356933594,7.849689960479736,336.9077205164722,337.2503356933594,-0.10159075933395822
2023-03-09,40.75844192504883,328.1824035644531,7.849460124969482,319.93176464655517,328.1824035644531,-2.5140406153060457
2023-03-10,41.05756378173828,319.8861999511719,7.849579811096191,322.284623753927,319.8861999511719,0.749774076881482
2023-03-13,42.070735931396484,332.619873046875,7.847519874572754,330.150936359536,332.619873046875,-0.7422697461588745
2023-03-14,42.833030700683594,329.5329284667969,7.844600200653076,336.0080012291619,329.5329284667969,1.9649243529292537
2023-03-15,41.63652420043945,332.42694091796875,7.8480000495910645,326.7634439898484,332.42694091796875,-1.7036816909246633
2023-03-16,41.77161407470703,324.1307678222656,7.848050117492676,327.8257207468632,324.1307678222656,1.1399574774782595
2023-03-17,41.42424011230469,327.4106140136719,7.849219799041748,325.1479656497613,327.4106140136719,-0.6910736143135754
2023-03-20,41.520729064941406,322.9731140136719,7.848849773406982,325.88996491305807,322.9731140136719,0.9031249886833459
2023-03-21,42.427764892578125,331.4622497558594,7.842800140380859,332.7524804555578,331.4622497558594,0.38925419128386096
2023-03-22,43.22865295410156,334.9350891113281,7.845620155334473,339.1555909046583,334.9350891113281,1.2600954425313615
2023-03-23,46.20062255859375,362.33184814453125,7.847030162811279,362.5376787579444,362.33184814453125,0.05680720987326637
2023-03-24,46.17166519165039,363.4894714355469,7.849400043487549,362.4198707632331,363.4894714355469,-0.2942590518755672
2023-03-27,44.56989288330078,349.9840087890625,7.849530220031738,349.852721091047,349.9840087890625,-0.037512484776025534
2023-03-28,48.14976501464844,364.84002685546875,7.849699974060059,377.96120918648376,364.84002685546875,3.59642072283175
2023-03-29,47.5611686706543,371.20684814453125,7.849699974060059,373.3409044803011,371.20684814453125,0.574896811962633
2023-03-30,48.169063568115234,371.3998107910156,7.849899768829346,378.12232096807384,371.3998107910156,1.8100467425496092
2023-03-31,47.17518997192383,372.1715087890625,7.849569797515869,370.3049463956868,372.1715087890625,-0.5015328549595188
2023-04-03,47.696250915527344,374.4867858886719,7.849599838256836,374.3964834719809,374.4867858886719,-0.024113645686241192
2023-04-04,47.73484802246094,371.3998107910156,7.8468098640441895,374.56627632129675,371.3998107910156,0.8525759675367395
2023-04-05,46.74097442626953,371.3998107910156,7.849299907684326,366.8839262491929,371.3998107910156,-1.2159092198255839
2023-04-06,47.5611686706543,371.7856140136719,7.849800109863281,373.34566705612815,371.7856140136719,0.4196109219005262
2023-04-07,47.5611686706543,371.7856140136719,7.849740028381348,373.3428095106319,371.7856140136719,0.41884232155975365
2023-04-10,47.26203536987305,371.7856140136719,7.849699974060059,370.992797816918,371.7856140136719,-0.21324552830188637
2023-04-11,45.747100830078125,363.2965393066406,7.849400043487549,359.0872952450445,363.2965393066406,-1.1586248714698821
2023-04-12,43.267242431640625,344.5818786621094,7.849800109863281,339.6392043933738,344.5818786621094,-1.4343976206544151
2023-04-13,45.11989974975586,350.369873046875,7.847209930419922,354.0653253758355,350.369873046875,1.0547289060055975
2023-04-14,44.27077102661133,352.4921875,7.849699974060059,347.51227017920974,352.4921875,-1.4127738138282164
2023-04-17,45.554115295410156,357.8943786621094,7.849279880523682,357.56700066331905,357.8943786621094,-0.09147335591415118
2023-04-18,44.869022369384766,352.4921875,7.849279880523682,352.18951454277885,352.4921875,-0.08586657178639712
2023-04-19,43.981292724609375,344.5818786621094,7.849170207977295,345.21665256233246,344.5818786621094,0.18421569430397966
2023-04-20,43.585670471191406,344.388916015625,7.84896993637085,342.10261718494803,344.388916015625,-0.6638712003650071
2023-04-21,42.553199768066406,336.8644714355469,7.848790168762207,333.99113598897384,336.8644714355469,-0.8529648242001642
2023-04-24,41.858455657958984,332.8128356933594,7.847899913787842,328.5009705493885,332.8128356933594,-1.2955825862268289
2023-04-25,40.88388442993164,326.4459533691406,7.849100112915039,320.90170189538185,326.4459533691406,-1.6983673458158655
2023-04-26,42.44706726074219,335.8997802734375,7.849599838256836,333.1924923043989,335.8997802734375,-0.805980869304157
2023-04-27,42.72688674926758,332.8128356933594,7.849699974060059,335.39324180739277,332.8128356933594,0.7753325104356446
2023-04-28,42.80408477783203,332.2340087890625,7.849899768829346,336.0077752024554,332.2340087890625,1.1358760131594092
2023-05-01,42.53390121459961,332.2340087890625,7.849899768829346,333.8868613118957,332.2340087890625,0.4974964871469867
2023-05-02,41.77161407470703,333.5845642089844,7.849629878997803,327.89170993478547,333.5845642089844,-1.7065700529933503
2023-05-03,41.395294189453125,327.4106140136719,7.849760055541992,324.94312681577867,327.4106140136719,-0.7536368988300901
2023-05-04,41.5400276184082,325.8671569824219,7.848790168762207,326.03896038147286,325.8671569824219,0.052721913015685296
2023-05-05,42.3602180480957,330.6905212402344,7.847099781036377,332.404857769865,330.6905212402344,0.5184111486477017
2023-05-08,41.71371841430664,328.7611999511719,7.847179889678955,327.3350522644778,328.7611999511719,-0.433794403629717
2023-05-09,40.39176940917969,316.7992248535156,7.84867000579834,317.02166904295154,316.7992248535156,0.07021614069251392
2023-05-10,40.7487907409668,317.9568176269531,7.841700077056885,319.5397954934142,317.9568176269531,0.4978593880375026
2023-05-11,41.05756378173828,314.8698425292969,7.832149982452393,321.56899745267947,314.8698425292969,2.1275949673583927
2023-05-12,39.82246398925781,316.60626220703125,7.8368000984191895,312.08068971031025,316.60626220703125,-1.4294008163874161
2023-05-15,42.77513885498047,328.9541015625,7.842400074005127,335.4597521218784,328.9541015625,1.9776772894690264
2023-05-16,42.340919494628906,332.619873046875,7.838319778442383,331.8816667121864,332.619873046875,-0.22193692996346215
2023-05-17,43.08391189575195,330.6905212402344,7.8383002281188965,337.704636440727,330.6905212402344,2.12105117926773
2023-05-18,41.38946533203125,327.7965087890625,7.829699993133545,324.0670964260062,327.7965087890625,-1.1377218069934414
2023-05-19,41.27287673950195,323.716064453125,7.827300071716309,323.055191063042,323.716064453125,-0.20415217613604097
2023-05-22,42.27360534667969,330.5168151855469,7.816800117492676,330.4443232407648,330.5168151855469,-0.021932906724086987
2023-05-23,40.94253921508789,326.0477294921875,7.828499794006348,320.51865981141236,326.0477294921875,-1.6957853653471355
2023-05-24,40.50532913208008,322.9388122558594,7.836820125579834,317.4329785355203,322.9388122558594,-1.7049154549986012
2023-05-25,39.27141189575195,313.2234191894531,7.829899787902832,307.491219673193,313.2234191894531,-1.8300673465265538
2023-05-26,40.07783126831055,313.2234191894531,7.835000038146973,314.00980951606107,313.2234191894531,0.2510637067441923
2023-05-29,40.07783126831055,304.2853088378906,7.834549903869629,313.9917691104456,304.2853088378906,3.1899207719312317
2023-05-30,38.41642379760742,307.1999206542969,7.828000068664551,300.7237681255174,307.1999206542969,-2.1081231124624344
2023-05-31,38.406707763671875,301.75933837890625,7.834070205688477,300.88084498996614,301.75933837890625,-0.291123845134178
2023-06-01,40.116695404052734,306.4226989746094,7.831210136413574,314.1622716876336,306.4226989746094,2.525783089478484
2023-06-02,41.58378219604492,324.6875915527344,7.831500053405762,325.66339248913937,324.6875915527344,0.30053533359204465
2023-06-05,41.71009063720703,328.5737609863281,7.837470054626465,326.9015863448658,328.5737609863281,-0.5089191043261443
2023-06-06,41.943267822265625,321.7729797363281,7.837860107421875,328.7454656390473,321.7729797363281,2.1668960235358137
2023-06-07,41.2340087890625,326.0477294921875,7.8429999351501465,323.39832825859776,326.0477294921875,-0.8125807953688668
2023-06-08,41.58378219604492,325.2705078125,7.839739799499512,326.0060322960526,325.2705078125,0.22612701302036076
2023-06-09,41.418617248535156,326.43634033203125,7.836780071258545,324.58859423240574,326.43634033203125,-0.5660356618831353
2023-06-12,41.71009063720703,328.7680358886719,7.838799953460693,326.9570565457798,328.7680358886719,-0.5508380210980546
2023-06-13,42.72053909301758,334.9858703613281,7.834420204162598,334.690654603055,334.9858703613281,-0.08812782400483554
2023-06-14,43.847572326660156,335.7630920410156,7.833310127258301,343.4716323621178,335.7630920410156,2.2958271780987083
2023-06-15,44.34307861328125,344.89556884765625,7.830900192260742,347.24622283817735,344.89556884765625,0.6815552888588705
2023-06-16,44.50825119018555,352.6678466796875,7.822569847106934,348.16890370780675,352.6678466796875,-1.2756884457252315
2023-06-19,44.50825119018555,347.032958984375,7.8211798667907715,348.1070381147456,347.032958984375,0.30950349313043635
2023-06-20,42.448490142822266,340.0378723144531,7.8171000480651855,331.8240943357505,340.0378723144531,-2.415547986698041
2023-06-21,42.176448822021484,330.71112060546875,7.825799942016602,330.0644507458419,330.71112060546875,-0.19553919397778952
2023-06-22,42.10844039916992,330.71112060546875,7.8282999992370605,329.6375039446957,330.71112060546875,-0.32463881432455155
2023-06-23,41.2340087890625,327.40789794921875,7.830100059509277,322.86641467304435,327.40789794921875,-1.3871025423091043
2023-06-26,41.204864501953125,323.3274230957031,7.829730033874512,322.6229651326721,323.3274230957031,-0.21787757941661434
2023-06-27,42.33190155029297,331.6826477050781,7.8302001953125,331.4672637870535,331.6826477050781,-0.06493674586682818
2023-06-28,41.53520584106445,326.63067626953125,7.8331098556518555,325.3498302301705,326.63067626953125,-0.3921389301180689
2023-06-29,41.00083541870117,324.10467529296875,7.832940101623535,321.157087951211,324.10467529296875,-0.9094553600910937
2023-06-30,41.2825927734375,322.16162109375,7.838799953460693,323.60598631115863,322.16162109375,0.44833559394970024
2023-07-03,41.807247161865234,328.3794250488281,7.837299823760986,327.6559308136184,328.3794250488281,-0.22032264509329602
2023-07-04,41.807247161865234,329.5452575683594,7.834099769592285,327.52214535805615,329.5452575683594,-0.6139102790406747
2023-07-05,41.263160705566406,325.8534240722656,7.831399917602539,323.1483133495931,325.8534240722656,-0.8301618221058238
2023-07-06,40.019535064697266,317.4981994628906,7.8221001625061035,313.0368117329872,317.4981994628906,-1.4051694584255037
2023-07-07,41.66151428222656,317.30389404296875,7.820400238037109,325.80971620971104,317.30389404296875,2.680654831670748
2023-07-10,41.204864501953125,319.4412841796875,7.827300071716309,322.5228388711985,319.4412841796875,0.9646701425660487
2023-07-11,41.83639907836914,324.2989501953125,7.828199863433838,327.50369355185285,324.2989501953125,0.9882065158121067
2023-07-12,43.53666687011719,330.322509765625,7.8267998695373535,340.7527785791244,330.322509765625,3.15760158788454
2023-07-13,44.080753326416016,339.8435363769531,7.8254899978637695,344.9534942541686,339.8435363769531,1.5036207343215535
2023-07-14,43.39093017578125,342.5638732910156,7.821400165557861,339.37782846056507,342.5638732910156,-0.9300586193874416
2023-07-17,43.20633316040039,342.5638732910156,7.814700126647949,337.6445372205744,342.5638732910156,-1.436034694254562
2023-07-18,41.45747756958008,326.824951171875,7.81397008895874,323.9474896923766,326.824951171875,-0.8804289480288663
2023-07-19,41.486629486083984,323.521728515625,7.813899993896484,324.17237388809735,323.521728515625,0.20111334575814155
2023-07-20,41.27287673950195,323.3274230957031,7.8084001541137695,322.27513709344566,323.3274230957031,-0.32545522807262417
2023-07-21,40.961971282958984,323.521728515625,7.813700199127197,320.06456317029915,323.521728515625,-1.0686037569062057
2023-07-24,41.89468765258789,315.74945068359375,7.817070007324219,327.4937063152611,315.74945068359375,3.7194856891250794
2023-07-25,42.34162139892578,335.1802062988281,7.813469886779785,330.83498375793715,335.1802062988281,-1.2963839926206755
2023-07-26,42.83712387084961,331.2940368652344,7.811200141906738,334.609348058857,331.2940368652344,1.0007156256094163
2023-07-27,42.1667366027832,334.0143127441406,7.802000045776367,328.98488090515457,334.0143127441406,-1.5057533905257103
2023-07-28,44.653987884521484,340.4264831542969,7.8029398918151855,348.4323833927647,340.4264831542969,2.351726623700756
2023-07-31,44.634559631347656,344.3126220703125,7.7964701652526855,347.9920125049939,344.3126220703125,1.068619097539214
2023-08-01,43.818424224853516,343.92401123046875,7.797920227050781,341.6925765804772,343.92401123046875,-0.6488161852986285
2023-08-02,42.147308349609375,333.6257019042969,7.7941999435424805,328.5045483589929,333.6257019042969,-1.5349997065792653
2023-08-03,43.342350006103516,332.4598693847656,7.8018798828125,338.15180858643726,332.4598693847656,1.7120680496581109
2023-08-04,42.263893127441406,333.6257019042969,7.808199882507324,330.0049253519901,333.6257019042969,-1.0852810594746742
2023-08-07,41.81696319580078,331.4883728027344,7.811500072479248,326.65321103485985,331.4883728027344,-1.4586218294757147
2023-08-08,41.2825927734375,325.2705078125,7.807400226593018,322.3097241736832,325.2705078125,-0.9102527181848008
2023-08-09,41.544918060302734,327.6022033691406,7.8140997886657715,324.6361354351484,327.6022033691406,-0.9053870528001551
2023-08-10,42.195884704589844,330.128173828125,7.820419788360596,329.9895317311566,330.128173828125,-0.04199644500519906
2023-08-11,40.93282699584961,326.2420349121094,7.8196001052856445,320.0783382863847,326.2420349121094,-1.8893017962523517
2023-08-14,41.03969955444336,323.716064453125,7.817599773406982,320.83194593750704,323.716064453125,-0.8909408065646329
2023-08-15,40.651065826416016,323.13311767578125,7.819300174713135,317.8628861187699,323.13311767578125,-1.6309784632781876
2023-08-16,39.45602035522461,319.4412841796875,7.824100017547607,308.7078495536716,319.4412841796875,-3.3600649501453472
2023-08-17,40.91339111328125,323.3274230957031,7.831299781799316,320.40503089810954,323.3274230957031,-0.9038491599670406
2023-08-18,39.92237854003906,315.74945068359375,7.829699993133545,312.58024698081863,315.74945068359375,-1.003708382045898
2023-08-21,39.621185302734375,308.9486999511719,7.832640171051025,310.33848762685375,308.9486999511719,0.4498441572667211
2023-08-22,39.281131744384766,309.92022705078125,7.839000225067139,307.9248005851241,309.92022705078125,-0.643851640354598
2023-08-23,39.73777770996094,308.9486999511719,7.8378801345825195,311.4599385053589,308.9486999511719,0.8128335074994331
2023-08-24,39.825218200683594,315.94378662109375,7.840799808502197,312.26156324147814,315.94378662109375,-1.1654678887645376
2023-08-25,39.592041015625,310.8917541503906,7.841300010681152,310.45307163870893,310.8917541503906,-0.14110458248740576
2023-08-28,40.544193267822266,315.94378662109375,7.843339920043945,318.00188958348735,315.94378662109375,0.6514142861944849
2023-08-29,41.13685989379883,320.0242004394531,7.84591007232666,322.75610338464685,320.0242004394531,0.8536551115329027
2023-08-30,40.855098724365234,316.5266418457031,7.846199989318848,320.55727517473497,316.5266418457031,1.2733946518778794
2023-08-31,40.23328399658203,315.74945068359375,7.845860004425049,315.66471375545734,315.74945068359375,-0.026836761854365232
2023-09-01,41.04941177368164,315.74945068359375,7.842400074005127,321.9259099317878,315.74945068359375,1.956126680449355
2023-09-04,41.04941177368164,323.91033935546875,7.845590114593506,322.05685922147495,323.91033935546875,-0.5722201204450439
2023-09-05,40.592769622802734,319.6355895996094,7.835700035095215,318.07276635800736,319.6355895996094,-0.4889390582443198
2023-09-06,40.43731689453125,318.27545166015625,7.841599941253662,317.09326178461197,318.27545166015625,-0.37143608449154986
2023-09-07,39.222835540771484,312.44622802734375,7.842599868774414,307.60900486501487,312.44622802734375,-1.5481778073843655
2023-09-08,39.145111083984375,312.44622802734375,7.836880207061768,306.77554625731136,312.44622802734375,-1.8149304620621365
2023-09-11,40.02925109863281,314.7779235839844,7.840419769287109,313.84613166347845,314.7779235839844,-0.2960156512555767
2023-09-12,40.13612747192383,312.8348388671875,7.831860065460205,314.3405339295805,312.8348388671875,0.4813067073492494
2023-09-13,39.60175323486328,311.0860900878906,7.827400207519531,309.9787714887061,311.0860900878906,-0.35595246282842385
2023-09-14,39.70862579345703,310.69744873046875,7.826300144195557,310.77162377314016,310.69744873046875,0.023873721195499797
2023-09-15,39.24226760864258,308.1714782714844,7.82919979095459,307.23555335816854,308.1714782714844,-0.30370263937642417
2023-09-18,38.853633880615234,303.3138122558594,7.8254499435424805,304.0471670574807,303.3138122558594,0.24178087907276158
2023-09-19,38.49414825439453,303.508056640625,7.81820011138916,300.95495417033817,303.508056640625,-0.8411975940756933
2023-09-20,38.26096725463867,300.399169921875,7.820899963378906,299.2351974006451,300.399169921875,-0.38747527882070365
2023-09-21,37.21165466308594,294.3756408691406,7.823800086975098,291.13654698953906,294.3756408691406,-1.100326735608348
2023-09-22,38.649600982666016,304.6739196777344,7.821000099182129,302.2785331187806,304.6739196777344,-0.7862131952375395
2023-09-25,37.8043212890625,295.73577880859375,7.820409774780273,295.64528373791836,295.73577880859375,-0.030599973746825437
2023-09-26,37.15336227416992,291.4610290527344,7.816359996795654,290.4040546262786,291.4610290527344,-0.36264691368551594
2023-09-27,37.435123443603516,293.40411376953125,7.821300029754639,292.79133210332475,293.40411376953125,-0.20885244529592617
2023-09-28,37.13393020629883,288.9350280761719,7.821080207824707,290.4274465752278,288.9350280761719,0.5165239081578177
2023-09-29,37.57114028930664,297.48455810546875,7.829349994659424,294.1576070234314,297.48455810546875,-1.118360933833018
2023-10-02,37.357398986816406,297.48455810546875,7.831600189208984,292.5682129735069,297.48455810546875,-1.6526387666209064
2023-10-03,36.93961715698242,292.0439453125,7.831900119781494,289.30739203645317,292.0439453125,-0.9370347579432226
2023-10-04,36.8521728515625,289.12933349609375,7.832600116729736,288.64833337889286,289.12933349609375,-0.16636157645602
2023-10-05,37.29909896850586,291.2666931152344,7.828800201416016,292.0071935172746,291.2666931152344,0.2542344935221319
2023-10-06,38.19295883178711,296.5130310058594,7.831099987030029,299.0928794122465,296.5130310058594,0.8700624042172755
2023-10-09,38.20267105102539,298.26177978515625,7.831459999084473,299.1826901942877,298.26177978515625,0.3087591074507845
2023-10-10,38.911930084228516,299.4276428222656,7.828700065612793,304.6298296035202,299.4276428222656,1.7373769276013418
2023-10-11,39.018802642822266,302.14794921875,7.819240093231201,305.0973860146314,302.14794921875,0.9761564834405156
2023-10-12,38.348411560058594,307.5885314941406,7.819699764251709,299.8730648356177,307.5885314941406,-2.5083726695024344
2023-10-13,37.89176559448242,298.0674743652344,7.823800086975098,296.4575989537516,298.0674743652344,-0.5401043555359974
2023-10-16,38.047218322753906,292.62689208984375,7.823309898376465,297.65517971009103,292.62689208984375,1.7183272474846412
2023-10-17,37.60029220581055,293.5984191894531,7.817500114440918,293.9402886219359,293.5984191894531,0.11644116934506066
2023-10-18,36.82302474975586,291.4610290527344,7.8242998123168945,288.11438563845513,291.4610290527344,-1.1482301510963633
2023-10-19,36.16234588623047,282.9115295410156,7.828589916229248,283.1001763521381,282.9115295410156,0.06668049599409809
2023-10-20,35.38507843017578,280.7741394042969,7.8236799240112305,276.8415277237291,280.7741394042969,-1.4006317280186087
2023-10-23,35.7056999206543,280.7741394042969,7.825240135192871,279.4056760742569,280.7741394042969,-0.4873893774345994
2023-10-24,36.424678802490234,274.94488525390625,7.8238701820373535,284.9819583730914,274.94488525390625,3.6505764091287363
2023-10-25,35.82229232788086,279.6082763671875,7.823550224304199,280.2575031768829,279.6082763671875,0.23219155674878422
2023-10-26,35.909732818603516,279.4139709472656,7.821899890899658,280.8823352160707,279.4139709472656,0.5255156940889849
2023-10-27,35.84172439575195,284.4659423828125,7.820400238037109,280.29662999619904,284.4659423828125,-1.4656631130213538
2023-10-30,36.48297119140625,286.9919738769531,7.821569919586182,285.35411004783236,286.9919738769531,-0.5707002209835332
2023-10-31,35.958316802978516,280.9684143066406,7.820700168609619,281.2192142839722,280.9684143066406,0.08926269450979518
2023-11-01,35.900020599365234,278.8310546875,7.82436990737915,280.89504085196495,278.8310546875,0.7402282241403046
2023-11-02,36.220638275146484,280.3855285644531,7.822189807891846,283.3247075511881,280.3855285644531,1.048263439908359
2023-11-03,38.047218322753906,293.9870300292969,7.824520111083984,297.701224937191,293.9870300292969,1.2633873363474546
2023-11-06,38.52330017089844,303.702392578125,7.824120044708252,301.4109250554393,303.702392578125,-0.7545108562476144
2023-11-07,38.47471618652344,299.8162536621094,7.820899963378906,300.90690641419496,299.8162536621094,0.36377372432740973
2023-11-08,38.50386428833008,299.6219482421875,7.819699764251709,301.0886584982345,299.6219482421875,0.48952029871371927
2023-11-09,38.0180778503418,298.0674743652344,7.81466007232666,297.0983550036726,298.0674743652344,-0.3251342212449049
2023-11-10,37.95977783203125,294.1813049316406,7.808899879455566,296.4241045367089,294.1813049316406,0.7623868571762005
2023-11-13,38.72732925415039,300.9820556640625,7.811180114746094,302.5061441672442,300.9820556640625,0.5063718831407105
2023-11-14,39.52402877807617,299.03900146484375,7.808599948883057,308.62732909613806,299.03900146484375,3.206380299668554
2023-11-15,41.58378219604492,313.4177551269531,7.805319786071777,324.57471795448873,313.4177551269531,3.5597737029978926
2023-11-16,39.932090759277344,315.5551452636719,7.807069778442383,311.7526189567725,315.5551452636719,-1.205027509129053
2023-11-17,39.786354064941406,306.2284240722656,7.8023600578308105,310.42745980301333,306.2284240722656,1.3712103125204322
2023-11-20,40.99111557006836,317.30389404296875,7.7954301834106445,319.5433795665849,317.30389404296875,0.7057857043862414
2023-11-21,40.18470001220703,315.5551452636719,7.792290210723877,313.1308445259965,315.5551452636719,-0.7682653171919185
2023-11-22,40.14583969116211,315.1665344238281,7.795599937438965,312.96090538485805,315.1665344238281,-0.6998297084436
2023-11-23,40.14583969116211,319.82989501953125,7.796500205993652,312.99704742193353,319.82989501953125,-2.1364005379110873
2023-11-24,40.47618103027344,312.0576171875,7.798299789428711,315.64539400525973,312.0576171875,1.1497161486059948
2023-11-27,40.174983978271484,313.6120300292969,7.7916998863220215,313.03141809648696,313.6120300292969,-0.18513700917521803
2023-11-28,40.087547302246094,310.5031433105469,7.788690090179443,312.22948241260383,310.5031433105469,0.5559811999488851
2023-11-29,39.50459671020508,307.9771423339844,7.7945098876953125,307.9189696671092,307.9771423339844,-0.01888863129072549
2023-11-30,40.43731689453125,317.6925048828125,7.804100036621094,315.5768662574701,317.6925048828125,-0.665939105526836
2023-12-01,39.87379837036133,309.92022705078125,7.810259819030762,311.42472524416735,309.92022705078125,0.4854469189387922
2023-12-04,39.53374481201172,307.7828369140625,7.814080238342285,308.9198540832076,307.7828369140625,0.36942188867490344
2023-12-05,38.52330017089844,300.01055908203125,7.815529823303223,301.0800013777189,300.01055908203125,0.3564682186386614
2023-12-06,38.55244445800781,302.7308654785156,7.8190999031066895,301.4454147261349,302.7308654785156,-0.42461833230941215
2023-12-07,38.4261360168457,299.03900146484375,7.810770034790039,300.1377117531447,299.03900146484375,0.36741370955590824
2023-12-08,37.81403732299805,296.9016418457031,7.811500072479248,295.38435528933223,296.9016418457031,-0.5110401367060868
2023-12-11,38.49414825439453,298.45611572265625,7.809460163116455,300.6185173057929,298.45611572265625,0.7245291582988145
2023-12-12,38.63988494873047,302.53656005859375,7.80620002746582,301.6306709480559,302.53656005859375,-0.2994312853832892
2023-12-13,38.59130859375,298.26177978515625,7.809500217437744,301.3788328540977,298.26177978515625,1.045072912522249
2023-12-14,38.90221405029297,297.6788635253906,7.811399936676025,303.8807523690157,297.6788635253906,2.083415923514531
2023-12-15,38.941078186035156,305.4511413574219,7.8069000244140625,304.0091042412678,305.4511413574219,-0.4721007457185178
2023-12-18,38.47471618652344,302.7308654785156,7.802299976348877,300.19127719214157,302.7308654785156,-0.8388930816023099
2023-12-19,39.21311950683594,302.9251708984375,7.795100212097168,305.6701961847284,302.9251708984375,0.9061727284495724
2023-12-20,38.3289794921875,305.2568664550781,7.799600124359131,298.9507132138242,305.2568664550781,-2.0658513973778048
2023-12-21,39.30056381225586,303.702392578125,7.806859970092773,306.8139984279769,303.702392578125,1.0245575688217379
2023-12-22,35.43366241455078,266.2010803222656,7.8095598220825195,276.72130634191126,266.2010803222656,3.951984720313595
2023-12-25,35.43366241455078,266.2010803222656,7.809879779815674,276.7326436162148,266.2010803222656,3.9562436340226492
2023-12-26,36.65785598754883,266.2010803222656,7.809899806976318,286.29418240132327,266.2010803222656,7.548091861510375
2023-12-27,35.57939529418945,276.8879699707031,7.80679988861084,277.76121921951926,276.8879699707031,0.3153799888483855
2023-12-28,36.33723068237305,284.6602478027344,7.809899806976318,283.7901308923192,284.6602478027344,-0.3056685705614015
2023-12-29,36.716148376464844,285.2431945800781,7.811800003051758,286.81920799931686,285.2431945800781,0.5525156950926924
2024-01-01,36.716148376464844,285.2431945800781,7.808000087738037,286.6796897448403,285.2431945800781,0.5036036589328274
2024-01-02,36.33723068237305,288.1578063964844,7.809659957885742,283.781415440586,288.1578063964844,-1.5187480119406516
2024-01-03,37.648868560791016,292.0439453125,7.814929962158203,294.2232709570817,292.0439453125,0.7462320926563626
2024-01-04,36.745296478271484,290.2951965332031,7.807499885559082,286.88889804893915,290.2951965332031,-1.173391266870094
2024-01-05,36.29836654663086,283.883056640625,7.809100151062012,283.4575796825993,283.883056640625,-0.14987754572627354
2024-01-08,36.201210021972656,279.8025817871094,7.811240196228027,282.7763468757257,279.8025817871094,1.0628083092095952
2024-01-09,35.2296257019043,275.52783203125,7.806000232696533,275.0024664268767,275.52783203125,-0.19067605638972696
2024-01-10,34.81184768676758,272.224609375,7.815820217132568,272.08314294597767,272.224609375,-0.05196680393705355
2024-01-11,35.74456787109375,279.21966552734375,7.819900035858154,279.51894757690025,279.21966552734375,0.10718516154342161
2024-01-12,35.88058853149414,280.1911926269531,7.817800045013428,280.50726663662317,280.1911926269531,0.1128065470961781
2024-01-15,35.88058853149414,281.1627197265625,7.81997013092041,280.5851305961296,281.1627197265625,-0.20542877483707978
2024-01-16,34.66611099243164,274.36199951171875,7.822720050811768,271.1832815441612,274.36199951171875,-1.158585362847142
2024-01-17,34.23861312866211,266.78399658203125,7.826300144195557,267.96166286590415,266.78399658203125,0.44143063263195614
2024-01-18,34.48150634765625,269.6986083984375,7.822490215301514,269.73124601339805,269.6986083984375,0.012101514039830619
2024-01-19,34.20946502685547,263.48077392578125,7.821310043334961,267.5628323916608,263.48077392578125,1.5492813403642725
2024-01-22,33.15043640136719,254.73696899414062,7.8170599937438965,259.1389501682788,254.73696899414062,1.7280496001502943
2024-01-23,34.99644470214844,264.25799560546875,7.817440032958984,273.58260782581056,264.25799560546875,3.5286017359577704
2024-01-24,35.36565017700195,273.779052734375,7.822000026702881,276.630116628874,273.779052734375,1.0413740079907363
2024-01-25,35.9485969543457,282.52288818359375,7.817699909210205,281.03534314622266,282.52288818359375,-0.5265219561271239
2024-01-26,35.511383056640625,274.7505798339844,7.818399906158447,277.64219395759574,274.7505798339844,1.0524505991428956
2024-01-29,34.70497512817383,273.973388671875,7.813119888305664,271.15413139708835,273.973388671875,-1.0290259533794144
2024-01-30,33.90827560424805,266.0067443847656,7.813799858093262,264.9524791046606,266.0067443847656,-0.39633028197965103
2024-01-31,33.849979400634766,262.8978576660156,7.816999912261963,264.6052860048312,262.8978576660156,0.6494645311962532
2024-02-01,33.88884353637695,263.869384765625,7.817500114440918,264.9260382238972,263.869384765625,0.4004456444277382
2024-02-02,34.287193298339844,271.4473571777344,7.820099830627441,268.12927450503776,271.4473571777344,-1.2223669101792178
2024-02-05,35.02559280395508,271.64166259765625,7.821340084075928,273.9470729660952,271.64166259765625,0.8486954270537028
2024-02-06,36.677284240722656,282.52288818359375,7.821599960327148,286.8750449621439,282.52288818359375,1.5404616618962086
2024-02-07,36.2109260559082,283.883056640625,7.822229862213135,283.25018713291684,283.883056640625,-0.2229331736797957
2024-02-08,35.200477600097656,279.0253601074219,7.8190999031066895,275.2360509922328,279.0253601074219,-1.3580518680202602
2024-02-09,36.00689697265625,279.0253601074219,7.821300029754639,281.62074436360854,279.0253601074219,0.9301607048145977
2024-02-12,36.424678802490234,279.0253601074219,7.819580078125,284.8256927160546,279.0253601074219,2.0787833071516104
2024-02-13,35.74456787109375,279.0253601074219,7.8176798820495605,279.4395891384047,279.0253601074219,0.14845569263788327
2024-02-14,36.18177795410156,281.74566650390625,7.81935977935791,282.9183392799605,281.74566650390625,0.416216792473012
2024-02-15,35.589111328125,277.276611328125,7.81810998916626,278.23958677996416,277.276611328125,0.3472977570039504
2024-02-16,35.86115646362305,283.4944152832031,7.820030212402344,280.4353269972198,283.4944152832031,-1.0790647438071566
2024-02-19,35.86115646362305,276.69366455078125,7.8206000328063965,280.4557614158857,276.69366455078125,1.3596613681821523
2024-02-20,34.96730041503906,276.1107482910156,7.820899963378906,273.4757585354382,276.1107482910156,-0.9543234994967231
2024-02-21,35.695987701416016,280.5798034667969,7.8209099769592285,279.17510635141844,280.5798034667969,-0.5006408508460791
2024-02-22,35.89030456542969,283.1058044433594,7.820650100708008,280.68551401406876,283.1058044433594,-0.8549066784587445
2024-02-23,35.900020599365234,282.52288818359375,7.822500228881836,280.82791935539717,282.52288818359375,-0.599940358494111
2024-02-26,35.4919548034668,279.0253601074219,7.823939800262451,277.68691777595996,279.0253601074219,-0.47968483257100347
2024-02-27,35.38507843017578,276.4993591308594,7.824220180511475,276.86064474236264,276.4993591308594,0.13066417681362186
2024-02-28,33.98599624633789,269.1156921386719,7.82450008392334,265.92343048168914,269.1156921386719,-1.1862042051928423
2024-02-29,33.9471321105957,269.30999755859375,7.8277997970581055,265.73135384602574,269.30999755859375,-1.3288194812706156
2024-03-01,34.267757415771484,269.5043029785156,7.828390121459961,268.2613736382118,269.5043029785156,-0.46119090736851387
2024-03-04,33.74310302734375,268.33843994140625,7.8282999992370605,264.15113340321113,268.33843994140625,-1.5604572118364635
2024-03-05,33.09214401245117,260.566162109375,7.824900150299072,258.9427226567477,260.566162109375,-0.623043084138386
2024-03-06,33.98599624633789,266.78399658203125,7.824379920959473,265.9193466236502,266.78399658203125,-0.3241011340480382
2024-03-07,33.64594650268555,263.2864685058594,7.823999881744385,263.2458814581896,263.2864685058594,-0.015415546381891687
2024-03-08,33.52935028076172,262.3149108886719,7.820400238037109,262.21293891689857,262.3149108886719,-0.03887387546054333
2024-03-11,34.59809875488281,270.670166015625,7.82036018371582,270.56959393495345,270.670166015625,-0.0371566922768074
2024-03-12,35.929168701171875,282.52288818359375,7.821400165557861,281.01640602770203,282.52288818359375,-0.5332248178465226
2024-03-13,35.98746109008789,282.3285827636719,7.824039936065674,281.5673327664572,282.3285827636719,-0.2696326350534295
2024-03-14,35.52109909057617,280.9684143066406,7.823080062866211,277.88440210658155,280.9684143066406,-1.0976366178631292
2024-03-15,35.113037109375,275.72210693359375,7.82204008102417,274.6555836360203,275.72210693359375,-0.3868109486883875
2024-03-18,35.802860260009766,281.55133056640625,7.82181978225708,280.04352064313025,281.55133056640625,-0.5355364225211434
2024-03-19,35.53081512451172,276.8879699707031,7.819429874420166,277.8307172471068,276.8879699707031,0.34047968082666635
2024-03-20,36.15262985229492,280.5798034667969,7.822700023651123,282.8111784005978,280.5798034667969,0.7952728265649966
2024-03-21,35.79314422607422,282.9115295410156,7.822999954223633,280.0097656420985,282.9115295410156,-1.0256789122821686
2024-03-22,35.86115646362305,280.5798034667969,7.820799827575684,280.46292628736774,280.5798034667969,-0.04165559244999617
2024-03-25,35.900020599365234,280.3855285644531,7.82144021987915,280.78986501036525,280.3855285644531,0.1442073162556845
2024-03-26,36.96876525878906,290.8780822753906,7.821420192718506,289.14824709496315,290.8780822753906,-0.5946942330256944
2024-03-27,37.8043212890625,293.40411376953125,7.822969913482666,295.7420680439682,293.40411376953125,0.7968375918114612
2024-03-28,37.92091369628906,295.1528625488281,7.823500156402588,296.6742742338465,295.1528625488281,0.5154656715439021
2024-03-29,37.92091369628906,295.1528625488281,7.825699806213379,296.7576869644836,295.1528625488281,0.5437265292963067
2024-04-01,38.309547424316406,295.1528625488281,7.825510025024414,299.79174742313626,295.1528625488281,1.5716889323886152
2024-04-02,38.3289794921875,300.399169921875,7.825200080871582,299.93193342199083,300.399169921875,-0.15553854559774427
2024-04-03,38.358123779296875,299.6219482421875,7.828400135040283,300.28274137373955,299.6219482421875,0.22054229852945806
2024-04-04,38.280399322509766,299.6219482421875,7.828479766845703,299.67733156304166,299.6219482421875,0.01848440048504152
2024-04-05,38.29983139038086,301.1763916015625,7.82919979095459,299.85703191516586,301.1763916015625,-0.4380687607619893
2024-04-08,38.406707763671875,296.70733642578125,7.828579902648926,300.6699805255921,296.70733642578125,1.335539642378225
2024-04-09,37.979209899902344,296.3187255859375,7.831699848175049,297.4417724068735,296.3187255859375,0.37899961223013534
2024-04-10,38.222103118896484,305.2568664550781,7.8304901123046875,299.2978005440091,305.2568664550781,-1.9521480320070062
2024-04-11,38.74675750732422,306.0340881347656,7.835299968719482,303.5924678851188,306.0340881347656,-0.7978262371123868
2024-04-12,37.60029220581055,300.78778076171875,7.837800025939941,294.7035712260513,300.78778076171875,-2.022758211872755
2024-04-15,37.376827239990234,295.73577880859375,7.837279796600342,292.9326529889968,295.73577880859375,-0.9478480523694821
2024-04-16,37.28938674926758,293.20977783203125,7.82889986038208,291.93487471507433,293.20977783203125,-0.4348092094279554
2024-04-17,37.12421417236328,292.2382507324219,7.831920146942139,290.75388091592686,292.2382507324219,-0.5079313925452356
2024-04-18,37.83346939086914,295.73577880859375,7.830090045928955,296.23947208040227,295.73577880859375,0.17031867900383357
2024-04-19,37.87233352661133,295.1528625488281,7.831500053405762,296.59718203625744,295.1528625488281,0.48934625771768214
2024-04-22,39.854366302490234,311.2803649902344,7.831709861755371,312.1278336052237,311.2803649902344,0.27225251262343875
2024-04-23,41.27287673950195,322.9388122558594,7.83558988571167,323.39733553426595,322.9388122558594,0.14198456828511397
2024-04-24,42.603946685791016,334.4029846191406,7.834199905395508,333.76783509529923,334.4029846191406,-0.18993536333558048
2024-04-25,42.205596923828125,329.73956298828125,7.830699920654297,330.49936448258813,329.73956298828125,0.23042472896523947
2024-04-26,43.128604888916016,338.4834289550781,7.827700138092041,337.59778644468497,338.4834289550781,-0.26165018273632823
2024-04-29,43.148033142089844,337.7061767578125,7.828869819641113,337.8003344429817,337.7061767578125,0.027881540714824737
2024-04-30,42.50679016113281,337.31756591796875,7.825500011444092,332.63688689239643,337.31756591796875,-1.387617929957019
2024-05-01,42.86627197265625,337.31756591796875,7.823599815368652,335.3685574908159,337.31756591796875,-0.5777963035660139
2024-05-02,45.810176849365234,350.141845703125,7.821770191192627,358.31667573362756,350.141845703125,2.3347195231939732
2024-05-03,45.80046081542969,354.0279846191406,7.81387996673584,357.87930323295586,354.0279846191406,1.0878571133178694
2024-05-06,46.062782287597656,359.6629333496094,7.809969902038574,359.74894327029324,359.6629333496094,0.02391403525596747
2024-05-07,45.47011947631836,355.38812255859375,7.818260192871094,355.49722506679245,355.38812255859375,0.030699537005696165
2024-05-08,44.945465087890625,351.1134033203125,7.820610046386719,351.50095580588095,351.1134033203125,0.11037815187444622
2024-05-09,46.27653884887695,359.2742919921875,7.8165998458862305,361.72518643427975,359.2742919921875,0.6821791864099147
2024-05-10,46.208526611328125,360.4401550292969,7.8140997886657715,361.0780380281358,360.4401550292969,0.17697334493351757
2024-05-13,47.8116340637207,367.43524169921875,7.815000057220459,373.64792294378094,367.43524169921875,1.6908234539048106
2024-05-14,50.0462760925293,370.9327087402344,7.812399864196777,390.9815205488303,370.9327087402344,5.404972744702374
2024-05-15,50.143436431884766,370.9327087402344,7.811600208282471,391.70047847530986,370.9327087402344,5.598797098699437
2024-05-16,50.20173263549805,385.7001037597656,7.807549953460693,391.95253530192895,385.7001037597656,1.6210603733873175
2024-05-17,50.048885345458984,387.0719909667969,7.801270008087158,390.44486818372206,387.0719909667969,0.8713824031805206
2024-05-20,49.26502990722656,387.0719909667969,7.802249908447266,384.37807508331025,387.0719909667969,-0.6959728284027911
2024-05-21,48.18723678588867,375.90081787109375,7.798699855804443,375.79779657372455,375.90081787109375,-0.027406510566441167
2024-05-22,47.76591491699219,376.68475341796875,7.804520130157471,372.79004450505454,376.68475341796875,-1.0339438688649727
2024-05-23,47.32500076293945,374.13690185546875,7.8038201332092285,369.315793757969,374.13690185546875,-1.2885946490683642
2024-05-24,47.481773376464844,369.4332580566406,7.808509826660156,370.7618939973763,369.4332580566406,0.35964167052118245
2024-05-27,47.481773376464844,369.8252258300781,7.81220006942749,370.937113268159,369.8252258300781,0.300652135230961
2024-05-28,47.35439682006836,372.5690612792969,7.806819915771484,369.6872481942555,372.5690612792969,-0.7734976906418445
2024-05-29,46.443172454833984,363.5537109375,7.811110019683838,362.77272970785816,363.5537109375,-0.21481866534326377
2024-05-30,46.7175178527832,360.6139221191406,7.813570022583008,365.0305970239933,360.6139221191406,1.2247654995952928
2024-05-31,45.59073257446289,352.5784606933594,7.817200183868408,356.39188306378674,352.5784606933594,1.081581206897364
2024-06-03,46.599937438964844,367.4734191894531,7.819699764251709,364.3975198056178,367.4734191894531,-0.837039966215769
2024-06-04,47.20742416381836,369.8252258300781,7.819900035858154,369.1573379114143,369.8252258300781,-0.18059555487723866
2024-06-05,48.05986022949219,373.156982421875,7.813899993896484,375.5349415538949,373.156982421875,0.6372543578271994
2024-06-06,48.01087188720703,373.9409484863281,7.809999942779541,374.9649066918828,373.9409484863281,0.27382885177447136
2024-06-07,46.35498809814453,367.2774353027344,7.809319972991943,362.0009344026439,367.2774353027344,-1.4366526208562824
2024-06-10,46.678321838378906,367.2774353027344,7.811600208282471,364.63238859495686,367.2774353027344,-0.7201767529217529
2024-06-11,46.501956939697266,366.2974853515625,7.8119001388549805,363.2686438742494,366.2974853515625,-0.8268802267113906
2024-06-12,46.648929595947266,363.3576965332031,7.811920166015625,364.41771383362357,363.3576965332031,0.2917283191010034
2024-06-13,47.285804748535156,372.17706298828125,7.808300018310547,369.221750083816,372.17706298828125,-0.7940609990138792
2024-06-14,47.1584358215332,372.17706298828125,7.810359954833984,368.3243586731114,372.17706298828125,-1.035180482170428
2024-06-17,47.9324836730957,373.5489807128906,7.811950206756592,374.44617574039694,373.5489807128906,0.2401813614359538
2024-06-18,47.726722717285156,369.4332580566406,7.810500144958496,372.76957470174966,369.4332580566406,0.9030904966865538
2024-06-19,47.726722717285156,381.1924133300781,7.8073601722717285,372.61971409598846,381.1924133300781,-2.2489165403894007
2024-06-20,48.275421142578125,379.8205261230469,7.8061299324035645,376.844209980467,379.8205261230469,-0.783611189463651
2024-06-21,47.73652267456055,373.7449645996094,7.804810047149658,372.57449178639763,373.7449645996094,-0.3131742027523088
2024-06-24,47.96187973022461,372.7650146484375,7.803299903869629,374.2609314882684,372.7650146484375,0.401302906937695
2024-06-25,47.56995391845703,374.3329162597656,7.808000087738037,371.4262043690069,374.3329162597656,-0.776504486915508
2024-06-26,47.44257354736328,374.3329162597656,7.808899879455566,370.47430685506697,374.3329162597656,-1.0307961809110533
2024-06-27,46.59013748168945,366.8854675292969,7.808700084686279,363.8084104988138,366.8854675292969,-0.8386968966649921
2024-06-28,46.40397644042969,364.9255676269531,7.809000015258789,362.3686527313839,364.9255676269531,-0.7006675120618144
2024-07-01,46.501956939697266,364.9255676269531,7.808629989624023,363.11657553552504,364.9255676269531,-0.49571536003674144
2024-07-02,46.443172454833984,361.7898254394531,7.812260150909424,362.82614545071374,361.7898254394531,0.28644255266212504
2024-07-03,47.7855110168457,371.78509521484375,7.813499927520752,373.372086866666,371.78509521484375,0.4268572549701588
2024-07-04,47.7855110168457,374.7248840332031,7.8084001541137695,373.1283915883432,374.7248840332031,-0.42604388256169967
2024-07-05,47.46217346191406,372.17706298828125,7.809100151062012,370.6368659511645,372.17706298828125,-0.4138344864001553
2024-07-08,47.364192962646484,371.00115966796875,7.8126301765441895,370.03892322763386,371.00115966796875,-0.25936211121174724
2024-07-09,48.0794563293457,373.3529968261719,7.809830188751221,375.49238949967,373.3529968261719,0.5730214278939494
2024-07-10,47.658138275146484,370.021240234375,7.811800003051758,372.2958447232304,370.021240234375,0.6147226811668016
2024-07-11,48.50077819824219,377.07672119140625,7.810800075531006,378.82988201414264,377.07672119140625,0.4649347796377157
2024-07-12,49.431602478027344,389.0318603515625,7.807459831237793,385.93525074091303,389.0318603515625,-0.795978408516751
2024-07-15,48.42238998413086,382.36834716796875,7.807350158691406,378.0505541268212,382.36834716796875,-1.1292234498821552
2024-07-16,47.550357818603516,370.4132080078125,7.8069000244140625,371.2208896149532,370.4132080078125,0.21804881404867693
2024-07-17,46.22760772705078,364.337646484375,7.807469844818115,360.92065332702987,364.337646484375,-0.9378644206320508
2024-07-18,45.68871307373047,361.7898254394531,7.806700229644775,356.6780868448659,361.7898254394531,-1.4129028057597193
2024-07-19,45.71810531616211,356.6941833496094,7.809999942779541,357.0583999032151,356.6941833496094,0.10210891307098624
2024-07-22,47.227020263671875,365.70953369140625,7.809450149536133,368.8170604602783,365.70953369140625,0.849725392035916
2024-07-23,46.031646728515625,358.85003662109375,7.806700229644775,359.3552670864301,358.85003662109375,0.14079153233299557
2024-07-24,45.34577560424805,355.9102478027344,7.807700157165527,354.0462193120802,355.9102478027344,-0.523735549105997
2024-07-25,44.16020202636719,344.151123046875,7.808800220489502,344.83819532035704,344.151123046875,0.19964260682898693
2024-07-26,44.64031219482422,347.286865234375,7.806700229644775,348.4935354627487,347.286865234375,0.34745633917347973
2024-07-29,44.689300537109375,351.0106201171875,7.806700229644775,348.87597276571614,351.0106201171875,-0.6081432381614849
2024-07-30,44.1797981262207,346.5029296875,7.810299873352051,345.0574717099407,346.5029296875,-0.4171560623925652
2024-07-31,45.120418548583984,354.9303283691406,7.8125901222229,352.5073362632302,354.9303283691406,-0.6826669665124907
2024-08-01,45.25759506225586,358.2620849609375,7.81279993057251,353.58853556027134,358.2620849609375,-1.3045057227241141
2024-08-02,44.88526916503906,351.0106201171875,7.814199924468994,350.7424669192187,351.0106201171875,-0.07639461104602674
2024-08-05,44.7382926940918,349.4427185058594,7.804969787597656,349.1810228260874,349.4427185058594,-0.07488943563938033
2024-08-06,44.503135681152344,347.286865234375,7.792900085449219,346.8084898524103,347.286865234375,-0.13774646548808667
2024-08-07,45.237998962402344,356.1062316894531,7.7947001457214355,352.6166371043837,356.1062316894531,-0.979930783158145
2024-08-08,46.795902252197266,360.8099060058594,7.792200088500977,364.6430336710546,360.8099060058594,1.0623676349764466
2024-08-09,46.59013748168945,362.5737609863281,7.793839931488037,363.11607391830876,362.5737609863281,0.1495731325138694
2024-08-12,47.56995391845703,367.4734191894531,7.798399925231934,370.96952508098184,367.4734191894531,0.9513901438749528
2024-08-13,47.991275787353516,371.00115966796875,7.791540145874023,373.9259519488769,371.00115966796875,0.788351250310293
2024-08-14,46.38438034057617,366.2974853515625,7.788700103759766,361.27402797147806,366.2974853515625,-1.371414650925884
2024-08-15,46.65872573852539,361.0058898925781,7.791600227355957,363.5461380724337,361.0058898925781,0.7036583753831316
2024-08-16,47.14863586425781,365.12158203125,7.796899795532227,367.61318932965514,365.12158203125,0.6824048265084093
2024-08-19,47.03105545043945,365.12158203125,7.7941999435424805,366.56944973655845,365.12158203125,0.3965439942644977
2024-08-20,46.070838928222656,362.9657287597656,7.7889299392700195,358.84253665532015,362.9657287597656,-1.135972841990951
2024-08-21,47.02125930786133,364.14166259765625,7.788300037384033,366.2156756252607,364.14166259765625,0.5695621349145252
2024-08-22,47.01145935058594,370.21722412109375,7.792640209197998,366.3433884284532,370.21722412109375,-1.0463683049423689
2024-08-23,47.393585205078125,368.0613708496094,7.796800136566162,369.51831159931317,368.0613708496094,0.39584179843179523
2024-08-26,47.550357818603516,374.3329162597656,7.796899795532227,370.74537515335396,374.3329162597656,-0.95838248537089
2024-08-27,47.76591491699219,374.13690185546875,7.796800136566162,372.42129194801237,374.13690185546875,-0.4585513748972869
2024-08-28,46.81549835205078,366.6894836425781,7.801799774169922,365.24514447068213,366.6894836425781,-0.39388617244988655
2024-08-29,47.27600860595703,370.021240234375,7.800020217895508,368.75382294786687,370.021240234375,-0.34252554953476677
2024-08-30,47.53076171875,374.3329162597656,7.796860218048096,370.5907051784452,374.3329162597656,-0.9997013136626043
2024-09-02,47.53076171875,370.21722412109375,7.797689914703369,370.63014129246585,370.21722412109375,0.11153375490629003
2024-09-03,47.16823196411133,370.6092224121094,7.796370029449463,367.74099002711773,370.6092224121094,-0.7739236401953953
2024-09-04,46.893882751464844,365.3175354003906,7.798299789428711,365.69255598624295,365.3175354003906,0.10265605932147093
2024-09-05,46.85469055175781,365.905517578125,7.7957000732421875,365.2651145660784,365.905517578125,-0.17501868140314958
2024-09-06,46.2472038269043,365.905517578125,7.793580055236816,360.4312853558331,365.905517578125,-1.4960780746147373
2024-09-09,46.56074523925781,363.74969482421875,7.7953901290893555,362.95917384115455,363.74969482421875,-0.21732553849872494
2024-09-10,46.0218505859375,361.20184326171875,7.796500205993652,358.8093675734708,361.20184326171875,-0.6623653042972966
2024-09-11,46.66852569580078,362.769775390625,7.7972002029418945,363.88383802629687,362.769775390625,0.30709907805088754
2024-09-12,46.59013748168945,365.12158203125,7.797510147094727,363.28706976801186,365.12158203125,-0.5024387364429006
2024-09-13,46.85469055175781,367.2774353027344,7.802519798278809,365.58465067231737,367.2774353027344,-0.46090079806337947
2024-09-16,47.27600860595703,370.21722412109375,7.7982001304626465,368.6677764787273,370.21722412109375,-0.4185239209344882
2024-09-17,47.53076171875,372.373046875,7.792300224304199,370.37396520236507,372.373046875,-0.5368491864305103
2024-09-18,47.42298126220703,372.373046875,7.793700218200684,369.60049941098987,372.373046875,-0.744561800935295
2024-09-19,49.05927276611328,380.99639892578125,7.793700218200684,382.35326486202393,380.99639892578125,0.3561361577349098
2024-09-20,48.47138214111328,380.8004455566406,7.79394006729126,377.7830473866088,380.8004455566406,-0.7923830460915271
2024-09-23,49.11806106567383,379.8205261230469,7.790900230407715,382.67391327373844,379.8205261230469,0.7512461687674055
2024-09-24,52.55720520019531,394.1274719238281,7.786499977111816,409.23667708838184,394.1274719238281,3.8335833558625465
2024-09-25,51.34223937988281,397.26324462890625,7.7825398445129395,399.5730236804593,397.26324462890625,0.5814227927657178
2024-09-26,56.113929748535156,421.3695068359375,7.786300182342529,436.91990143297517,421.3695068359375,3.6904413690979965
2024-09-27,55.888572692871094,429.0129699707031,7.779379844665527,434.77843595404556,429.0129699707031,1.343890834754058
2024-09-30,54.28167724609375,435.67645263671875,7.773280143737793,421.9466839058441,435.67645263671875,-3.151368096159879
2024-10-01,56.07473373413086,435.67645263671875,7.774099826812744,435.93057781107746,435.67645263671875,0.05832887520560437
2024-10-02,59.43549728393555,460.5666809082031,7.771679878234863,461.91365829444476,460.5666809082031,0.2924608839670162
2024-10-03,58.23032760620117,456.84295654296875,7.762670040130615,452.0228195356485,456.84295654296875,-1.055097148437023
2024-10-04,59.543277740478516,468.0141296386719,7.765379905700684,462.37617248546667,468.0141296386719,-1.2046553290085416
2024-10-07,61.09138488769531,468.7980651855469,7.766600131988525,474.4723579321362,468.7980651855469,1.2103916735116016
2024-10-08,56.182518005371094,429.7969055175781,7.766089916229248,436.3184865498806,429.7969055175781,1.5173634217884757
2024-10-09,55.41826248168945,425.4852294921875,7.774700164794922,430.8603744490392,425.4852294921875,1.2632976621225867
2024-10-10,55.016536712646484,429.99285888671875,7.772600173950195,427.62154282285337,429.99285888671875,-0.5514780105895012
2024-10-11,55.55543518066406,429.99285888671875,7.769559860229492,431.6412791972689,429.99285888671875,0.38335992714344513
2024-10-14,54.73239517211914,427.24908447265625,7.772240161895752,425.39331991349354,427.24908447265625,-0.4343519100697968
2024-10-15,52.04770278930664,408.63043212890625,7.7626800537109375,404.0296642840258,408.63043212890625,-1.1258994639511077
2024-10-16,52.674781799316406,407.4544982910156,7.7677998542785645,409.16716238488516,407.4544982910156,0.4203326018127118
2024-10-17,51.675376892089844,404.3187561035156,7.770470142364502,401.54197323541666,404.3187561035156,-0.6867806220169581
2024-10-18,53.92894744873047,422.1534423828125,7.773600101470947,419.22207135967255,422.1534423828125,-0.6943851995127814
2024-10-21,53.04711151123047,412.5501708984375,7.76993989944458,412.1728682813955,412.5501708984375,-0.09145617761358027
2024-10-22,53.43903732299805,413.1380920410156,7.77370023727417,415.41905711749314,413.1380920410156,0.5521071816953382
2024-10-23,53.31166076660156,419.60565185546875,7.77209997177124,414.34355713918194,419.60565185546875,-1.2540571589105598
2024-10-24,53.11569595336914,413.5300598144531,7.769400119781494,412.6770945023836,413.5300598144531,-0.20626440371764865
2024-10-25,52.958927154541016,412.5501708984375,7.77016019821167,411.4993479162058,412.5501708984375,-0.2547139854392144
2024-10-28,52.98832702636719,408.8264465332031,7.770730018615723,411.7579834600183,408.8264465332031,0.7170614698912559
2024-10-29,52.52781295776367,410.0023193359375,7.771900177001953,408.24091882396897,410.0023193359375,-0.42960745071427553
2024-10-30,51.83214569091797,402.7508544921875,7.771100044250488,402.7927896722904,402.7508544921875,0.01041218898363283
2024-10-31,51.156070709228516,396.4793395996094,7.77131986618042,397.55018857835785,396.4793395996094,0.27008947801161476
2024-11-01,52.51801300048828,410.7862854003906,7.77377986907959,408.263472227256,410.7862854003906,-0.6141425025121494
2024-11-04,52.58659744262695,410.59027099609375,7.776189804077148,408.92336286446516,410.59027099609375,-0.4059784776645259
2024-11-05,53.811363220214844,419.2136535644531,7.77269983291626,418.2595739107601,419.2136535644531,-0.22758792457754362
2024-11-06,52.60619354248047,411.3742370605469,7.771420001983643,408.82482472425545,411.3742370605469,-0.6197306750437503
2024-11-07,54.93815231323242,419.8016052246094,7.77603006362915,427.20072402793267,419.8016052246094,1.7625275156736286
2024-11-08,52.0966911315918,412.3541564941406,7.770999908447266,404.84338201400533,412.3541564941406,-1.821437800940906
2024-11-11,51.44021987915039,404.9067077636719,7.774839878082275,399.93947285373906,404.9067077636719,-1.226760341256683
2024-11-12,50.00968933105469,395.69537353515625,7.775899887084961,388.8703376225021,395.69537353515625,-1.7248207507909452
2024-11-13,49.11806106567383,395.69537353515625,7.778200149536133,382.0501099259491,395.69537353515625,-3.4484263708468244
2024-11-14,50.6171760559082,395.30340576171875,7.781139850616455,393.85932573429636,395.30340576171875,-0.365309280510695
2024-11-15,50.60737991333008,392.9515686035156,7.7814202308654785,393.7972898886819,392.9515686035156,0.215222778769375
2024-11-18,51.156070709228516,396.0873718261719,7.786349773406982,398.319059575193,396.0873718261719,0.5634331987742769
2024-11-19,50.81313705444336,398.0472106933594,7.783520221710205,395.505079791792,398.0472106933594,-0.6386506005504278
2024-11-20,51.35203552246094,402.55487060546875,7.7833099365234375,399.68880834267475,402.55487060546875,-0.7119680997731415
2024-11-21,51.14627456665039,399.41912841796875,7.7829999923706055,398.0714545620249,399.41912841796875,-0.33740844142386983
2024-11-22,50.16646194458008,392.5596008300781,7.782800197601318,390.43554993523685,392.5596008300781,-0.5410773014721593
2024-11-25,49.65695571899414,387.2679748535156,7.783160209655762,386.4880418847133,387.2679748535156,-0.20139361358173513
2024-11-26,49.3728141784668,385.89605712890625,7.782320022583008,384.23504035235237,385.89605712890625,-0.4304311344645373
2024-11-27,50.43101119995117,394.7154235839844,7.782700061798096,392.48943398240044,394.7154235839844,-0.5639479656944002
2024-11-28,50.43101119995117,391.9716491699219,7.781030178070068,392.4052200574097,391.9716491699219,0.11061281814794821
2024-11-29,50.55838394165039,390.01177978515625,7.783599853515625,393.5262298422167,390.01177978515625,0.9011138225097914
2024-12-02,50.509395599365234,391.775634765625,7.781519889831543,393.0398664798304,391.775634765625,0.32269278689618375
2024-12-03,50.656368255615234,396.2833251953125,7.781370162963867,394.1759525083544,396.2833251953125,-0.5317843454350379
2024-12-04,50.264442443847656,395.107421875,7.7829999923706055,391.20815515697905,395.107421875,-0.9868877429628609
2024-12-05,51.06788635253906,397.0672607421875,7.784299850463867,397.5277400975756,397.0672607421875,0.1159701141129954
2024-12-06,51.626380920410156,404.3187561035156,7.781589984893799,401.735328726576,404.3187561035156,-0.6389580839228359
2024-12-09,54.18369674682617,410.394287109375,7.77977991104126,421.5372354569099,410.394287109375,2.7151811556687555
2024-12-10,51.9791145324707,402.9468688964844,7.774240016937256,404.0981122432986,402.9468688964844,0.285705991454166
2024-12-11,51.71456527709961,401.5749206542969,7.774069786071777,402.0326394205367,401.5749206542969,0.11398091431957802
2024-12-12,51.920326232910156,407.258544921875,7.774750232696533,403.66756846099815,407.258544921875,-0.8817436750322094
2024-12-13,51.577388763427734,401.5749206542969,7.775100231170654,401.0193672977057,401.5749206542969,-0.13834363851358278
2024-12-16,50.75434875488281,397.459228515625,7.775320053100586,394.6313056559011,397.459228515625,-0.7115001129261112
2024-12-17,51.21485900878906,394.5194396972656,7.774219989776611,398.1555806797187,394.5194396972656,0.9216633241807548
2024-12-18,50.47999954223633,397.8511962890625,7.770299911499023,392.2447359755097,397.8511962890625,-1.4091852345416545
2024-12-19,52.00851058959961,406.8665466308594,7.771599769592285,404.18932891497025,406.8665466308594,-0.6580088085536562
2024-12-20,53.57621383666992,417.8417663574219,7.769999980926514,416.2871804890401,417.8417663574219,-0.3720513346317733
2024-12-23,53.07650375366211,411.7662353515625,7.772759914398193,412.5509207728701,411.7662353515625,0.1905657516181769
2024-12-24,52.88054656982422,411.5702209472656,7.769800186157227,410.8712805823161,411.5702209472656,-0.16982287089207793
2024-12-25,52.88054656982422,411.5702209472656,7.767399787902832,410.74434621063847,411.5702209472656,-0.20066435679586547
2024-12-26,53.01771926879883,411.5702209472656,7.765999794006348,411.73559692017807,411.5702209472656,0.04018171492869982
2024-12-27,52.51801300048828,409.02239990234375,7.768199920654297,407.9704244233144,409.02239990234375,-0.2571926327948115
2024-12-30,52.15548324584961,410.59027099609375,7.763319969177246,404.89970458459356,410.59027099609375,-1.3859476985888741
2024-12-31,52.10649108886719,411.3742370605469,7.763500213623047,404.5287546995678,411.3742370605469,-1.6640522775303368
2025-01-02,52.135887145996094,407.6505126953125,7.767930030822754,404.98792344496906,407.6505126953125,-0.6531548881758775
2025-01-03,52.0966911315918,405.88665771484375,7.776800155639648,405.1455557004738,405.88665771484375,-0.1825884148403456
2025-01-06,48.020668029785156,401.1829528808594,7.777550220489502,373.4831572231087,401.1829528808594,-6.904529581539009
2025-01-07,47.13883972167969,371.9810791015625,7.775310039520264,366.51909373931267,371.9810791015625,-1.4683503191726954
2025-01-08,46.70771408081055,361.7898254394531,7.77646017074585,363.2206782160083,361.7898254394531,0.3954928181900019
2025-01-09,46.70771408081055,365.905517578125,7.77918004989624,363.3477175536991,365.905517578125,-0.6990329201252754
2025-01-10,45.89447021484375,362.1817932128906,7.782110214233398,357.155825435766,362.1817932128906,-1.3876920020025274
2025-01-13,46.002254486083984,358.654052734375,7.786099910736084,358.17814954775713,358.654052734375,-0.13269142868722605
2025-01-14,46.72731399536133,367.4734191894531,7.785029888153076,363.77353604700147,367.4734191894531,-1.0068437468518376
2025-01-15,47.86389923095703,372.373046875,7.7870001792907715,372.7161918930178,372.373046875,0.09215087421001744
2025-01-16,47.7855110168457,374.7248840332031,7.785039901733398,372.0121099908647,374.7248840332031,-0.7239375226807843
2025-01-17,48.34400939941406,372.17706298828125,7.787700176239014,376.4886505199174,372.17706298828125,1.1584774991284075
2025-01-20,48.34400939941406,381.9763488769531,7.7842698097229,376.322812848819,381.9763488769531,-1.4800748906983463
2025-01-21,48.236228942871094,379.6245422363281,7.780489921569824,375.3014931445432,379.6245422363281,-1.1387696554912674
2025-01-22,48.25582504272461,375.7048034667969,7.785699844360352,375.70536952462135,375.7048034667969,0.00015066558085585768
2025-01-23,48.246028900146484,373.5489807128906,7.787650108337402,375.7231921910752,373.5489807128906,0.5820418714662878
2025-01-24,49.333614349365234,382.76031494140625,7.789209842681885,384.26987446514795,382.76031494140625,0.39438767939481423
2025-01-27,50.078277587890625,387.6599426269531,7.787749767303467,389.99709463205363,387.6599426269531,0.6028871565276983
2025-01-28,51.5381965637207,393.9314880371094,7.788219928741455,401.39080956896396,393.9314880371094,1.8935580826562104
2025-01-29,51.577388763427734,393.9314880371094,7.79010009765625,401.79302124283276,393.9314880371094,1.9956600181661122
2025-01-30,53.331260681152344,393.9314880371094,7.792300224304199,415.57319456816913,393.9314880371094,5.493774219191394
2025-01-31,51.94972229003906,393.9314880371094,7.7916998863220215,404.77664526175795,393.9314880371094,2.7530566999576678
2025-02-03,51.37163162231445,396.0873718261719,7.794960021972656,400.4398147594475,396.0873718261719,1.0988593029887639
2025-02-04,53.35085678100586,412.3541564941406,7.7932000160217285,415.7738979205078,412.3541564941406,0.8293214394737847
2025-02-05,52.54740905761719,409.41436767578125,7.786900043487549,409.1814218759173,409.41436767578125,-0.05689731925784258
2025-02-06,52.90993881225586,411.9621887207031,7.786099910736084,411.962069863157,411.9621887207031,-2.8851566813425933e-05
2025-02-07,53.85055923461914,419.60565185546875,7.786499977111816,419.30737824782045,419.60565185546875,-0.07108426836706094
2025-02-10,55.35947036743164,428.2290344238281,7.790339946746826,431.2690934341499,428.2290344238281,0.7099142668857361
2025-02-11,54.21309280395508,418.8216857910156,7.789100170135498,422.27121038285804,418.8216857910156,0.8236260702039422
2025-02-12,56.30989456176758,435.2845153808594,7.791729927062988,438.75149064668585,435.2845153808594,0.7964848606647479
2025-02-13,56.6136360168457,433.128662109375,7.789430141448975,440.9879628066392,433.128662109375,1.814541817433346
2025-02-14,60.287933349609375,465.27032470703125,7.788000106811523,469.5224313662038,465.27032470703125,0.9139002496774351
2025-02-17,60.287933349609375,483.6930236816406,7.78272008895874,469.2041100018105,483.6930236816406,-2.9954770836981393
2025-02-18,63.148990631103516,493.3943176269531,7.780119895935059,491.3067184172651,493.3943176269531,-0.42310969849199687
2025-02-19,61.99281311035156,487.8086853027344,7.774400234222412,481.9569407652234,487.8086853027344,-1.199598267480495
2025-02-20,63.883846282958984,477.02947998046875,7.777820110321045,496.8770643442567,477.02947998046875,4.160662012880345
2025-02-21,65.36336517333984,506.62335205078125,7.775619983673096,508.24068844194335,506.62335205078125,0.31923842132723923
2025-02-24,60.39571762084961,487.22076416015625,7.769529819488525,469.2463290245996,487.22076416015625,-3.689176746508316
2025-02-25,61.11098098754883,475.0696105957031,7.773890018463135,475.07004511759624,475.0696105957031,9.146488924027807e-05
2025-02-26,62.649288177490234,491.4344177246094,7.773220062255859,486.9867037473159,491.4344177246094,-0.9050473098499712
2025-02-27,61.99281311035156,485.4568786621094,7.773019790649414,481.87136318479315,485.4568786621094,-0.7385857807180929
2025-02-28,60.3663215637207,468.99407958984375,7.776810169219971,469.45742341514597,468.99407958984375,0.09879523974107851
2025-03-03,59.84701919555664,473.50177001953125,7.7777299880981445,465.4739558955662,473.50177001953125,-1.6954137518079282
2025-03-04,62.12018966674805,481.1451721191406,7.777170181274414,483.1192867313439,481.1451721191406,0.4102950058728627
2025-03-05,66.18641662597656,495.3541564941406,7.7724199295043945,514.4286236462212,495.3541564941406,3.850672675703337
2025-03-06,67.55815124511719,533.0814208984375,7.770400047302246,524.9538616307109,533.0814208984375,-1.524637503597237
2025-03-07,66.84288787841797,522.7921752929688,7.77239990234375,519.52965521859,522.7921752929688,-0.6240567913149087
2025-03-10,64.1288070678711,506.1333923339844,7.771200180053711,498.35779703246953,506.1333923339844,-1.5362739189482166
2025-03-11,65.64752197265625,507.11328125,7.769199848175049,510.0287177430291,507.11328125,0.5749083293268953
2025-03-12,64.99104309082031,501.72369384765625,7.770500183105469,505.01291223743465,501.72369384765625,0.6555836270266235
2025-03-13,64.98124694824219,497.3139953613281,7.7692999839782715,504.85880087386613,497.3139953613281,1.5171110370735263
2025-03-14,66.67632293701172,511.03302001953125,7.771609783172607,518.1823636432564,511.03302001953125,1.3989983706829578
2025-03-17,68.38119506835938,513.9728393554688,7.772719860076904,531.5078729636298,513.9728393554688,3.4116654160461612
2025-03-18,68.08724975585938,530.1416015625,7.770299911499023,529.058350752166,530.1416015625,-0.2043323533073571
2025-03-19,68.18522644042969,529.1616821289062,7.769700050354004,529.7787573076057,529.1616821289062,0.11661373064975056
2025-03-20,64.80487823486328,509.0731506347656,7.769909858703613,503.5280622891514,509.0731506347656,-1.0892517781972977
2025-03-21,64.39335632324219,501.2337341308594,7.772600173950195,500.50381255926914,501.2337341308594,-0.1456249892788919
2025-03-24,64.03082275390625,502.7036437988281,7.773039817810059,497.7141348332516,502.7036437988281,-0.9925348716137927
2025-03-25,63.521324157714844,491.9244079589844,7.77400016784668,493.81478466391854,491.9244079589844,0.38428194949249317
2025-03-26,63.638893127441406,496.3341064453125,7.7758002281188965,494.84331969759296,496.3341064453125,-0.30035952161264756
2025-03-27,65.14781188964844,498.7839050292969,7.7758002281188965,506.5763705529753,498.7839050292969,1.5622928978072492
2025-03-28,63.73687744140625,499.27386474609375,7.776199817657471,495.63069473791984,499.27386474609375,-0.7296937142957871
2025-03-31,62.55130386352539,487.0247802734375,7.77869987487793,486.5678195366563,487.0247802734375,-0.093826999218527
2025-04-01,63.276371002197266,493.88427734375,7.7795000076293945,492.258528694354,493.88427734375,-0.32917602846960214
2025-04-02,62.72766876220703,493.88427734375,7.781499862670898,488.1153458587796,493.88427734375,-1.168073524429114
2025-04-03,62.962825775146484,487.8086853027344,7.78380012512207,490.0900511466243,487.8086853027344,0.4676763478440593
2025-04-04,58.70063781738281,487.8086853027344,7.7779998779296875,456.5735537779983,487.8086853027344,-6.403151986798172
2025-04-07,54.154300689697266,426.6611022949219,7.771890163421631,420.8812768372354,426.6611022949219,-1.3546642584941426
2025-04-08,52.900142669677734,431.5607604980469,7.768489837646484,410.95422073944064,431.5607604980469,-4.774887256854643
2025-04-09,55.11452102661133,432.3447265625,7.769700050354004,428.22329679569884,432.3447265625,-0.9532739764331
2025-04-10,54.9283561706543,435.8724365234375,7.761099815368652,426.30445493456864,435.8724365234375,-2.195133435182106
2025-04-11,56.24130630493164,434.50054931640625,7.757530212402344,436.2936328454816,434.50054931640625,0.4126769303045563
2025-04-14,57.85799789428711,444.8878173828125,7.754940032958984,448.6853040972637,444.8878173828125,0.8535829856594068
2025-04-15,57.60324478149414,446.84765625,7.7559099197387695,446.7655776099309,446.84765625,-0.01836837206620201
2025-04-16,56.63323211669922,439.0082092285156,7.756899833679199,439.29830878673965,439.0082092285156,0.066080668225732
2025-04-17,56.829193115234375,448.8075256347656,7.761750221252441,441.09400223576813,448.8075256347656,-1.7186706903116078
2025-04-21,56.84878921508789,448.8075256347656,7.761750221252441,441.24610226814184,448.8075256347656,-1.6847808770428685
2025-04-22,58.886802673339844,451.15936279296875,7.759399890899658,456.9262502389429,451.15936279296875,1.2782373417395965
2025-04-23,60.1899528503418,464.6824035644531,7.758399963378906,466.9777279898699,464.6824035644531,0.49395552915496577
2025-04-24,60.013587951660156,461.5466003417969,7.759399890899658,465.66942780460886,461.5466003417969,0.8932635317341342
2025-04-25,60.72885513305664,468.6020812988281,7.758309841156006,471.15327442093076,468.6020812988281,0.5444263318317821
2025-04-28,60.53288650512695,468.6020812988281,7.756919860839844,469.5487495655834,468.6020812988281,0.20201964620631951
2025-04-29,59.69024658203125,463.5064697265625,7.7565999031066895,462.993360854598,463.5064697265625,-0.1107015555289248
2025-04-30,59.827423095703125,467.6221923828125,7.758800029754639,464.18901209508476,467.6221923828125,-0.7341782198645563
2025-05-01,60.121368408203125,467.6221923828125,7.755149841308594,466.25022067013197,467.6221923828125,-0.2933931996874528
2025-05-02,62.659088134765625,478.0093994140625,7.7571001052856445,486.0528191672929,478.0093994140625,1.6826907092391652
2025-05-05,62.355342864990234,478.0093994140625,7.750400066375732,483.27885347970187,478.0093994140625,1.1023745708972577
2025-05-06,63.580108642578125,485.4568786621094,7.750400066375732,492.7712782436138,485.4568786621094,1.506704282708382
2025-05-07,61.22855758666992,479.9692687988281,7.7515997886657715,474.6192740491406,479.9692687988281,-1.1146536033601606
2025-05-08,63.09020233154297,488.0046691894531,7.758689880371094,489.4973143803072,488.0046691894531,0.3058669896198518
2025-05-09,62.00260925292969,484.67291259765625,7.774970054626465,482.0684302502341,484.67291259765625,-0.5373690750455129
2025-05-12,64.88326263427734,507.11328125,7.777140140533447,504.60622628181227,507.11328125,-0.4943776984124737
2025-05-13,64.28557586669922,495.8441162109375,7.790989875793457,500.8482707370058,495.8441162109375,1.0092193014829443
2025-05-14,66.50975036621094,510.54302978515625,7.796840190887451,518.5658947411648,510.54302978515625,1.5714375650931256
2025-05-15,64.82447814941406,509.5631408691406,7.803380012512207,505.850037112672,509.5631408691406,-0.7286837407696645
2025-05-16,64.14840698242188,502.1495056152344,7.8053998947143555,500.7039691066893,502.1495056152344,-0.2878697464361646
2025-05-19,65.22879028320312,508.08038330078125,7.8138298988342285,509.6866717796802,508.08038330078125,0.3161484937606929
2025-05-20,65.63406372070312,511.04583740234375,7.821199893951416,513.3371322119638,511.04583740234375,0.44835406962058233
2025-05-21,65.4264907836914,514.5055541992188,7.828400135040283,512.1847492862616,514.5055541992188,-0.451074802597462
2025-05-22,64.61595153808594,510.5516052246094,7.82843017578125,505.8414648575708,510.5516052246094,-0.9225591142674738
2025-05-23,65.00144958496094,512.0343017578125,7.828179836273193,508.84303696951974,512.0343017578125,-0.6232521487988474
2025-05-26,65.00144958496094,504.12646484375,7.830580234527588,508.9990663356366,504.12646484375,0.9665434829724262
2025-05-27,64.52698516845703,506.1034240722656,7.836900234222412,505.691545180347,506.1034240722656,-0.08138235631849344
2025-05-28,63.11347961425781,500.1725158691406,7.838399887084961,494.7086914819374,500.1725158691406,-1.0923879689208493
2025-05-29,63.50886535644531,504.6206970214844,7.834489822387695,497.5595592664613,504.6206970214844,-1.39929610432179
2025-05-30,62.05582046508789,492.4623718261719,7.841100215911865,486.5859072473886,492.4623718261719,-1.1932819470027556
2025-06-02,63.45943832397461,492.6600341796875,7.842100143432617,497.6552703825946,492.6600341796875,1.0139316884562266
2025-06-03,63.51875305175781,499.1840515136719,7.844600200653076,498.27922293505253,499.1840515136719,-0.18126151584283434
2025-06-04,64.97179412841797,506.1034240722656,7.845160007476807,509.71412091028105,506.1034240722656,0.7134306282622349
2025-06-05,65.00144958496094,509.0688781738281,7.843739986419678,509.85446928480087,509.0688781738281,0.15431921782194102
2025-06-06,65.2584457397461,509.0688781738281,7.846199989318848,512.0308162661604,509.0688781738281,0.5818344470315262
2025-06-09,65.36717987060547,512.0343017578125,7.84689998626709,512.9297228289724,512.0343017578125,0.17487521208754409
2025-06-10,64.97179412841797,507.5861511230469,7.847519874572754,509.86744570940937,507.5861511230469,0.44943987957808407
2025-06-11,64.91248321533203,512.0343017578125,7.847789764404297,509.41952135934844,512.0343017578125,-0.5106650842507054
2025-06-12,64.89271545410156,504.12646484375,7.848599910736084,509.3169607204836,504.12646484375,1.0296019429058
2025-06-13,64.0624008178711,504.12646484375,7.848939895629883,502.82193358922086,504.12646484375,-0.25877063504957665
2025-06-16,64.131591796875,503.6322021484375,7.8491997718811035,503.3816757024033,503.6322021484375,-0.049743929193857284
2025-06-17,64.36883544921875,507.5861511230469,7.849599838256836,505.2696003309684,507.5861511230469,-0.45638573608698385
2025-06-18,63.87459945678711,502.1495056152344,7.849599838256836,501.3900455647163,502.1495056152344,-0.15124181982169027
2025-06-19,63.87459945678711,492.2646484375,7.849689960479736,501.3958020856062,492.2646484375,1.8549277664137387
2025-06-20,63.261749267578125,499.67828369140625,7.8495001792907715,496.5731122181023,499.67828369140625,-0.6214341456595385
2025-06-23,63.74609375,498.195556640625,7.849629878997803,500.3832421693951,498.195556640625,0.43912184675467536
2025-06-24,65.00144958496094,503.6322021484375,7.849669933319092,510.23992442922463,503.6322021484375,1.3120134599414746
2025-06-25,64.30951690673828,506.59765625,7.849850177764893,504.82007272233386,506.59765625,-0.35088664657952906
2025-06-26,64.44790649414062,507.0919189453125,7.848700046539307,505.8322866999224,507.0919189453125,-0.2484031392197994
2025-06-27,64.26010131835938,507.0919189453125,7.849160194396973,504.38782935598283,507.0919189453125,-0.533254324966137
2025-06-30,63.7559814453125,497.2070617675781,7.8495001792907715,500.45258778583957,497.2070617675781,0.6527513922918837
2025-07-01,63.7559814453125,497.2070617675781,7.849899768829346,500.47806400904665,497.2070617675781,0.657875258215368
2025-07-02,63.05417251586914,495.7243347167969,7.847760200500488,494.8340255455296,495.7243347167969,-0.17959763298203146
2025-07-03,62.836708068847656,495.2301025390625,7.849800109863281,493.25559790228726,495.2301025390625,-0.39870448638963385
2025-07-04,62.836708068847656,491.0784606933594,7.847700119018555,493.1236413906299,491.0784606933594,0.4164671963789557
2025-07-07,63.093711853027344,496.2185974121094,7.849800109863281,495.27302623557625,496.2185974121094,-0.19055536843328724
2025-07-08,63.24197769165039,498.6897888183594,7.849800109863281,496.4368834318884,498.6897888183594,-0.45176489212045423
2025-07-09,62.73786544799805,491.8692626953125,7.849639892578125,492.46965139580425,491.8692626953125,0.12206265892724666
2025-07-10,62.461090087890625,490.88079833984375,7.849800109863281,490.30707183410414,490.88079833984375,-0.11687695010274002
2025-07-11,62.39189910888672,490.88079833984375,7.849599838256836,489.751441153654,490.88079833984375,-0.23006750111416174
2025-07-14,62.9256706237793,494.24163818359375,7.849629878997803,493.9432242843923,494.24163818359375,-0.060378138171079954
2025-07-15,65.23867797851562,511.5400695800781,7.8498101234436035,512.1112348358292,511.5400695800781,0.11165601479077303
2025-07-16,65.49568176269531,510.5516052246094,7.849699974060059,514.1214514336752,510.5516052246094,0.6992135902687879
2025-07-17,65.50556182861328,511.04583740234375,7.849800109863281,514.2055664389045,511.04583740234375,0.618286816036262
2025-07-18,65.2683334350586,513.0228271484375,7.848499774932861,512.2585002753003,513.0228271484375,-0.14898496376576364
2025-07-21,65.87129211425781,515.4940185546875,7.848299980163574,516.9776605936786,515.4940185546875,0.2878097486273212
2025-07-22,66.90918731689453,519.9421997070312,7.84935998916626,525.1942978328625,519.9421997070312,1.0101311508838196
2025-07-23,69.53849792480469,545.6427612304688,7.849689960479736,545.8556490271803,545.6427612304688,0.03901596645972116
2025-07-24,69.58792877197266,550.5851440429688,7.849430084228516,546.2255816018733,550.5851440429688,-0.7918053162646266
2025-07-25,69.3704605102539,544.1600341796875,7.849899768829346,544.5511619230274,544.1600341796875,0.07187733732219037
2025-07-28,69.2913818359375,549.1024169921875,7.8495001792907715,543.9027141444967,549.1024169921875,-0.9469459042218631
2025-07-29,69.32103729248047,548.6082153320312,7.849180221557617,544.1133148539957,548.6082153320312,-0.8193279561654276
2025-07-30,68.63899993896484,542.6773071289062,7.849599838256836,538.7886828190094,542.6773071289062,-0.716562911110108
2025-07-31,69.26173400878906,543.665771484375,7.849289894104004,543.6554288033076,543.665771484375,-0.001902396952302432
2025-08-01,67.12664794921875,528.8385620117188,7.849899768829346,526.9374582188611,528.8385620117188,-0.35948660506635033
2025-08-04,69.40011596679688,543.665771484375,7.849410057067871,544.7499682314519,543.665771484375,0.19942339649536844
2025-08-05,70.68511962890625,552.5621337890625,7.849239826202393,554.8244561110914,552.5621337890625,0.4094240599723298
2025-08-06,72.43470001220703,561.9526977539062,7.849800109863281,568.5979161137366,561.9526977539062,1.1825227259146365
2025-08-07,71.12004089355469,560.4700317382812,7.849400043487549,558.2496520827044,560.4700317382812,-0.39616384995472265
2025-08-08,70.85315704345703,554.5391235351562,7.849319934844971,556.1490980279086,554.5391235351562,0.29032658372034614
2025-08-11,70.33916473388672,554.5391235351562,7.849599838256836,552.1342961182381,554.5391235351562,-0.4336623539900053
2025-08-12,70.9421157836914,553.056396484375,7.849679946899414,556.8729036578588,553.056396484375,0.6900755868197717
2025-08-13,76.19087219238281,579.2511596679688,7.848380088806152,597.9749242634716,579.2511596679688,3.23240865089256
2025-08-14,73.92728424072266,583.2051391601562,7.8491997718811035,580.2700225980698,583.2051391601562,-0.5032734393104255
2025-08-15,74.73782348632812,585.1820678710938,7.83459997177124,585.5409497762303,585.1820678710938,0.06132824719700114
2025-08-18,74.15462493896484,580.2396850585938,7.824709892272949,580.2384273177086,580.2396850585938,-0.00021676229972067418
2025-08-19,74.61920928955078,585.6763305664062,7.819920063018799,583.5162518099569,585.6763305664062,-0.3688178339664727
2025-08-20,74.8465576171875,583.6993408203125,7.799499988555908,583.765725278703,583.6993408203125,0.01137305694010049
2025-08-21,75.57801818847656,586.1705932617188,7.81220006942749,590.4305989392087,586.1705932617188,0.7267518579847865
2025-08-22,76.98163604736328,593.0899658203125,7.813899993896484,601.5268054406333,593.0899658203125,1.4225227379545569
2025-08-25,77.24852752685547,607.4229736328125,7.8155999183654785,603.743585432745,607.4229736328125,-0.6057374119490699
2025-08-26,77.39679718017578,602.4805297851562,7.812699794769287,604.6779414453595,602.4805297851562,0.3647274146745927
2025-08-27,75.25182342529297,592.1014404296875,7.793580055236816,586.4811101675659,592.1014404296875,-0.9492174614611493
2025-08-28,76.01294708251953,587.1590576171875,7.784210205078125,591.700758397812,587.1590576171875,0.7735043378289452
2025-08-29,76.69498443603516,589.6302490234375,7.794129848480225,597.7706674216279,589.6302490234375,1.3805971473941137
2025-09-01,76.69498443603516,598.0323486328125,7.795499801635742,597.8757359575684,598.0323486328125,-0.02618799394416005
2025-09-02,76.38855743408203,593.5841674804688,7.796510219573975,595.5641686933341,593.5841674804688,0.333567052718009
2025-09-03,76.19087219238281,591.6072387695312,7.807499885559082,594.8602259226755,591.6072387695312,0.5498558739595483
2025-09-04,75.32101440429688,585.6763305664062,7.800389766693115,587.5332699762221,585.6763305664062,0.31705898171092706
2025-09-05,76.77406311035156,598.526611328125,7.800220012664795,598.8545835269542,598.526611328125,0.054796594273631705
2025-09-08,78.4841079711914,610.388427734375,7.798399925231934,612.0504617344341,610.388427734375,0.2722912041809522
2025-09-09,80.22380828857422,619.7789916992188,7.793300151824951,625.2082173153212,619.7789916992188,0.875993812119602
2025-09-10,79.6801528930664,626.2041625976562,7.787390232086182,620.5004443305988,626.2041625976562,-0.9108400435086428
2025-09-11,81.12330627441406,622.2501831054688,7.789599895477295,631.9180980759484,622.2501831054688,1.5537022299020986
2025-09-12,81.35066223144531,636.0889892578125,7.788599967956543,633.6077652490785,636.0889892578125,-0.39007498174572497
2025-09-15,81.93385314941406,636.0889892578125,7.780200004577637,637.4617646481347,636.0889892578125,0.21581499027738538
2025-09-16,82.87288665771484,637.5717163085938,7.779990196228027,644.750245730138,637.5717163085938,1.1259171694607772
2025-09-17,84.05905151367188,653.8816528320312,7.78046989440918,654.0189196547144,653.8816528320312,0.02099260960888305
2025-09-18,81.69661712646484,634.6062622070312,7.776989936828613,635.3537692654572,634.6062622070312,0.11779068423092287
2025-09-19,81.40996551513672,635.1004638671875,7.7771100997924805,633.1342650315273,635.1004638671875,-0.30958863164542993
2025-09-22,81.79546356201172,633.6177368164062,7.774439811706543,635.9139083334958,633.6177368164062,0.3623906629613316
2025-09-23,80.58953857421875,628.1810913085938,7.769320011138916,626.1259147331293,628.1810913085938,-0.32716307509084164
2025-09-24,81.75592803955078,641.0313720703125,7.7754597663879395,635.6899291352347,641.0313720703125,-0.8332576481907217
2025-09-25,82.3489990234375,642.5140991210938,7.7778401374816895,640.4973498859326,642.5140991210938,-0.31388404362174827
2025-09-26,82.42808532714844,636.5831909179688,7.782700061798096,641.5130647694969,636.5831909179688,0.7744272738994473
2025-09-29,83.99974822998047,652.39892578125,7.780399799346924,653.5516242737322,652.39892578125,0.17668614201069577
2025-09-30,84.16778564453125,655.3643798828125,7.7829999923706055,655.0778750292375,655.3643798828125,-0.04371687909346944
2025-10-01,84.78062438964844,655.3643798828125,7.7819600105285645,659.7594286678868,655.3643798828125,0.670626741395397
2025-10-02,85.57140350341797,668.7089233398438,7.780990123748779,665.8302455354169,668.7089233398438,-0.43048293569186713
2025-10-03,85.51209259033203,665.7434692382812,7.782470226287842,665.4953145718282,665.7434692382812,-0.03727481799212784
2025-10-06,86.3226318359375,669.6973876953125,7.781099796295166,671.6850129942759,669.6973876953125,0.29679454265210126
2025-10-07,85.136474609375,669.6973876953125,7.782649993896484,662.5873835990205,669.6973876953125,-1.061674157153314
2025-10-08,85.82839965820312,667.2261962890625,7.78318977355957,668.0187225007103,667.2261962890625,0.11877924099137349
2025-10-09,84.37535858154297,667.720458984375,7.781599998474121,656.5752902093882,667.720458984375,-1.669136930735804
2025-10-10,79.03764343261719,643.996826171875,7.782299995422363,615.0946521238511,643.996826171875,-4.487937342770421
2025-10-13,80.68838500976562,631.6408081054688,7.782299995422363,627.9412182921369,631.6408081054688,-0.5857110189615988
2025-10-14,79.32430267333984,613.8480834960938,7.779139995574951,617.074855547271,613.8480834960938,0.5256629674234015
2025-10-15,79.33419036865234,619.7789916992188,7.77370023727417,616.7202144927469,619.7789916992188,-0.4935270874680264
2025-10-16,78.76087951660156,612.859619140625,7.775000095367432,612.3658457527999,612.859619140625,-0.080568758717936
2025-10-17,79.28475952148438,600.997802734375,7.770790100097656,616.1052243781742,600.997802734375,2.513723274039359
2025-10-20,80.7872314453125,620.2732543945312,7.767099857330322,627.4824938329984,620.2732543945312,1.162268304717462
2025-10-21,79.86795806884766,623.2387084960938,7.7678399085998535,620.4015121055745,623.2387084960938,-0.45523430297927936
2025-10-22,79.02776336669922,616.3193359375,7.771200180053711,614.140568904535,616.3193359375,-0.3535126850516157
2025-10-23,80.87619018554688,625.7098999023438,7.770400047302246,628.4403520433989,625.7098999023438,0.4363766885390863
2025-10-24,81.21227264404297,630.1580810546875,7.7718000411987305,631.1655438808157,630.1580810546875,0.15987461819770843
2025-10-27,83.70320129394531,648.4450073242188,7.769390106201172,650.3228239905438,648.4450073242188,0.2895876512449158
2025-10-28,82.87288665771484,637.5717163085938,7.767489910125732,643.7143109367935,637.5717163085938,0.9634358725578496
2025-10-29,83.32759094238281,637.5717163085938,7.767879962921143,647.2787240398247,637.5717163085938,1.522496604371426
2025-10-30,82.50716400146484,643.5026245117188,7.771100044250488,641.1714258227657,643.5026245117188,-0.36226716102703005
2025-10-31,80.43138885498047,621.7559814453125,7.769139766693115,624.8827016435862,621.7559814453125,0.5028854231535318
2025-11-03,79.69991302490234,620.7674560546875,7.770770072937012,619.3296989495939,620.7674560546875,-0.23160961340198405
2025-11-04,79.32430267333984,621.7559814453125,7.771900177001953,616.5005619874864,621.7559814453125,-0.8452543465057638
2025-11-05,80.3720703125,621.7559814453125,7.773890018463135,624.803635165561,621.7559814453125,0.49016878183689716
2025-11-06,81.43961334228516,636.5831909179688,7.774799823760986,633.1766914607615,636.5831909179688,-0.535122432669799
2025-11-07,80.54011535644531,626.6983642578125,7.775599956512451,626.247717463084,626.6983642578125,-0.07190808536132742
2025-11-10,82.60600280761719,642.0198974609375,7.776509761810303,642.3863872175643,642.0198974609375,0.05708386267719856
2025-11-11,82.80369567871094,642.5140991210938,7.7731099128723145,643.6422277026504,642.5140991210938,0.17558036206517524
2025-11-12,83.03104400634766,649.4334716796875,7.771470069885254,645.2732733666562,649.4334716796875,-0.6405888354154898
2025-11-13,82.37865447998047,648.4450073242188,7.770420074462891,640.1167504784826,648.4450073242188,-1.28434281267773
2025-11-14,80.92562103271484,633.6177368164062,7.770999908447266,628.8729936362652,633.6177368164062,-0.748833705947205
2025-11-17,79.9964599609375,629.1696166992188,7.771510124206543,621.6932984871091,629.1696166992188,-1.188283415739666
2025-11-18,79.23534393310547,616.3193359375,7.773900032043457,615.9676427405429,616.3193359375,-0.057063469608997774
2025-11-19,78.63237762451172,615.330810546875,7.78410005569458,612.0822950463589,615.330810546875,-0.5279299272579863
2025-11-20,76.93222045898438,613.8480834960938,7.786280155181885,599.0158214538678,613.8480834960938,-2.4162756944276276
2025-11-21,78.12825775146484,602.9747924804688,7.7835001945495605,608.1113094083448,602.9747924804688,0.8518626304004906
2025-11-24,79.89761352539062,617.3078002929688,7.7823100090026855,621.7879974340758,617.3078002929688,0.7257638959009993
2025-11-25,79.06729888916016,617.802001953125,7.781630039215088,615.2724681554864,617.802001953125,-0.4094408547789863
2025-11-26,78.03929901123047,612.3653564453125,7.7753400802612305,606.7820894375109,612.3653564453125,-0.9117542246693477
2025-11-27,78.03929901123047,604.45751953125,7.7778000831604,606.9740663393277,604.45751953125,0.4163314586654865
2025-11-28,78.12825775146484,604.45751953125,7.77869987487793,607.7362687957502,604.45751953125,0.5424284020890013
2025-12-01,78.88937377929688,612.3653564453125,7.784780025482178,614.1364212198678,612.3653564453125,0.2892170100601499
2025-12-02,78.24687957763672,609.8941650390625,7.7881999015808105,609.4023398255558,609.8941650390625,-0.08064107540284304
2025-12-03,77.60437774658203,603.9632568359375,7.78439998626709,604.1035170647592,603.9632568359375,0.023223304933561728
2025-12-04,77.2188720703125,604.9517211914062,7.783269882202148,601.0153213224839,604.9517211914062,-0.6506965318108127
2025-12-05,77.28807067871094,602.9747924804688,7.7817702293396,601.4380074906876,602.9747924804688,-0.2548672032307131
2025-12-08,76.87290954589844,598.0323486328125,7.783959865570068,598.3756426548716,598.0323486328125,0.057403921852050566
2025-12-09,76.418212890625,595.5611572265625,7.780399799346924,594.5642482406693,595.5611572265625,-0.1673898597644774
2025-12-10,76.43798828125,596.055419921875,7.782320022583008,594.8648866871372,596.055419921875,-0.19973532576783581
2025-12-11,76.7641830444336,594.5726928710938,7.7790398597717285,597.151639705462,594.5726928710938,0.43374794458099775
2025-12-12,76.91244506835938,608.9057006835938,7.7820000648498535,598.5326525097335,608.9057006835938,-1.7035557660594947
2025-12-15,76.26006317138672,596.055419921875,7.784249782562256,593.627380160051,596.055419921875,-0.40735134362880343
2025-12-16,76.09202575683594,589.6302490234375,7.7820000648498535,592.148149374254,589.6302490234375,0.4270303898056049
2025-12-17,75.6373291015625,598.0323486328125,7.779900074005127,588.4508622747962,598.0323486328125,-1.6021685749810888
2025-12-18,76.70487213134766,598.0323486328125,7.779240131378174,596.705619556411,598.0323486328125,-0.22184904870692357
2025-12-19,77.90090942382812,606.9287109375,7.781000137329102,606.1469869248685,606.9287109375,-0.12879997247517982
2025-12-22,78.01953125,607.4229736328125,7.781109809875488,607.0785399712622,607.4229736328125,-0.05670408866663701
2025-12-23,76.69498443603516,595.06689453125,7.78000020980835,596.6869950036016,595.06689453125,0.2722551846255472
2025-12-24,76.52694702148438,595.5611572265625,7.776899814605713,595.142400103723,595.5611572265625,-0.0703130346494607
2025-12-26,77.17933654785156,595.5611572265625,7.776100158691406,600.154251177446,595.5611572265625,0.7712212079566738
2025-12-29,76.06236267089844,589.6302490234375,7.770880222320557,591.0715097422581,589.6302490234375,0.2444346641319095
2025-12-30,76.16121673583984,593.0899658203125,7.773029804229736,592.0034076140837,593.0899658203125,-0.18320293190695613
2025-12-31,75.66698455810547,592.1014404296875,7.780660152435303,588.7390916061886,592.1014404296875,-0.5678670230997662
2026-01-02,79.62084197998047,615.8250732421875,7.785339832305908,619.8753125484764,615.8250732421875,0.6576931473356806
2026-01-05,80.13484191894531,617.3078002929688,7.790559768676758,624.2952755230071,617.3078002929688,1.1319272535876168
2026-01-06,80.0656509399414,625.2156372070312,7.785600185394287,623.3591468017221,625.2156372070312,-0.2969360161243717
2026-01-07,78.67191314697266,617.3078002929688,7.786900043487549,612.61032390541,617.3078002929688,-0.7609617739042562
2026-01-08,78.03929901123047,608.9057006835938,7.785999774932861,607.6139645373587,608.9057006835938,-0.21214059004290853
2026-01-09,78.0294189453125,603.9632568359375,7.791999816894531,608.0052181342617,603.9632568359375,0.6692396023392666
2026-01-12,81.44950103759766,615.8250732421875,7.794149875640869,634.8296183832026,615.8250732421875,3.0860297780602286
2026-01-13,79.17603302001953,620.2732543945312,7.79640007019043,617.28802939468,620.2732543945312,-0.48127578913025326
2026-01-14,80.19415283203125,625.7098999023438,7.800779819488525,625.576929053088,625.7098999023438,-0.02125119792359964
2026-01-15,79.25511169433594,614.8366088867188,7.797699928283691,618.0075787750393,614.8366088867188,0.5157418804423886
2026-01-16,77.6933364868164,610.388427734375,7.797399997711182,605.8060217444763,610.388427734375,-0.7507360529274032
2026-01-19,77.6933364868164,602.9747924804688,7.797239780426025,605.7935739290297,602.9747924804688,0.46747915231502013
2026-01-20,75.18263244628906,594.0784301757812,7.7967000007629395,586.1764304513417,594.0784301757812,-1.3301273574436001
2026-01-21,76.052490234375,595.5611572265625,7.799200057983398,593.1485862457193,595.5611572265625,-0.40509206343780635
2026-01-22,75.42974853515625,590.6187133789062,7.797100067138672,588.1332973677199,590.6187133789062,-0.4208156556651188
2026-01-23,75.83502197265625,588.1475219726562,7.7967400550842285,591.2659533924016,588.1475219726562,0.5302124557604371
2026-01-26,76.15132904052734,592.595703125,7.79472017288208,593.5783006639795,592.595703125,0.16581246434927976
2026-01-27,77.17933654785156,600.0093383789062,7.7971601486206055,601.779647227886,600.0093383789062,0.29504688273065405
2026-01-28,77.73287200927734,613.8480834960938,7.80010986328125,606.3249416607432,613.8480834960938,-1.2255706318252901
2026-01-29,78.42479705810547,614.8366088867188,7.801799774169922,611.8545639772492,614.8366088867188,-0.48501420806238427
2026-01-30,75.50882720947266,599.0208740234375,7.805530071258545,589.3864214290043,599.0208740234375,-1.6083667551886172
2026-02-02,75.39021301269531,591.6072387695312,7.80974006652832,588.7779671893513,591.6072387695312,-0.4782347805724063
2026-02-03,72.8795166015625,574.3087768554688,7.810090065002441,569.1955885520438,574.3087768554688,-0.8903204181244462
2026-02-04,69.86469268798828,551.5736694335938,7.813399791717529,545.8807752967368,551.5736694335938,-1.0321185459601256
2026-02-05,69.05415344238281,552.06787109375,7.81220006942749,539.4648623168396,552.06787109375,-2.282873073548275
2026-02-06,70.66535186767578,541.194580078125,7.813700199127197,552.1578739598517,541.194580078125,2.0257582550335496
2026-02-09,70.9717788696289,553.5505981445312,7.812469959259033,554.4648903741509,553.5505981445312,0.16516868244460525
2026-02-10,69.86469268798828,544.654296875,7.814640045166016,545.9674252227705,544.654296875,0.24109391136812874
2026-02-11,68.69830322265625,541.6888427734375,7.817800045013428,537.0695980264281,541.6888427734375,-0.8527487336380979
2026-02-12,66.59288024902344,529.332763671875,7.815999984741211,520.4899510102405,529.332763671875,-1.6705583460002948
2026-02-13,67.49237823486328,525.8731079101562,7.816500186920166,527.5541870884954,525.8731079101562,0.3196739200108212
2026-02-16,67.49237823486328,528.3442993164062,7.815899848937988,527.5136688503335,528.3442993164062,-0.15721385981593006
2026-02-17,67.09699249267578,528.3442993164062,7.815899848937988,524.423373487698,528.3442993164062,-0.7421156684724983
2026-02-18,67.54180145263672,528.3442993164062,7.815499782562256,527.8729345669453,528.3442993164062,-0.08921545099866979
2026-02-19,67.34410858154297,528.3442993164062,7.815700054168701,526.3413530887083,528.3442993164062,-0.3790986730223933
2026-02-20,67.2650375366211,515.98828125,7.814899921417236,525.6695365590676,515.98828125,1.8762548803655799
2026-02-23,67.19583892822266,531.8040161132812,7.813469886779785,525.0326639825726,531.8040161132812,-1.2732796153360204
2026-02-24,66.19749450683594,514.0112915039062,7.818900108337402,517.5915969711641,514.0112915039062,0.6965421823288187
2026-02-25,66.09864807128906,516.4824829101562,7.822519779205322,517.0579819163904,516.4824829101562,0.11142662631875577
2026-02-26,64.84329223632812,506.1034240722656,7.8196001052856445,507.0486147982592,506.1034240722656,0.1867584136041378
2026-02-27,64.942138671875,512.0343017578125,7.823279857635498,508.060525383451,512.0343017578125,-0.7760762044104252
2026-03-02,64.79386901855469,508.08038330078125,7.8225998878479,506.85651251777745,508.08038330078125,-0.2408813296535528
2026-03-03,63.676902770996094,504.6206970214844,7.82105016708374,498.0202510564741,504.6206970214844,-1.3080014363202497
2026-03-04,64.37871551513672,500.1725158691406,7.8047099113464355,502.4571990607401,500.1725158691406,0.4567790350554102
2026-03-05,63.370479583740234,496.2185974121094,7.817200183868408,495.37972465384337,496.2185974121094,-0.16905306706377354
2026-03-06,64.68514251708984,513.0228271484375,7.819210052490234,505.78671661639237,513.0228271484375,-1.4104850991262907
2026-03-09,66.22714233398438,510.0573425292969,7.816470146179199,517.6624809203495,510.0573425292969,1.4910359594746403
2026-03-10,73.10685729980469,547.12548828125,7.820509910583496,571.732902044736,547.12548828125,4.497581321021649
2026-03-11,70.33916473388672,545.6427612304688,7.823800086975098,550.3195631627386,545.6427612304688,0.8571179285368435
2026-03-12,68.37210845947266,540.2061157226562,7.825399875640869,535.0390890360613,540.2061157226562,-0.9564917049639021
2026-03-13,69.13323211669922,541.194580078125,7.827300071716309,541.12655270502,541.194580078125,-0.012569854837640726
2026-03-16,71.04096984863281,552.06787109375,7.827079772949219,556.0433381529292,552.06787109375,0.7201047674270766
2026-03-17,68.40176391601562,543.665771484375,7.829840183258057,535.5748797153501,543.665771484375,-1.488210623768771
2026-03-18,65.23867797851562,544.1600341796875,7.83650016784668,511.2429109287332,544.1600341796875,-6.049162228640393
2026-03-19,64.0821762084961,507.0919189453125,7.836100101470947,502.15434748987536,507.0919189453125,-0.9737034393501376
2026-03-20,62.76751708984375,502.1495056152344,7.833600044250488,491.6956246524933,502.1495056152344,-2.081826397485542
2026-03-23,63.81528854370117,492.6600341796875,7.833640098571777,499.90600323786566,492.6600341796875,1.4707848324338357
2026-03-24,64.33917236328125,508.08038330078125,7.834799766540527,504.0845326112467,508.08038330078125,-0.7864603359758249
2026-03-25,63.61759567260742,499.67828369140625,7.827610015869141,497.97372907241515,499.67828369140625,-0.3411304182360242
2026-03-26,62.01628494262695,489.8923034667969,7.818059921264648,484.8470317756801,489.8923034667969,-1.0298736386371354
2026-03-27,61.46274185180664,487.7176208496094,7.825699806213379,480.98896699902616,487.7176208496094,-1.3796208221597217
2026-03-30,60.32600784301758,476.05352783203125,7.83213996887207,472.48173718978796,476.05352783203125,-0.7502918124584368
2026-03-31,62.49074935913086,478.4259033203125,7.835700035095215,489.65876694646795,478.4259033203125,2.347879483154758
2026-04-01,62.76751708984375,490.88079833984375,7.838399887084961,491.9968988696346,490.88079833984375,0.22736691546410004
2026-04-02,61.55170440673828,483.5660095214844,7.837100028991699,482.3868643905371,483.5660095214844,-0.24384367547134467
2026-04-03,61.55170440673828,483.5660095214844,7.836900234222412,482.3745666819559,483.5660095214844,-0.24638680471099628
2026-04-06,61.680206298828125,483.5660095214844,7.837200164794922,483.40012296976056,483.5660095214844,-0.03430484121247357
2026-04-07,61.779052734375,483.5660095214844,7.836730003356934,484.14575614244677,483.5660095214844,0.11988986189002127
2026-04-08,64.01298522949219,502.1495056152344,7.8337202072143555,501.459815916387,502.1495056152344,-0.1373474814044373
2026-04-09,64.12171936035156,502.64373779296875,7.832250118255615,502.2173440428669,502.64373779296875,-0.08483021234365618
2026-04-10,63.24197769165039,498.6897888183594,7.833199977874756,495.38705825499164,498.6897888183594,-0.6622815701106566
2026-04-13,62.87624740600586,484.3567810058594,7.8322601318359375,492.4631257975125,484.3567810058594,1.6736309079473877
2026-04-14,62.9948616027832,487.51995849609375,7.829800128936768,493.23717549982575,487.51995849609375,1.1727144507823972
2026-04-15,63.50886535644531,493.2531433105469,7.833580017089844,497.50177856429946,493.2531433105469,0.8613498588650126
2026-04-16,65.13983154296875,511.04583740234375,7.832429885864258,510.2031633373117,511.04583740234375,-0.16489207099609215
2026-04-17,65.93060302734375,504.6206970214844,7.822559833526611,515.7460870418872,504.6206970214844,2.204703470561209
2026-04-20,66.0393295288086,516.4824829101562,7.831180095672607,517.1658829375701,516.4824829101562,0.13231814243983564
2026-04-21,64.34906005859375,513.0228271484375,7.829929828643799,503.8486247979745,513.0228271484375,-1.7882639650669163
2026-04-22,63.7065544128418,498.195556640625,7.830349922180176,498.8446133889629,498.195556640625,0.1302815209181185
2026-04-23,61.49239730834961,489.4969177246094,7.8319501876831055,481.6053926402128,489.4969177246094,-1.61217053645194
2026-04-24,61.858131408691406,487.7176208496094,7.832339763641357,484.4939023368461,487.7176208496094,-0.6609805295013871
2026-04-27,60.32600784301758,473.0881042480469,7.83489990234375,472.6482329580467,473.0881042480469,-0.0929787255376735
2026-04-28,59.8416633605957,468.3433532714844,7.836699962615967,468.9611610208576,468.3433532714844,0.13191342314515797
2026-04-29,59.57477569580078,473.6811828613281,7.835599899291992,466.8041064423596,473.6811828613281,-1.4518365237619735
2026-04-30,60.316123962402344,462.4124450683594,7.836900234222412,472.69144600833897,462.4124450683594,2.2229075038108004
2026-05-01,60.494049072265625,462.4124450683594,7.832670211791992,473.82993615901796,462.4124450683594,2.4691141452671594
2026-05-04,59.72304153442383,467.5525817871094,7.83489990234375,467.924052285729,467.5525817871094,0.07944999409472686
2026-05-05,59.64396667480469,466.7618103027344,7.833049774169922,467.1941596926772,466.7618103027344,0.09262741304014721
2026-05-06,60.09865951538086,457.6677551269531,7.8356499671936035,470.9120594600736,457.6677551269531,2.893868791225329
2026-05-07,59.920738220214844,471.9018859863281,7.834080219268799,469.423870014969,471.9018859863281,-0.5251125382090382
2026-05-08,59.129966735839844,465.97100830078125,7.833779811859131,463.2111396911241,465.97100830078125,-0.5922833310426978
2026-05-11,58.793888092041016,459.0516052246094,7.828690052032471,460.27912682647184,459.0516052246094,0.26740383605932116
2026-05-12,57.627498626708984,451.9345397949219,7.828199863433838,451.11957687963695,451.9345397949219,-0.1803276456043279
2026-05-13,60.395198822021484,457.2723693847656,7.828179836273193,472.7844776262591,457.2723693847656,3.3923126084272504
2026-05-14,58.210693359375,454.8999938964844,7.82919979095459,455.7431482805405,454.8999938964844,0.1853493944534934
2026-05-15,58.01300048828125,456.3999938964844,7.8322601318359375,454.372910852544,456.3999938964844,-0.4441461593008067
2026-05-18,57.43000030517578,449.20001220703125,7.830140113830566,449.68494912685856,449.20001220703125,0.1079556782388913
2026-05-19,58.61000061035156,460.0,7.830289840698242,458.9332923425536,460.0,-0.2318929690100835
2026-05-20,58.650001525878906,455.20001220703125,7.832699775695801,459.3878537963101,455.20001220703125,0.9200003244670629
2026-05-21,56.81999969482422,439.0,7.831399917602539,444.9801409282227,439.0,1.3622188902557397
2026-05-22,56.06999969482422,441.3999938964844,7.83390998840332,439.24733065905457,441.3999938964844,-0.48768991100952563
2026-05-25,56.06999969482422,441.3999938964844,7.834670066833496,439.28994825640257,441.3999938964844,-0.47803481405952475
2026-05-26,56.13999938964844,439.0,7.834270000457764,439.8159130440399,439.0,0.18585718543051577
2026-05-27,55.56999969482422,434.3999938964844,7.83581018447876,435.4359695601852,434.3999938964844,0.23848427215855672
2026-05-28,54.619998931884766,425.0,7.833680152893066,427.8756015837462,425.0,0.6766121373520395
2026-05-29,54.599998474121094,427.20001220703125,7.8333001136779785,427.6981742541502,427.20001220703125,0.11661096275379368
2026-06-01,55.29999923706055,436.0,7.83581018447876,433.3202972234267,436.0,-0.6146107285718627
2026-06-02,60.33000183105469,481.6000061035156,7.836999893188477,472.8062179060362,481.6000061035156,-1.8259526756711275
2026-06-03,58.130001068115234,466.3999938964844,7.836900234222412,455.55901898606135,466.3999938964844,-2.324394307953004
2026-06-04,58.18000030517578,459.0,7.835740089416504,455.8833607935303,459.0,-0.6790063630652932
2026-06-05,56.95000076293945,453.20001220703125,7.8343000411987305,446.1633933233643,453.20001220703125,-1.552651962518592
2026-06-08,56.650001525878906,446.3999938964844,7.834129810333252,443.80346570931215,446.3999938964844,-0.58165954809003
2026-06-09,57.630001068115234,453.20001220703125,7.836120128631592,451.5956113829179,453.20001220703125,-0.3540160593332953
2026-06-10,59.18000030517578,465.6000061035156,7.837299823760986,463.81140596192927,465.6000061035156,-0.38414950990973695
2026-06-11,59.18000030517578,457.20001220703125,7.835549831390381,463.7078414129028,457.20001220703125,1.4234096745659341
2026-06-12,59.060001373291016,463.6000061035156,7.8356099128723145,462.7711322148116,463.6000061035156,-0.17879074154260044
2026-06-15,58.79999923706055,459.6000061035156,7.834630012512207,460.67623875836944,459.6000061035156,0.23416724120133292
2026-06-16,57.220001220703125,447.3999938964844,7.834499835968018,448.2900901776884,447.3999938964844,0.19894865743113055
2026-06-17,55.72999954223633,445.3999938964844,7.832590103149414,436.51024286304164,445.3999938964844,-1.995902818873596
2026-06-18,56.099998474121094,440.20001220703125,7.834959983825684,439.5412431374207,440.20001220703125,-0.14965221520728544
2026-06-19,56.099998474121094,440.20001220703125,7.836810111999512,439.64503532514937,440.20001220703125,-0.12607379974830524
2026-06-22,55.310001373291016,433.0,7.836450099945068,433.43406578968825,433.0,0.10024614080559324
2026-06-23,53.619998931884766,414.79998779296875,7.839300155639648,420.343265972122,414.79998779296875,1.3363737565778244
2026-06-24,55.0,428.79998779296875,7.840400218963623,431.22201204299927,428.79998779296875,0.5648377609562605
2026-06-25,53.40999984741211,421.3999938964844,7.8389201164245605,418.6767222221115,421.3999938964844,-0.6462438808297333
2026-06-26,53.31999969482422,411.79998779296875,7.839550018310547,418.00480458387756,411.79998779296875,1.5067549720346962
2026-06-29,53.63999938964844,420.20001220703125,7.84181022644043,420.6346957600035,420.20001220703125,0.10344682064362676
2026-06-30,55.220001220703125,429.79998779296875,7.8403000831604,432.9413801627961,429.79998779296875,0.7308963376100763
2026-07-01,56.20000076293945,429.79998779296875,7.842450141906738,440.7457039584733,429.79998779296875,2.54669997123802
2026-07-02,55.349998474121094,430.20001220703125,7.843800067901611,434.1543217896651,430.20001220703125,0.9191793283192418
2026-07-03,55.349998474121094,431.20001220703125,7.842810153961182,434.0995300545728,431.20001220703125,0.6724299085013596
2026-07-06,57.72999954223633,452.0,7.842820167541504,452.76600468201286,452.0,0.16947006239222961
2026-07-07,58.900001525878906,461.20001220703125,7.842299938201904,461.9114783264922,461.20001220703125,0.15426411548784547
2026-07-08,60.93000030517578,478.79998779296875,7.841599941253662,477.788686813652,478.79998779296875,-0.21121574876773463
2026-07-09,59.75,469.6000061035156,7.838799953460693,468.3682972192764,469.6000061035156,-0.2622889412756235
2026-07-10,59.310001373291016,460.20001220703125,7.8358001708984375,464.7413188968203,460.20001220703125,0.986811510067076
2026-07-13,58.0099983215332,457.6000061035156,7.8394598960876465,454.76705541377123,457.6000061035156,-0.6190888662496064
2026-07-14,58.34000015258789,456.20001220703125,7.837500095367432,457.23975675964357,456.20001220703125,0.22791418781034078
2026-07-15,61.25,474.0,7.837490081787109,480.04626750946045,474.0,1.2755838627553695
2026-07-16,61.27000045776367,484.0,7.838260173797607,480.25020443665017,484.0,-0.7747511494524462
2026-07-17,59.060001373291016,461.6000061035156,7.8404998779296875,463.0599335578154,461.6000061035156,0.31627544085699455
2026-07-20,61.279998779296875,477.79998779296875,7.839719772338867,480.41801807895536,477.79998779296875,0.5479343559801508
2026-07-21,59.119998931884766,474.0,7.8406500816345215,463.5392244515151,474.0,-2.2069146726761413
2026-07-22,55.540000915527344,440.6000061035156,7.841370105743408,435.50970285197764,440.6000061035156,-1.15531166160312
2026-07-23,55.36000061035156,445.20001220703125,7.839900016784668,434.01686971429444,445.20001220703125,-2.511936699484252
2026-07-24,55.58000183105469,434.6000061035156,7.841100215911865,435.8083643578648,434.6000061035156,0.2780391710490049
2026-07-26,55.58,434.6,7.8414,435.825012,434.6,0.28187114588127393
