,dr_close,local_close,fx_close,dr_equiv,local_equiv,premium_pct
2021-07-26,106.60608673095703,529.6852416992188,28.018299102783203,2986.9212242052017,2648.4262084960938,12.780987237749851
2021-07-27,104.66108703613281,529.6852416992188,28.047199249267578,2935.450361747353,2648.4262084960938,10.837536357648613
2021-07-28,106.0714340209961,528.7720947265625,28.02389907836914,2972.5351621022855,2643.8604736328125,12.431620039988545
2021-07-29,107.06697845458984,532.425048828125,27.89900016784668,2987.061649875439,2662.125244140625,12.205902274883695
2021-07-30,107.51866912841797,529.6852416992188,27.844999313354492,2993.857268053587,2648.4262084960938,13.042880275438984
2021-08-02,107.72146606445312,538.8177490234375,27.924100875854492,3008.0250848787255,2694.0887451171875,11.652783908121878
2021-08-03,109.1502456665039,542.4707641601562,27.920900344848633,3047.573131870202,2712.3538208007812,12.358981652712696
2021-08-04,109.45442962646484,544.29736328125,27.850299835205078,3048.3386833883997,2721.48681640625,12.010047780196874
2021-08-05,109.89691162109375,544.29736328125,27.71470069885254,3045.7600133068627,2721.48681640625,11.91529552690682
2021-08-06,108.96587371826172,539.73095703125,27.72640037536621,3021.231441964119,2698.65478515625,11.953239020499318
2021-08-09,108.97509765625,543.384033203125,27.82229995727539,3031.937854865566,2716.920166015625,11.594661219358372
2021-08-10,107.26055908203125,539.73095703125,27.785600662231445,2980.2990614610026,2698.65478515625,10.43646923103747
2021-08-11,106.91948699951172,538.8177490234375,27.826200485229492,2975.1630810263014,2694.0887451171875,10.433002120607116
2021-08-12,106.65216827392578,535.1647338867188,27.791500091552734,2964.023744349106,2675.8236694335938,10.770518185023636
2021-08-13,106.46781158447266,530.5985717773438,27.796499252319336,2959.43244510387,2652.9928588867188,11.550712818192178
2021-08-16,105.66584777832031,533.3382568359375,27.808000564575195,2938.355954675848,2666.6912841796875,10.187331098572528
2021-08-17,102.42111206054688,533.3382568359375,27.78969955444336,2846.251932194573,2666.6912841796875,6.733462140148738
2021-08-18,101.8127212524414,524.2056884765625,27.89940071105957,2840.5139077052736,2621.0284423828125,8.37402073832223
2021-08-19,101.87724304199219,510.50701904296875,27.842199325561523,2836.4865075138223,2552.5350952148438,11.124290233317202
2021-08-20,99.6649398803711,504.1142578125,28.01799964904785,2792.4122505906125,2520.5712890625,10.78489478586504
2021-08-23,102.28282928466797,516.8997802734375,27.97100067138672,2860.953086592781,2584.4989013671875,10.696626145956213
2021-08-24,103.3429183959961,522.3792724609375,27.901199340820312,2883.3913666288136,2611.8963623046875,10.394555015366835
2021-08-25,107.87815856933594,534.2515258789062,27.89310073852539,3009.0563444611034,2671.2576293945312,12.645680871415532
2021-08-26,108.8644790649414,542.4707641601562,27.884899139404297,3035.6750185896817,2712.3538208007812,11.920317891765485
2021-08-27,109.22398376464844,547.0369262695312,27.91659927368164,3049.1621858328,2735.1846313476562,11.47920878490909
2021-08-30,109.68489837646484,552.5167236328125,27.87299919128418,3057.247083743292,2762.5836181640625,10.666227933945937
2021-08-31,109.70333099365234,560.73583984375,27.72920036315918,3041.9856456289563,2803.67919921875,8.499775811605371
2021-09-01,111.03993225097656,559.82275390625,27.568700790405273,3061.2266680140456,2799.11376953125,9.364138797641285
2021-09-02,111.34413146972656,554.3430786132812,27.671600341796875,3081.0703064347617,2771.7153930664062,11.161135596469363
2021-09-03,114.27545166015625,566.21533203125,27.62660026550293,3157.04222317494,2831.07666015625,11.513837389366198
2021-09-06,114.27545166015625,576.2611083984375,27.60700035095215,3154.802434087149,2881.3055419921875,9.492116962571796
2021-09-07,114.9483642578125,568.9551391601562,27.533100128173828,3164.8848226801492,2844.7756958007812,11.252526072684255
2021-09-08,112.35812377929688,565.3020629882812,27.59119987487793,3100.095450760855,2826.5103149414062,9.67925481726466
2021-09-09,113.0863265991211,565.3020629882812,27.670700073242188,3129.17782570899,2826.5103149414062,10.708169334024099
2021-09-10,113.35363006591797,568.0419311523438,27.629600524902344,3131.915516768873,2840.2096557617188,10.27057493503667
2021-09-13,113.95281982421875,561.649169921875,27.65049934387207,3150.852369781933,2808.245849609375,12.200018749078323
2021-09-14,113.46426391601562,559.82275390625,27.639400482177734,3136.084230790264,2799.11376953125,12.03846963731825
2021-09-15,111.99860382080078,554.3430786132812,27.63559913635254,3095.1485190228123,2771.7153930664062,11.669059773073798
2021-09-16,111.80146026611328,550.4440307617188,27.612699508666992,3087.1401269583585,2752.2201538085938,12.169083664556911
2021-09-17,108.98767852783203,550.4440307617188,27.69300079345703,3018.1958679482923,2752.2201538085938,9.664042092404369
2021-09-20,106.16464233398438,550.4440307617188,27.781999588012695,2949.466049584269,2752.2201538085938,7.166792071583417
2021-09-21,106.40528106689453,550.4440307617188,27.766000747680664,2954.4491136605648,2752.2201538085938,7.347848229805365
2021-09-22,107.24759674072266,537.600341796875,27.718599319458008,2972.753162030902,2688.001708984375,10.593425297862492
2021-09-23,107.54376220703125,539.4352416992188,27.703899383544922,2979.3815675114747,2697.1762084960938,10.462993041627588
2021-09-24,107.03469848632812,548.6091918945312,27.684999465942383,2963.255570431298,2743.0459594726562,8.027922762219287
2021-09-27,107.5067367553711,552.279052734375,27.726999282836914,2980.839212916311,2761.395263671875,7.946850352478618
2021-09-28,103.572998046875,544.939697265625,27.654199600219727,2864.228361181449,2724.698486328125,5.120928996490837
2021-09-29,103.3138427734375,532.0958862304688,27.738100051879883,2865.729707593797,2660.4794311523438,7.714785314184969
2021-09-30,103.34162139892578,532.0958862304688,27.812400817871094,2874.1785955156083,2660.4794311523438,8.032355441692118
2021-10-01,103.25830841064453,526.5914306640625,27.836599349975586,2874.360160783326,2632.9571533203125,9.168512566130849
2021-10-04,100.90730285644531,524.7567138671875,27.753999710083008,2800.5812542230415,2623.7835693359375,6.738272430444803
2021-10-05,101.12945556640625,524.7567138671875,27.882299423217773,2819.7217606095364,2623.7835693359375,7.467772630468517
2021-10-06,101.20349884033203,523.8392944335938,27.871000289916992,2820.642745519508,2619.1964721679688,7.691147857449487
2021-10-07,102.5826187133789,532.0958862304688,27.951000213623047,2867.2867975716654,2660.4794311523438,7.773311982710807
2021-10-08,101.8514404296875,527.5089111328125,27.9685001373291,2848.6320256448817,2637.5445556640625,8.003181198494413
2021-10-11,102.0550537109375,527.5089111328125,28.049999237060547,2862.64417872997,2637.5445556640625,8.534438691566804
2021-10-12,101.07391357421875,527.5089111328125,28.042999267578125,2834.415684333071,2637.5445556640625,7.464182102487427
2021-10-13,101.7958755493164,523.8392944335938,28.128700256347656,2863.3856706591905,2619.1964721679688,9.323057704376826
2021-10-14,104.18388366699219,525.674072265625,27.999500274658203,2917.096679348906,2628.370361328125,10.984993677789245
2021-10-15,106.312744140625,550.4440307617188,27.98889923095703,2975.5766827184707,2752.2201538085938,8.115503717999829
2021-10-18,106.75701904296875,541.27001953125,28.0,2989.196533203125,2706.35009765625,10.45121382454639
2021-10-19,108.2564697265625,550.4440307617188,27.949199676513672,3025.6816886621527,2752.2201538085938,9.93603416772948
2021-10-20,106.98841094970703,548.6091918945312,27.8262996673584,2977.0915840210364,2743.0459594726562,8.532326034864358
2021-10-21,107.6363296508789,546.7744140625,27.805999755859375,2992.935755993938,2733.8720703125,9.47607199673486
2021-10-22,105.7296142578125,550.4440307617188,27.818500518798828,2941.239329083357,2752.2201538085938,6.86787991916975
2021-10-25,105.18351745605469,544.0223388671875,27.836999893188477,2927.9935641893826,2720.1116943359375,7.642401975121671
2021-10-26,105.68334197998047,549.526611328125,27.80620002746582,2938.6521466664126,2747.633056640625,6.952132475045114
2021-10-27,105.28533935546875,549.526611328125,27.796300888061523,2926.542971826275,2747.633056640625,6.5114195199118985
2021-10-28,107.37714385986328,545.857177734375,27.762500762939453,2981.0580383317138,2729.285888671875,9.22483609008642
2021-10-29,105.23906707763672,541.27001953125,27.72330093383789,2917.5743265896745,2706.35009765625,7.804763659969516
2021-11-01,105.6278076171875,541.27001953125,27.816699981689453,2938.2170342109166,2706.35009765625,8.567514482160599
2021-11-02,105.6185531616211,543.104736328125,27.80109977722168,2936.3119347720203,2715.523681640625,8.130595753007853
2021-11-03,105.5260009765625,543.104736328125,27.85849952697754,2939.7960482893977,2715.523681640625,8.258899311578638
2021-11-04,109.02471923828125,538.5177001953125,27.789499282836914,3029.7423570837127,2692.5885009765625,12.521551510186924
2021-11-05,109.0339584350586,550.4440307617188,27.874099731445312,3039.223431533086,2752.2201538085938,10.428063951473131
2021-11-08,111.91253662109375,552.279052734375,27.83009910583496,3114.5369853504235,2761.395263671875,12.788524928842303
2021-11-09,112.7177734375,560.5355834960938,27.80120086669922,3133.689460583031,2802.6779174804688,11.810545230260816
2021-11-10,109.40419006347656,561.4530639648438,27.731300354003906,3033.9204546367982,2807.2653198242188,8.073876495107047
2021-11-11,109.39494323730469,555.9486083984375,27.759000778198242,3036.6943144552934,2779.7430419921875,9.243705931860301
2021-11-12,109.85772705078125,554.11376953125,27.801700592041016,3054.2316351879854,2770.56884765625,10.23843127997699
2021-11-15,109.33014678955078,557.7833251953125,27.781299591064453,3037.3335622955638,2788.9166259765625,8.907291598651357
2021-11-16,109.29312133789062,559.6181640625,27.752500534057617,3033.1574082986335,2798.0908203125,8.400963481231116
2021-11-17,110.20018768310547,559.6181640625,27.80069923400879,3063.642273309335,2798.0908203125,9.490451527487487
2021-11-18,114.20797729492188,562.3704833984375,27.740699768066406,3168.2092092565726,2811.8524169921875,12.673381793116189
2021-11-19,115.01324462890625,566.9573974609375,27.806400299072266,3198.1043198464904,2834.7869873046875,12.816389173820951
2021-11-22,115.4667739868164,564.205322265625,27.792999267578125,3209.1679648451973,2821.026611328125,13.75886891525413
2021-11-23,112.32904052734375,561.4530639648438,27.769500732421875,3119.3213731963187,2807.2653198242188,11.116015688593329
2021-11-24,111.72740173339844,553.1964111328125,27.751399993896484,3100.5918157823035,2765.9820556640625,12.097322158437041
2021-11-25,111.72740173339844,553.1964111328125,27.7677001953125,3102.412994934246,2765.9820556640625,12.16316420351513
2021-11-26,108.37678527832031,546.7744140625,27.764699935913086,3009.0489232714463,2733.8720703125,10.065461948535571
2021-11-29,110.40383911132812,544.0223388671875,27.853900909423828,3075.1775946269045,2720.1116943359375,13.053357368755014
2021-11-30,108.43231201171875,546.7744140625,27.7455997467041,3008.519528686884,2733.8720703125,10.046097670656184
2021-12-01,111.65335083007812,550.4440307617188,27.578699111938477,3079.2541673824308,2752.2201538085938,11.882552822719461
2021-12-02,112.64373779296875,564.205322265625,27.60449981689453,3109.4740392803214,2821.026611328125,10.224909853523044
2021-12-03,110.45010375976562,557.7833251953125,27.678699493408203,3057.1152309823083,2788.9166259765625,9.616587405578446
2021-12-06,110.27424621582031,550.4440307617188,27.65719985961914,3049.876866959792,2752.2201538085938,10.815149098421251
2021-12-07,113.21762084960938,556.8659057617188,27.65920066833496,3131.50889427081,2784.3295288085938,12.469047283019453
2021-12-08,112.73629760742188,552.279052734375,27.742599487304688,3127.597952204291,2761.395263671875,13.261509257659476
2021-12-09,110.6074447631836,557.7833251953125,27.630699157714844,3056.161030855088,2788.9166259765625,9.582373398665078
2021-12-10,110.26498413085938,555.03125,27.68560028076172,3052.752275611507,2775.15625,10.002897156205414
2021-12-13,107.75665283203125,551.3616333007812,27.63599967956543,2977.962823137059,2756.8081665039062,8.022127158510761
2021-12-14,107.6363296508789,549.526611328125,27.745899200439453,2986.4667527985584,2747.633056640625,8.692343236325083
2021-12-15,111.44046783447266,550.4440307617188,27.78420066833496,3096.284320886116,2752.2201538085938,12.501331574125608
2021-12-16,108.34182739257812,557.5868530273438,27.739700317382812,3005.3698237077333,2787.9342651367188,7.799163749664362
2021-12-17,108.10945892333984,559.4300537109375,27.757699966430664,3000.8699243272276,2797.1502685546875,7.283114463414364
2021-12-20,106.82685089111328,551.1353759765625,27.827199935913086,2972.6921382709843,2755.6768798828125,7.875206994420925
2021-12-21,109.150390625,550.2137451171875,27.815399169921875,3036.0616847872734,2751.0687255859375,10.359354404737253
2021-12-22,112.73794555664062,552.978515625,27.730199813842773,3126.2457568877726,2764.892578125,13.069338809821772
2021-12-23,112.16169738769531,558.5084838867188,27.711000442504883,3108.1128459425236,2792.5424194335938,11.300470292334408
2021-12-24,112.16169738769531,556.6651611328125,27.62470054626465,3098.433303095837,2783.3258056640625,11.321258071567875
2021-12-27,114.03913879394531,558.5084838867188,27.67930030822754,3156.5235695692536,2792.5424194335938,13.034041939799268
2021-12-28,113.44429779052734,566.8030395507812,27.683700561523438,3140.557970445254,2834.0151977539062,10.816553592736478
2021-12-29,112.84017944335938,567.7247924804688,27.53499984741211,3107.0543237548554,2838.6239624023438,9.456355082880986
2021-12-30,111.92005920410156,566.8030395507812,27.617399215698242,3090.9409552842553,2834.0151977539062,9.065786158591349
2021-12-31,111.81782531738281,566.8030395507812,27.658700942993164,3092.735790549341,2834.0151977539062,9.129118044267482
2022-01-03,119.70854949951172,581.5491333007812,27.70210075378418,3316.1782993248344,2907.7456665039062,14.046367174609276
2022-01-04,123.98383331298828,604.5899047851562,27.62470054626465,3425.0162678492925,3022.9495239257812,13.300478249513192
2022-01-05,118.09136962890625,599.0601806640625,27.515499114990234,3249.3429765121546,2995.3009033203125,8.481354007212927
2022-01-06,119.40184783935547,593.5303955078125,27.596399307250977,3295.0610709984758,2967.6519775390625,11.032597350950791
2022-01-07,114.78264617919922,584.3140869140625,27.6200008392334,3170.2967837989127,2921.5704345703125,8.51344695597529
2022-01-10,116.18606567382812,592.6087036132812,27.658000946044922,3213.4743143239757,2963.0435180664062,8.451809591409344
2022-01-11,120.05242156982422,599.98193359375,27.598899841308594,3313.314758612134,2999.90966796875,10.447150925567428
2022-01-12,122.89641571044922,608.2764892578125,27.62700080871582,3395.259376220856,3041.3824462890625,11.635397263621883
2022-01-13,129.3651580810547,609.1981201171875,27.598600387573242,3570.2973019542696,3045.9906005859375,17.21301113888778
2022-01-14,130.7313995361328,619.3360595703125,27.56599998474121,3603.7417576182343,3096.6802978515625,16.374356116724886
2022-01-17,130.7313995361328,629.47412109375,27.538000106811523,3600.0812943896453,3147.37060546875,14.383774447606612
2022-01-18,124.38351440429688,610.1197509765625,27.4237003326416,3411.0562253442477,3050.5987548828125,11.815958092964006
2022-01-19,121.76252746582031,602.7467041015625,27.516199111938477,3350.4419501223892,3013.7335205078125,11.172468545189806
2022-01-20,119.27172088623047,599.98193359375,27.54759979248047,3285.649633534311,2999.90966796875,9.52495232161561
2022-01-21,115.73995208740234,590.7653198242188,27.615699768066406,3196.239768016094,2953.8265991210938,8.206750151384302
2022-01-24,117.06900787353516,601.8250732421875,27.691200256347656,3241.7813408380025,3009.1253662109375,7.731681014009162
2022-01-25,113.83464813232422,590.7653198242188,27.66390037536621,3149.1103651974845,2953.8265991210938,6.611212930863886
2022-01-26,114.3923110961914,586.1572875976562,27.697999954223633,3168.438227505845,2930.7864379882812,8.10880610191067
2022-01-27,108.16522979736328,586.1572875976562,27.664499282836914,2992.3369221570465,2930.7864379882812,2.10013542341263
2022-01-28,109.30841064453125,586.1572875976562,27.756500244140625,3034.0189267415553,2930.7864379882812,3.5223477021455674
2022-01-31,113.97406005859375,586.1572875976562,27.82699966430664,3171.556130990153,2930.7864379882812,8.215190635559866
2022-02-01,114.36441040039062,586.1572875976562,27.77039909362793,3175.9453189263004,2930.7864379882812,8.364952074307341
2022-02-02,115.38677215576172,586.1572875976562,27.742300033569336,3201.0944530502456,2930.7864379882812,9.223053974806383
2022-02-03,111.38098907470703,586.1572875976562,27.75079917907715,3090.9114601791807,2930.7864379882812,5.463551356570728
2022-02-04,112.47769927978516,586.1572875976562,27.743900299072266,3120.5700746873918,2930.7864379882812,6.475519138452812
2022-02-07,113.67662811279297,585.2357177734375,27.799999237060547,3160.21017480726,2926.1785888671875,7.99785723367874
2022-02-08,114.97783660888672,578.7843017578125,27.826000213623047,3199.3733060407976,2893.9215087890625,10.554944089673967
2022-02-09,116.66006469726562,583.3925170898438,27.805200576782227,3243.756498207862,2916.9625854492188,11.20322606771853
2022-02-10,115.90723419189453,598.1386108398438,27.78070068359375,3219.9841801482253,2990.6930541992188,7.666822431912901
2022-02-11,112.4684066772461,599.0601806640625,27.826400756835938,3129.5909566838527,2995.3009033203125,4.4833576891950555
2022-02-14,111.31592559814453,587.0789184570312,27.9060001373291,3106.3822350287373,2935.3945922851562,5.82503092405271
2022-02-15,115.73065948486328,583.3925170898438,27.861799240112305,3224.4644004930597,2916.9625854492188,10.541849819321047
2022-02-16,114.8755874633789,595.3736572265625,27.82069969177246,3195.919220734606,2976.8682861328125,7.358435562036836
2022-02-17,111.30664825439453,594.4520263671875,27.810800552368164,3095.5269947555644,2972.2601318359375,4.147243425947589
2022-02-18,110.88839721679688,587.0789184570312,27.836700439453125,3086.7670955350623,2935.3945922851562,5.156802552125206
2022-02-21,110.88839721679688,582.4707641601562,27.8700008392334,3090.4597234933753,2912.3538208007812,6.115531067019253
2022-02-22,108.65782165527344,577.8626098632812,27.812400817871094,3022.0348878732184,2889.3130493164062,4.593543042634773
2022-02-23,107.7190933227539,576.0193481445312,27.837400436401367,2998.619535471589,2880.0967407226562,4.115236584698678
2022-02-24,103.98286437988281,556.6651611328125,27.872699737548828,2898.283156710735,2783.3258056640625,4.13021539960341
2022-02-25,103.37874603271484,556.6651611328125,28.06719970703125,2901.551910362672,2783.3258056640625,4.247655968195296
2022-02-28,99.45661926269531,556.6651611328125,27.962799072265625,2781.085460849572,2783.3258056640625,-0.08049164815456811
2022-03-01,100.42318725585938,556.6651611328125,27.97559928894043,2809.398845988151,2783.3258056640625,0.9367584732994594
2022-03-02,101.87308502197266,553.9002685546875,28.04680061340332,2857.2141034835513,2769.5013427734375,3.167095800079167
2022-03-03,101.11096954345703,554.8219604492188,27.970500946044922,2828.124469270784,2774.1098022460938,1.9470991011587557
2022-03-04,97.6442642211914,548.3705444335938,28.050500869750977,2738.9705184627237,2741.8527221679688,-0.10511883741757266
2022-03-07,92.2815170288086,530.8594970703125,28.125999450683594,2595.509897260519,2654.2974853515625,-2.214807813196451
2022-03-08,92.94141387939453,518.8782348632812,28.27589988708496,2628.0021142178884,2594.3911743164062,1.2955232130844152
2022-03-09,97.54200744628906,523.4863891601562,28.30340003967285,2760.7704574250674,2617.4319458007812,5.476303284761541
2022-03-10,96.62189483642578,540.9974975585938,28.26799964904785,2731.3076893264224,2704.9874877929688,0.9730248902159788
2022-03-11,94.25189208984375,529.937744140625,28.30069923400879,2667.39445027092,2649.688720703125,0.6682192300345724
2022-03-14,92.29084014892578,527.1729125976562,28.410999298095703,2622.074994691793,2635.8645629882812,-0.5231516250916557
2022-03-15,94.88389587402344,514.27001953125,28.51099967956543,2705.234724860202,2571.35009765625,5.206783289680605
2022-03-16,98.70353698730469,516.8171997070312,28.51889991760254,2814.916292854323,2584.0859985351562,8.932763632867392
2022-03-17,99.45065307617188,539.0458374023438,28.378999710083008,2822.3100548162474,2695.2291870117188,4.715030113837071
2022-03-18,99.66544342041016,538.1195678710938,28.17799949645996,2808.372814514776,2690.5978393554688,4.377279035781889
2022-03-21,99.85222625732422,542.7506103515625,28.356000900268555,2831.409817646505,2713.7530517578125,4.335573784522562
2022-03-22,99.96429443359375,539.971923828125,28.40999984741211,2839.9855896050576,2699.859619140625,5.190120607420146
2022-03-23,98.38600158691406,546.4553833007812,28.46739959716797,2800.7936219422845,2732.2769165039062,2.507677937932029
2022-03-24,100.78611755371094,547.3815307617188,28.55970001220703,2878.4212827290175,2736.9076538085938,5.170566450186875
2022-03-25,99.6747817993164,553.864990234375,28.651500701904297,2855.8320806852716,2769.324951171875,3.1237623261506364
2022-03-28,99.30123138427734,540.8980712890625,28.66900062561035,2846.8670646797254,2704.4903564453125,5.264456125535899
2022-03-29,102.02818298339844,545.5292358398438,28.783700942993164,2936.7487067511247,2727.6461791992188,7.6660429474505465
2022-03-30,99.6747817993164,555.7173461914062,28.628299713134766,2853.5195271921402,2778.5867309570312,2.696795295257881
2022-03-31,97.36807250976562,552.9387817382812,28.52560043334961,2777.4827313789865,2764.6939086914062,0.46257644100766715
2022-04-01,95.99523162841797,545.5292358398438,28.615699768066406,2746.970727444801,2727.6461791992188,0.7084697565596931
2022-04-04,97.8630142211914,545.5292358398438,28.667999267578125,2805.536820016103,2727.6461791992188,2.8555991393191427
2022-04-05,95.72438049316406,545.5292358398438,28.588499069213867,2736.616362629895,2727.6461791992188,0.32886169397929876
2022-04-06,94.49165344238281,535.3409423828125,28.653200149536133,2707.4882585451996,2676.7047119140625,1.150053888802871
2022-04-07,93.87528228759766,524.2267456054688,28.725400924682617,2696.6051206289994,2621.1337280273438,2.8793415534145606
2022-04-08,92.72660064697266,525.1530151367188,28.7987003326416,2670.4055848966964,2625.7650756835938,1.7000953217980008
2022-04-11,91.12029266357422,516.8171997070312,28.891000747680664,2632.5564434722037,2584.0859985351562,1.8757287862913197
2022-04-12,90.99889373779297,515.8909301757812,29.0310001373291,2641.788896598664,2579.4546508789062,2.416566838983525
2022-04-13,94.79051971435547,530.7100219726562,29.038000106811523,2752.527121590174,2653.5501098632812,3.7299846480755683
2022-04-14,91.85807037353516,530.7100219726562,28.86669921875,2651.63928828761,2653.5501098632812,-0.07201000533469948
2022-04-15,91.85807037353516,520.52197265625,28.96619987487793,2660.779226560422,2602.60986328125,2.2350396845816523
2022-04-18,92.24095916748047,519.595703125,29.111000061035156,2685.2265679544653,2597.978515625,3.3583053826168996
2022-04-19,92.87602996826172,523.3005981445312,29.214000701904297,2713.2804046828824,2616.5029907226562,3.698731257077492
2022-04-20,92.4651107788086,527.9315185546875,29.253700256347656,2704.9466348932474,2639.6575927734375,2.4733905752985175
2022-04-21,91.20433807373047,523.3005981445312,29.16349983215332,2659.837698104893,2616.5029907226562,1.6562070647688554
2022-04-22,89.35523223876953,516.8171997070312,29.288999557495117,2617.1253575011942,2584.0859985351562,1.2785704107667772
2022-04-25,89.87818908691406,506.6289367675781,29.31100082397461,2634.419674383884,2533.1446838378906,3.9979947135334815
2022-04-26,86.6375961303711,505.7028503417969,29.193700790405273,2529.2720586300275,2528.5142517089844,0.029970442940197017
2022-04-27,84.29350280761719,487.17889404296875,29.30069923400879,2469.8585731470666,2435.8944702148438,1.3943175021546406
2022-04-28,88.9256362915039,491.809814453125,29.37470054626465,2612.1639369489712,2459.049072265625,6.226588416239909
2022-04-29,86.7870101928711,498.2933044433594,29.452699661254883,2556.1117457088985,2491.466522216797,2.5946655480075798
2022-05-02,87.56214141845703,498.2933044433594,29.43400001525879,2577.3040718469565,2491.466522216797,3.445262011940864
2022-05-03,87.44073486328125,491.809814453125,29.484600067138672,2578.155097020557,2459.049072265625,4.843580638478051
2022-05-04,89.64473724365234,494.5884094238281,29.422100067138672,2637.536429675092,2472.9420471191406,6.655812365182445
2022-05-05,86.05857849121094,501.9979248046875,29.239999771118164,2516.3528153857624,2509.9896240234375,0.2535146480854733
2022-05-06,85.57294464111328,489.0312805175781,29.606700897216797,2533.532576883532,2445.1564025878906,3.6143362527691902
2022-05-09,81.52916717529297,481.6217041015625,29.649999618530273,2417.3397756465274,2408.1085205078125,0.3833404956670394
2022-05-10,82.94869995117188,479.7693176269531,29.750999450683594,2467.8067266822327,2398.8465881347656,2.8747206631953626
2022-05-11,82.02413940429688,482.5479736328125,29.641700744628906,2431.334994057892,2412.7398681640625,0.7707057913366899
2022-05-12,81.89338684082031,467.728759765625,29.68899917602539,2431.332694439043,2338.643798828125,3.9633609726014374
2022-05-13,84.9472427368164,473.2859191894531,29.821500778198242,2533.2542653817654,2366.4295959472656,7.049635861561354
2022-05-16,84.43360137939453,481.6217041015625,29.781999588012695,2514.601481495556,2408.1085205078125,4.422265860563734
2022-05-17,87.15120697021484,490.88372802734375,29.71190071105957,2589.428008348026,2454.4186401367188,5.5006658604820124
2022-05-18,84.54563903808594,498.2933044433594,29.60580062866211,2503.0413333844044,2491.466522216797,0.46457823391938824
2022-05-19,84.246826171875,483.47412109375,29.74020004272461,2505.5174633162096,2417.37060546875,3.6463940468229206
2022-05-20,84.77912902832031,490.88372802734375,29.600500106811523,2509.5046178581833,2454.4186401367188,2.244359491924164
2022-05-23,85.4515380859375,489.0312805175781,29.71299934387207,2539.02149508032,2445.1564025878906,3.83881752484565
2022-05-24,82.85530090332031,481.6217041015625,29.489999771118164,2443.4028046748426,2408.1085205078125,1.4656434237269034
2022-05-25,84.43360137939453,485.3265075683594,29.531700134277344,2493.467797193385,2426.632537841797,2.7542389838319137
2022-05-26,84.9845962524414,476.06451416015625,29.40999984741211,2499.3969628166815,2380.3225708007812,5.002447713455971
2022-05-27,87.57148742675781,490.88372802734375,29.312999725341797,2566.9829868883244,2454.4186401367188,4.586191813851914
2022-05-30,87.57148742675781,506.6289367675781,29.29599952697754,2565.4942542310164,2533.1446838378906,1.2770518241427053
2022-05-31,89.0003433227539,518.6695556640625,28.83099937438965,2565.968842658782,2593.3477783203125,-1.0557371398626558
2022-06-01,88.48670959472656,508.4814453125,28.991500854492188,2565.362516826717,2542.4072265625,0.9028958864018888
2022-06-02,89.97158813476562,500.1456604003906,29.128299713134766,2620.719384856173,2500.728302001953,4.798245485451624
2022-06-03,87.57148742675781,500.1456604003906,29.10099983215332,2548.4178409074957,2500.728302001953,1.9070259998803074
2022-06-06,86.95510864257812,500.1456604003906,29.361000061035156,2553.088950162055,2500.728302001953,2.0938159542635892
2022-06-07,87.63684844970703,495.51470947265625,29.38129997253418,2574.8845329483593,2477.5735473632812,3.9276729317940795
2022-06-08,87.29131317138672,503.8504333496094,29.405000686645508,2566.8011237428145,2519.252166748047,1.8874234831420589
2022-06-09,84.8445053100586,501.07183837890625,29.438800811767578,2497.7204917957715,2505.3591918945312,-0.30489440889246433
2022-06-10,82.81793975830078,490.88372802734375,29.5856990814209,2450.2266442323307,2454.4186401367188,-0.1707938424128974
2022-06-13,79.89486694335938,477.91693115234375,29.642000198364258,2368.2436617833446,2389.5846557617188,-0.8930838221996917
2022-06-14,81.42643737792969,475.13836669921875,29.68869972229004,2417.4450487692084,2375.6918334960938,1.7575181546871876
2022-06-15,83.23819732666016,471.4335632324219,29.577699661254883,2461.994400872223,2357.1678161621094,4.447141352913531
2022-06-16,79.34868621826172,473.0632019042969,29.405000686645508,2333.248172732405,2365.3160095214844,-1.3557527476240727
2022-06-17,79.79933166503906,466.54461669921875,29.695999145507812,2369.7208849370945,2332.7230834960938,1.5860348664082036
2022-06-20,79.79933166503906,463.75091552734375,29.70199966430664,2370.1997223268845,2318.7545776367188,2.218654151083066
2022-06-21,81.63001251220703,470.26953125,29.702999114990234,2424.656189406727,2351.34765625,3.117724125646393
2022-06-22,79.7148208618164,460.4915771484375,29.724000930786133,2369.4434094940807,2302.4578857421875,2.9093050590282887
2022-06-23,78.97315979003906,452.1105651855469,29.67169952392578,2343.2678677450167,2260.5528259277344,3.659062547380909
2022-06-24,80.66304016113281,453.04180908203125,29.613100051879883,2388.682678780431,2265.2090454101562,5.450871460206352
2022-06-27,80.60669708251953,464.216552734375,29.694000244140625,2393.5352828477044,2321.082763671875,3.121496583827632
2022-06-28,79.17969512939453,463.2852783203125,29.43000030517578,2330.2584518218064,2316.4263916015625,0.5971292794104466
2022-06-29,78.53192901611328,457.2323303222656,29.67099952697754,2330.120828689731,2286.161651611328,1.9228376544335513
2022-06-30,76.74816131591797,443.2638854980469,29.665000915527344,2276.734275701747,2216.3194274902344,2.7259088857929825
2022-07-01,72.2887954711914,422.31134033203125,29.65570068359375,2143.7748812711798,2111.5567016601562,1.5258022474931687
2022-07-04,72.2887954711914,409.73980712890625,29.79599952697754,2153.916915665395,2048.6990356445312,5.1358388025873225
2022-07-05,71.4532470703125,415.32708740234375,29.690000534057617,2121.446943677729,2076.6354370117188,2.157889914971989
2022-07-06,70.9368896484375,405.54925537109375,29.78070068359375,2112.550278045237,2027.7462768554688,4.182180096085708
2022-07-07,75.71546173095703,426.0362548828125,29.788000106811523,2255.412182129032,2130.1812744140625,5.878885014112978
2022-07-08,76.5228500366211,434.8828430175781,29.75200080871582,2276.70789617479,2174.4142150878906,4.7044247768939895
2022-07-11,74.26970672607422,430.2268371582031,29.75200080871582,2209.672374577247,2151.1341857910156,2.7212709078260344
2022-07-12,74.26030731201172,418.5863952636719,29.86319923400879,2217.6503524373256,2092.9319763183594,5.959026740006923
2022-07-13,76.31632995605469,438.1422119140625,29.864999771118164,2279.1871766701515,2190.7110595703125,4.038694044717728
2022-07-14,78.55069732666016,442.3326721191406,29.766000747680664,2338.1401153562038,2211.663360595703,5.718625945244882
2022-07-15,80.3907699584961,458.62921142578125,29.918699264526367,2405.1872700319655,2293.1460571289062,4.8859169940242975
2022-07-18,78.46621704101562,461.42279052734375,29.910999298095703,2347.0029628380435,2307.1139526367188,1.7289570875221427
2022-07-19,80.87895965576172,457.2323303222656,29.81999969482422,2411.8105522525148,2286.161651611328,5.496063699285081
2022-07-20,81.26387786865234,460.9572448730469,29.785999298095703,2420.5258091562137,2304.7862243652344,5.021705855728786
2022-07-21,82.41862487792969,466.54461669921875,29.880699157714844,2462.7261349699693,2332.7230834960938,5.573016891445071
2022-07-22,81.0385513305664,468.4071350097656,29.880300521850586,2421.456267612739,2342.035675048828,3.391092347995728
2022-07-25,81.01978302001953,465.1477966308594,29.801000595092773,2414.4706019938894,2325.738983154297,3.8152010815611703
2022-07-26,79.25479888916016,460.9572448730469,29.827999114990234,2364.012071124598,2304.7862243652344,2.5696893765353668
2022-07-27,82.26840209960938,467.4757995605469,29.920299530029297,2461.4952326772036,2337.3789978027344,5.31006032787773
2022-07-28,83.18843078613281,466.54461669921875,29.85930061340332,2483.948362400435,2332.7230834960938,6.482778859361971
2022-07-29,83.06641387939453,473.994384765625,29.915000915527344,2484.9318472516607,2369.971923828125,4.850687143915411
2022-08-01,81.02919006347656,469.3382873535156,30.00200080871582,2431.0378258140117,2346.691436767578,3.5942684123233315
2022-08-02,80.78507995605469,458.16351318359375,30.167999267578125,2437.124232945498,2290.8175659179688,6.386657287958308
2022-08-03,81.2169418334961,466.54461669921875,29.966299057006836,2433.771167478073,2332.7230834960938,4.331765081628847
2022-08-04,83.01005554199219,465.61334228515625,29.941999435424805,2485.4870361729118,2328.0667114257812,6.761847672772281
2022-08-05,84.27747344970703,480.5130310058594,29.95170021057129,2524.2536192700063,2402.565155029297,5.064939195758278
2022-08-08,82.5594482421875,476.78814697265625,29.94499969482422,2472.2426524171606,2383.9407348632812,3.704031575220479
2022-08-09,79.99647521972656,474.9256286621094,30.000699996948242,2399.950253880321,2374.628143310547,1.0663610907294174
2022-08-10,83.2447738647461,465.61334228515625,30.027999877929688,2499.67405944888,2328.0667114257812,7.371238426325033
2022-08-11,84.04277038574219,478.6505126953125,29.910400390625,2513.7529121749103,2393.2525634765625,5.035003431618712
2022-08-12,85.30078125,481.4442138671875,29.94930076599121,2554.6987532302737,2407.2210693359375,6.126470301085374
2022-08-15,85.96733093261719,487.0316162109375,29.94300079345703,2574.1198583267396,2435.1580810546875,5.706478702683104
2022-08-16,84.44647216796875,488.8940734863281,29.98270034790039,2531.9332704495173,2444.4703674316406,3.5779899066550103
2022-08-17,83.74236297607422,490.7565002441406,29.94379997253418,2507.5645661829185,2453.782501220703,2.1918024492985744
2022-08-18,83.80806732177734,484.2379150390625,29.935699462890625,2508.8531159104314,2421.1895751953125,3.620680578390778
2022-08-19,81.86471557617188,483.30657958984375,29.97369956970215,2453.7883900392917,2416.5328979492188,1.541691905857756
2022-08-22,80.02462768554688,476.78814697265625,30.101999282836914,2408.901285199623,2383.9407348632812,1.0470289790057707
2022-08-23,80.76630401611328,469.3382873535156,30.13170051574707,2433.6260843773052,2346.691436767578,3.7045623573533915
2022-08-24,80.32506561279297,468.4071350097656,30.170000076293945,2423.40723566628,2342.035675048828,3.474394582642537
2022-08-25,82.21208190917969,473.0632019042969,30.204999923706055,2483.2159277944884,2365.3160095214844,4.984531360647071
2022-08-26,79.55522155761719,476.78814697265625,30.187999725341797,2401.6130065308535,2383.9407348632812,0.7413049917361247
2022-08-29,77.78087615966797,464.216552734375,30.2810001373291,2355.2827216724836,2321.082763671875,1.4734484498305944
2022-08-30,77.72454833984375,461.88848876953125,30.368000030517578,2360.33908635634,2309.4424438476562,2.2038497925883416
2022-08-31,78.25027465820312,470.26953125,30.43670082092285,2381.6801989267697,2351.34765625,1.2900067157718853
2022-09-01,76.6448974609375,456.7666931152344,30.332700729370117,2324.8467371158767,2283.833465576172,1.795808326565429
2022-09-02,75.9501724243164,451.6449279785156,30.548200607299805,2320.1411033770273,2258.224639892578,2.741820383617566
2022-09-05,75.9501724243164,452.57623291015625,30.613000869750977,2325.062694483335,2262.8811645507812,2.7478919753568976
2022-09-06,75.13343048095703,455.3699035644531,30.68600082397461,2305.5445096466865,2276.8495178222656,1.2602937348212162
2022-09-07,75.05828857421875,440.00469970703125,30.7987003326416,2311.6977372783003,2200.0234985351562,5.076047543014894
2022-09-08,75.33055877685547,442.3326721191406,30.84779930114746,2323.78195839173,2211.663360595703,5.0694242077523155
2022-09-09,76.54161071777344,442.3326721191406,30.858699798583984,2361.974587239849,2211.663360595703,6.796297724245881
2022-09-12,77.12370300292969,453.04180908203125,30.850000381469727,2379.2662670607388,2265.2090454101562,5.035174209713178
2022-09-13,73.98805236816406,459.09478759765625,30.882999420166016,2284.9729783852235,2295.4739379882812,-0.45746368230434875
2022-09-14,74.78606414794922,446.9888610839844,31.11870002746582,2327.245096454848,2234.944305419922,4.129892221971221
2022-09-15,73.62287902832031,446.2864074707031,31.069000244140625,2287.3892465052195,2231.4320373535156,2.507681534323991
2022-09-16,73.53789520263672,442.0716857910156,31.222000122070312,2296.0001729935175,2210.358428955078,3.8745636416499973
2022-09-19,73.85891723632812,437.3887023925781,31.26099967956543,2308.903588057903,2186.9435119628906,5.576736455599951
2022-09-20,73.78340148925781,446.2864074707031,31.32200050354004,2311.04373859943,2231.4320373535156,3.5677403529768226
2022-09-21,72.82982635498047,441.1351623535156,31.339000701904297,2282.413979258301,2205.675811767578,3.47912268345667
2022-09-22,71.40419006347656,435.0473327636719,31.450000762939453,2245.6618319734116,2175.2366638183594,3.2375864808857013
2022-09-23,69.7425308227539,426.1497497558594,31.538299560546875,2199.5608291986864,2130.748748779297,3.22947886083762
2022-09-26,68.93058013916016,418.1885986328125,31.791000366210938,2191.372098447173,2090.9429931640625,4.803053244944699
2022-09-27,68.94945526123047,419.59344482421875,31.822999954223633,2194.1785116218816,2097.9672241210938,4.5859290075941805
2022-09-28,68.09973907470703,410.2275695800781,31.674999237060547,2157.0591832353675,2051.1378479003906,5.164028124360409
2022-09-29,65.40900421142578,407.41778564453125,31.67099952697754,2071.568541440138,2037.0889282226562,1.6925924410950755
2022-09-30,64.7292251586914,395.24212646484375,31.63050079345703,2047.4178077418474,1976.2106323242188,3.6032179087045035
2022-10-03,65.38067626953125,390.5591125488281,31.80299949645996,2079.301614478114,1952.7955627441406,6.478202539348388
2022-10-04,68.74176025390625,401.79827880859375,31.783700942993164,2184.86755020509,2008.9913940429688,8.754450451287488
2022-10-05,70.31845092773438,416.7837219238281,31.628000259399414,2224.031984182948,2083.9186096191406,6.723553113689706
2022-10-06,70.19570922851562,422.4032287597656,31.523500442504883,2212.8144709270564,2112.016143798828,4.77261158368445
2022-10-07,65.85272979736328,410.2275695800781,31.538999557495117,2076.929215938886,2051.1378479003906,1.2574175872624105
2022-10-10,63.67179870605469,410.2275695800781,31.711000442504883,2019.096436942782,2051.1378479003906,-1.5621286004939727
2022-10-11,59.90473937988281,376.0419921875,31.792800903320312,1904.5394522699062,1880.2099609375,1.2939773662445253
2022-10-12,60.527862548828125,372.2955627441406,31.825300216674805,1926.3173970900825,1861.4778137207031,3.483231596501213
2022-10-13,62.89761734008789,369.95416259765625,31.774200439453125,1998.5215005279751,1849.7708129882812,8.041573934199398
2022-10-14,60.34847640991211,385.8761291503906,31.848600387573242,1922.0145091781815,1929.3806457519531,-0.38178762651062126
2022-10-17,61.2642822265625,371.8272399902344,31.961999893188477,1958.1289819816593,1859.1361999511719,5.324665402840711
2022-10-18,60.150211334228516,381.19317626953125,31.988000869750977,1924.0850124750068,1905.9658813476562,0.9506534878021444
2022-10-19,60.10301208496094,370.42242431640625,32.016998291015625,1924.3180352090858,1852.1121215820312,3.8985714085915113
2022-10-20,60.027488708496094,372.2955627441406,32.152000427246094,1930.0038426020765,1861.4778137207031,3.681270245408097
2022-10-21,60.18798065185547,364.8028259277344,32.09400177001953,1931.6731575745507,1824.0141296386719,5.902313265369585
2022-10-24,57.86543273925781,362.4613952636719,32.18000030517578,1862.109643208445,1812.3069763183594,2.748025998954007
2022-10-25,57.723812103271484,347.4758605957031,32.31129837036133,1865.1313159434794,1737.3793029785156,7.353144632605524
2022-10-26,57.44056701660156,352.1588134765625,32.22700119018555,1851.1372216089512,1760.7940673828125,5.13081886744553
2022-10-27,57.54443359375,361.0564880371094,31.962900161743164,1839.2869858210906,1805.2824401855469,1.8836136040878415
2022-10-28,58.54520034790039,355.4369201660156,32.042999267578125,1875.9638118679868,1777.1846008300781,5.558185176248509
2022-10-31,58.11090850830078,365.2711181640625,32.11399841308594,1866.1736236185534,1826.3555908203125,2.180190593681508
2022-11-01,58.13922882080078,366.6759948730469,32.24769973754883,1874.8563939858286,1833.3799743652344,2.2622926071260485
2022-11-02,57.138465881347656,369.95416259765625,32.124000549316406,1835.5161093595088,1849.7708129882812,-0.7706199886322151
2022-11-03,56.911861419677734,359.6515808105469,32.247501373291016,1835.2653292876057,1798.2579040527344,2.0579598260887844
2022-11-04,58.98894119262695,357.7784423828125,32.150001525878906,1896.4945493529376,1788.8922119140625,6.015026323120032
2022-11-07,59.253299713134766,365.2711181640625,31.999000549316406,1896.046370069409,1826.3555908203125,3.815838470853028
2022-11-08,61.38701629638672,373.7004089355469,31.850000381469727,1955.1764924572053,1868.5020446777344,4.638713028243968
2022-11-09,61.36813735961914,390.5591125488281,31.7898006439209,1950.8808525510467,1952.7955627441406,-0.09804970011316749
2022-11-10,66.8818359375,381.6614990234375,31.91200065612793,2134.3331923205405,1908.3074951171875,11.844301706181426
2022-11-11,69.70475769042969,413.5056457519531,31.402000427246094,2188.8688307759585,2067.5282287597656,5.8688728080380725
2022-11-14,68.7323226928711,416.7837219238281,31.096599578857422,2137.3415169050277,2083.9186096191406,2.563579356664536
2022-11-15,75.96430969238281,449.5644836425781,30.888999938964844,2346.461557451519,2247.8224182128906,4.388208714327657
2022-11-16,75.01073455810547,456.1206359863281,31.07900047302246,2331.258654813122,2280.6031799316406,2.221143745094656
2022-11-17,76.92732238769531,454.24737548828125,31.03499984741211,2387.439438563946,2271.2368774414062,5.116267804415209
2022-11-18,77.67317199707031,456.1206359863281,31.024999618530273,2409.8101315791428,2280.6031799316406,5.665472747932188
2022-11-21,75.46393585205078,451.43768310546875,31.111299514770508,2347.78111085658,2257.1884155273438,4.013519416724076
2022-11-22,77.92809295654297,459.866943359375,31.131000518798828,2425.9795022591425,2299.334716796875,5.507888196403687
2022-11-23,77.38994598388672,460.8035583496094,31.107200622558594,2407.384575889737,2304.017791748047,4.486370917442706
2022-11-24,77.38994598388672,464.5499572753906,31.079700469970703,2405.2563405664114,2322.749786376953,3.5521068465214523
2022-11-25,76.8517837524414,466.423095703125,30.913000106811523,2375.7191993478773,2332.115478515625,1.8697067634063202
2022-11-28,74.79359436035156,450.0328063964844,30.928499221801758,2313.2536249698896,2250.164031982422,2.8037775064729376
2022-11-29,74.89745330810547,456.1206359863281,31.006099700927734,2322.277904616698,2280.6031799316406,1.8273553703589185
2022-11-30,78.34351348876953,458.9303894042969,30.945999145507812,2424.4183014795417,2294.6519470214844,5.655165029559162
2022-12-01,78.06027221679688,466.89141845703125,30.777999877929688,2402.5390487597324,2334.4570922851562,2.916393567462494
2022-12-02,76.9461898803711,461.27191162109375,30.587799072265625,2353.6145954371896,2306.3595581054688,2.0489015758903495
2022-12-05,77.05948638916016,457.9938049316406,30.538000106811523,2353.242603583014,2289.969024658203,2.7630757553262164
2022-12-06,75.1146011352539,447.6913146972656,30.562999725341797,2295.7275338659238,2238.456573486328,2.5585021866382673
2022-12-07,74.8124771118164,444.8814697265625,30.633499145507812,2291.7679536781507,2224.4073486328125,3.028249528430127
2022-12-08,76.28530883789062,441.6034240722656,30.636999130249023,2337.152940517233,2208.017120361328,5.848497231523853
2022-12-09,76.18146514892578,450.9693908691406,30.46299934387207,2320.715922846939,2254.846954345703,2.92121682024975
2022-12-12,75.93599700927734,444.8814697265625,30.693700790405273,2330.7567714238685,2224.4073486328125,4.78102281294932
2022-12-13,76.01153564453125,441.6034240722656,30.68000030517578,2332.0339367710985,2208.017120361328,5.6166600913617915
2022-12-14,75.54888153076172,450.0328063964844,30.60099983215332,2311.8713110422104,2250.164031982422,2.7423458104707032
2022-12-15,73.68888854980469,452.62322998046875,30.48430061340332,2246.35423041982,2263.1161499023438,-0.7406566155805594
2022-12-16,72.445068359375,443.67437744140625,30.809999465942383,2232.032517462503,2218.3718872070312,0.6157953197230004
2022-12-19,72.25515747070312,439.43548583984375,30.77079963684082,2223.348973259388,2197.1774291992188,1.1911438608627867
2022-12-20,71.79940795898438,430.9576416015625,30.78569984436035,2210.3950224280707,2154.7882080078125,2.5806162393875676
2022-12-21,73.24262237548828,432.37054443359375,30.724000930786133,2250.306398037719,2161.8527221679688,4.091568077822005
2022-12-22,71.4765853881836,440.848388671875,30.679000854492188,2192.8302242002683,2204.241943359375,-0.517716269463353
2022-12-23,71.10629272460938,428.6026306152344,30.739999771118164,2185.8074220795534,2143.013153076172,1.9969205014888969
2022-12-26,71.10629272460938,430.015625,30.745100021362305,2186.170081966382,2150.078125,1.678634675955415
2022-12-27,70.56509399414062,430.4866027832031,30.7189998626709,2167.689112715365,2152.4330139160156,0.7087839064312318
2022-12-28,69.36875915527344,424.83465576171875,30.72209930419922,2131.1539073773893,2124.1732788085938,0.3286280191186153
2022-12-29,72.16023254394531,420.124755859375,30.72800064086914,2217.339671855618,2100.623779296875,5.556249229826871
2022-12-30,70.72649383544922,422.4797058105469,30.680099487304688,2169.8958672598237,2112.3985290527344,2.7218982316217
2023-01-02,70.72649383544922,422.4797058105469,30.64780044555664,2167.6114692827396,2112.3985290527344,2.6137558548085416
2023-01-03,70.28974151611328,426.7186584472656,30.72010040283203,2159.307916664111,2133.593292236328,1.2052261563322508
2023-01-04,72.46405029296875,423.42169189453125,30.650299072265625,2221.0448134671897,2117.1084594726562,4.909354243495989
2023-01-05,71.90386962890625,431.89959716796875,30.687999725341797,2206.5859314228874,2159.4979858398438,2.180504260333027
2023-01-06,74.1256332397461,431.89959716796875,30.62299919128418,2269.9492067541723,2159.4979858398438,5.114671170733853
2023-01-09,76.25244903564453,453.09417724609375,30.561500549316406,2330.3892630895716,2265.4708862304688,2.8655577634511653
2023-01-10,77.16395568847656,457.8041076660156,30.461999893188477,2350.5684099403734,2289.020538330078,2.6888300292489564
2023-01-11,77.64818572998047,456.39111328125,30.432600021362305,2363.036178704948,2281.95556640625,3.5531196791175113
2023-01-12,82.60446166992188,458.275146484375,30.434999465942383,2514.0667468085303,2291.375732421875,9.718659896571458
2023-01-13,82.4145736694336,470.99188232421875,30.32550048828125,2499.2631940538995,2354.9594116210938,6.127654757899648
2023-01-16,82.4145736694336,475.7018127441406,30.279300689697266,2495.4556573499867,2378.509063720703,4.916802521927077
2023-01-17,84.49391174316406,473.8179016113281,30.32900047302246,2562.615889225941,2369.0895080566406,8.168808333799493
2023-01-18,84.94966125488281,473.8179016113281,30.27630043029785,2571.961465604865,2369.0895080566406,8.563287999812207
2023-01-19,83.93373107910156,473.8179016113281,30.184999465942383,2533.5396277972322,2369.0895080566406,6.941490356583846
2023-01-20,86.43084716796875,473.8179016113281,30.339000701904297,2622.225532895187,2369.0895080566406,10.684949807835388
2023-01-23,90.82691955566406,473.8179016113281,30.317699432373047,2753.6632474569487,2369.0895080566406,16.232976343547833
2023-01-24,89.7824935913086,473.8179016113281,30.292999267578125,2719.781012602849,2369.0895080566406,14.802796743373348
2023-01-25,87.74112701416016,473.8179016113281,30.267499923706055,2655.704555206976,2369.0895080566406,12.098109682037506
2023-01-26,88.72857666015625,473.8179016113281,30.247600555419922,2683.8265446673613,2369.0895080566406,13.285147544674182
2023-01-27,88.58617401123047,473.8179016113281,30.208799362182617,2676.0819569686573,2369.0895080566406,12.9582461054349
2023-01-30,88.42474365234375,511.4972229003906,30.256000518798828,2675.379089819966,2557.486114501953,4.609721032286873
2023-01-31,88.04496002197266,491.7155456542969,30.094999313354492,2649.713011405591,2458.5777282714844,7.774221694771688
2023-02-01,89.9533920288086,499.2513427734375,30.0310001373291,2701.3903283703694,2496.2567138671875,8.217648984722814
2023-02-02,91.76689910888672,508.6712341308594,29.533000946044922,2710.1519181983604,2543.356170654297,6.558096324399343
2023-02-03,89.87744140625,510.55523681640625,29.542999267578125,2655.2491856366396,2552.7761840820312,4.014178845508831
2023-02-06,87.19043731689453,495.4834289550781,29.96579933166504,2612.7311482781806,2477.4171447753906,5.461898243021079
2023-02-07,89.77301788330078,492.6575012207031,29.998300552368164,2693.037971956379,2463.2875061035156,9.326985391822484
2023-02-08,89.51665496826172,508.6712341308594,30.027099609375,2687.925515430048,2543.356170654297,5.684195805676717
2023-02-09,91.80487823486328,508.6712341308594,30.041500091552734,2757.956257897633,2543.356170654297,8.43767340647883
2023-02-10,90.55158233642578,513.3812255859375,30.003000259399414,2716.81914832881,2566.9061279296875,5.840222155690333
2023-02-13,91.25419616699219,509.61328125,30.18079948425293,2754.1245966126735,2548.06640625,8.086845376448814
2023-02-14,93.01071166992188,513.3812255859375,30.219999313354492,2810.7836427996517,2566.9061279296875,9.500834963008998
2023-02-15,88.07344055175781,494.54150390625,30.248699188232422,2664.107009722793,2472.70751953125,7.74048239347882
2023-02-16,86.23146057128906,497.36737060546875,30.302000045776367,2612.985722178564,2486.8368530273438,5.072663652931375
2023-02-17,85.54784393310547,487.9476013183594,30.253000259399414,2588.0789446993003,2439.738006591797,6.080199501205019
2023-02-20,85.54784393310547,487.00555419921875,30.373300552368164,2598.370375387298,2435.0277709960938,6.708038665381855
2023-02-21,83.21212005615234,486.0636291503906,30.364500045776367,2526.6944232541864,2430.318145751953,3.965582764161679
2023-02-22,82.44303894042969,477.5858154296875,30.484500885009766,2513.2348935424234,2387.9290771484375,5.247468092461971
2023-02-23,85.52884674072266,487.9476013183594,30.475299835205078,2606.5172489828255,2439.738006591797,6.835948857640317
2023-02-24,83.65838623046875,481.35369873046875,30.283000946044922,2533.4269893618766,2406.7684936523438,5.262595718848084
2023-02-27,82.88928985595703,481.35369873046875,30.65679931640625,2541.120324593503,2406.7684936523438,5.582249863063327
2023-02-28,82.67091369628906,481.35369873046875,30.59779930114746,2529.5480253215355,2406.7684936523438,5.101426746818927
2023-03-01,83.95269775390625,491.7155456542969,30.64579963684082,2572.7975543384673,2458.5777282714844,4.645768354343871
2023-03-02,84.5318832397461,488.8895263671875,30.560699462890625,2583.3534787220415,2444.4476318359375,5.682504508463393
2023-03-03,85.25350952148438,486.0636291503906,30.601499557495117,2608.88523389661,2430.318145751953,7.347477878844022
2023-03-06,85.05410766601562,490.7735900878906,30.498600006103516,2594.031208581873,2453.867950439453,5.711931569802631
2023-03-07,84.36099243164062,493.59942626953125,30.575000762939453,2579.3374079597415,2467.9971313476562,4.51136167047681
2023-03-08,86.240966796875,490.7735900878906,30.726299285888672,2649.865756505169,2453.867950439453,7.98730045887821
2023-03-09,84.38945770263672,491.7155456542969,30.72480010986328,2592.8492192932754,2458.5777282714844,5.461348220875295
2023-03-10,82.8418197631836,483.23760986328125,30.813899993896484,2552.6795494951366,2416.1880493164062,5.649042930137282
2023-03-13,83.30706787109375,486.0636291503906,30.828699111938477,2568.2485292957863,2430.318145751953,5.675404423282071
2023-03-14,84.77876281738281,480.4117126464844,30.454999923706055,2581.9372151352873,2402.058563232422,7.488520665408127
2023-03-15,82.31961822509766,481.35369873046875,30.378999710083008,2500.7876581943856,2406.7684936523438,3.9064482018112523
2023-03-16,85.2296371459961,478.2755126953125,30.520000457763672,2601.2085647108324,2391.3775634765625,8.774482308398834
2023-03-17,85.3918685913086,490.5875549316406,30.548999786376953,2608.636175354215,2452.937774658203,6.347425617745528
2023-03-20,85.9358901977539,484.90509033203125,30.618000030517578,2631.1850886973843,2424.5254516601562,8.523714894216571
2023-03-21,88.28378295898438,489.6404724121094,30.506000518798828,2693.1851287483005,2448.202362060547,10.006638768274122
2023-03-22,88.39830780029297,504.7937927246094,30.480100631713867,2694.3893174261466,2523.968963623047,6.752078027079578
2023-03-23,90.27850341796875,509.5291442871094,30.350000381469727,2739.9526131738676,2547.645721435547,7.548415783257312
2023-03-24,88.56056213378906,510.476318359375,30.13800048828125,2669.0382648305967,2552.381591796875,4.5705028358081545
2023-03-27,86.52766418457031,502.899658203125,30.320999145507812,2623.6052318031434,2514.498291015625,4.339113738011302
2023-03-28,86.67080688476562,497.21710205078125,30.163000106811523,2614.2515573226265,2486.0855102539062,5.155335427526397
2023-03-29,88.53192138671875,501.9524841308594,30.344999313354492,2686.5010936899344,2509.762420654297,7.042047947692254
2023-03-30,88.2551498413086,506.68798828125,30.516000747680664,2693.194218544042,2533.43994140625,6.305824524465198
2023-03-31,88.78006744384766,504.7937927246094,30.351999282836914,2694.652543385877,2523.968963623047,6.762507076070423
2023-04-03,88.60826873779297,504.7937927246094,30.524999618530273,2704.7673694197583,2523.968963623047,7.16325788480312
2023-04-04,87.96881866455078,504.7937927246094,30.478599548339844,2681.166396817367,2523.968963623047,6.228184080705579
2023-04-05,86.088623046875,504.7937927246094,30.385299682617188,2615.8286105431616,2523.968963623047,3.6394919368681222
2023-04-06,86.12680053710938,501.9524841308594,30.540800094604492,2630.3813979917322,2509.762420654297,4.80599184786541
2023-04-07,86.12680053710938,502.899658203125,30.510400772094727,2627.7632016054704,2514.498291015625,4.50447355619783
2023-04-10,84.96239471435547,501.0054016113281,30.39299964904785,2582.262032735671,2505.0270080566406,3.0832012760991345
2023-04-11,85.17236328125,496.27008056640625,30.522199630737305,2599.6478750919923,2481.3504028320312,4.767463399161409
2023-04-12,82.910400390625,492.48175048828125,30.479900360107422,2527.1007427228615,2462.4087524414062,2.6271832496255865
2023-04-13,83.08219146728516,483.01092529296875,30.446500778198242,2529.562007163113,2415.0546264648438,4.741399198323104
2023-04-14,83.22535705566406,488.6933898925781,30.451000213623047,2534.2953654808807,2443.4669494628906,3.717194375719113
2023-04-17,83.97933959960938,492.48175048828125,30.506000518798828,2561.8737773940666,2462.4087524414062,4.03933850763174
2023-04-18,84.12250518798828,487.746337890625,30.46649932861328,2562.9182478311122,2438.731689453125,5.092260001994542
2023-04-19,83.25399017333984,483.01092529296875,30.451900482177734,2535.242223502748,2415.0546264648438,4.976599523706615
2023-04-20,85.2200927734375,485.8521423339844,30.537500381469727,2602.408615577733,2429.260711669922,7.127596600728214
2023-04-21,81.478759765625,483.9580078125,30.55929946899414,2489.933820039965,2419.7900390625,2.898754844227769
2023-04-24,80.78205108642578,480.1697082519531,30.625,2473.9503145217896,2400.8485412597656,3.0448306923878787
2023-04-25,78.53915405273438,471.6459655761719,30.57200050354004,2401.099057247804,2358.2298278808594,1.8178562945863286
2023-04-26,78.50098419189453,465.4898986816406,30.693700790405273,2409.485720538345,2327.449493408203,3.5247264167271863
2023-04-27,79.85625457763672,467.3840637207031,30.628299713134766,2445.8612991722475,2336.9203186035156,4.661732781451122
2023-04-28,80.45755004882812,475.4342956542969,30.626800537109375,2464.1573370499536,2377.1714782714844,3.659216828637013
2023-05-01,80.15213012695312,475.4342956542969,30.746000289916992,2464.3574161207653,2377.1714782714844,3.6676335151335726
2023-05-02,79.1786117553711,474.4871826171875,30.72879981994629,2433.0637106520444,2372.4359130859375,2.555508337725576
2023-05-03,78.93045806884766,469.7518615722656,30.75480079650879,2427.4905146845995,2348.759307861328,3.352033840153701
2023-05-04,79.68445587158203,471.6459655761719,30.646799087524414,2442.0735094950796,2358.2298278808594,3.555365156650714
2023-05-05,81.09699249267578,473.5400695800781,30.627899169921875,2483.830509049585,2367.7003479003906,4.904765979030046
2023-05-08,81.64103698730469,477.3283996582031,30.577999114990234,2496.4195567446877,2386.6419982910156,4.5996659127041095
2023-05-09,81.18289184570312,483.01092529296875,30.58799934387207,2483.2222425100044,2415.0546264648438,2.822611766134009
2023-05-10,81.03019714355469,476.3813781738281,30.649799346923828,2483.5592834916315,2381.9068908691406,4.267689598286473
2023-05-11,79.62718963623047,472.5930480957031,30.61440086364746,2437.738703169234,2362.9652404785156,3.164391139142464
2023-05-12,79.62718963623047,469.7518615722656,30.697900772094727,2444.3875662137725,2348.759307861328,4.071437121393218
2023-05-15,81.75554656982422,469.2782897949219,30.809999465942383,2518.888346154112,2346.3914489746094,7.351582245787891
2023-05-16,81.96551513671875,478.2755126953125,30.743000030517578,2519.8658343495335,2391.3775634765625,5.372981365860774
2023-05-17,86.73760223388672,491.5345764160156,30.777799606323242,2669.5925398875406,2457.672882080078,8.622777235841973
2023-05-18,88.42694854736328,501.9524841308594,30.79129981994629,2722.7806848848268,2509.762420654297,8.487586812101355
2023-05-19,88.36014556884766,503.8468322753906,30.69029998779297,2711.79937447299,2519.234161376953,7.643799693109332
2023-05-22,87.53934478759766,502.899658203125,30.6200008392334,2680.454810862182,2514.498291015625,6.599985390307261
2023-05-23,86.31768035888672,501.9524841308594,30.660999298095703,2646.586336897075,2509.762420654297,5.451668058967418
2023-05-24,86.02180480957031,497.21710205078125,30.805400848388672,2649.936178860662,2486.0855102539062,6.5907092869875505
2023-05-25,96.3486099243164,514.2645263671875,30.808399200439453,2968.3464369557623,2571.3226318359375,15.440450770518343
2023-05-26,98.50560760498047,536.0474853515625,30.75979995727539,3030.0127845990646,2680.2374267578125,13.050163181414964
2023-05-29,98.50560760498047,537.9415893554688,30.684999465942383,3022.6445167511556,2689.7079467773438,12.378168059945605
2023-05-30,97.33168029785156,536.0474853515625,30.535999298095703,2972.1201212576707,2680.2374267578125,10.890180533481253
2023-05-31,94.09619140625,528.4708862304688,30.56130027770996,2875.7019605552778,2642.3544311523438,8.83104577689715
2023-06-01,94.33478546142578,521.8411865234375,30.64590072631836,2890.974470289395,2609.2059326171875,10.799014909090632
2023-06-02,94.43023681640625,532.2589721679688,30.582799911499023,2887.941038151621,2661.2948608398438,8.516387291269666
2023-06-05,93.58082580566406,525.6295166015625,30.66699981689453,2869.843167847139,2628.1475830078125,9.196423610378645
2023-06-06,95.27012634277344,530.3649291992188,30.64579963684082,2919.6292032771453,2651.8246459960938,10.098878811063216
2023-06-07,95.71871948242188,537.9415893554688,30.631799697875977,2932.0366425227257,2689.7079467773438,9.009479859541125
2023-06-08,95.3846435546875,529.4179077148438,30.712900161743164,2929.5390344585758,2647.0895385742188,10.670190477821562
2023-06-09,98.11430358886719,535.1004028320312,30.64579963684082,3006.791289292596,2675.5020141601562,12.38232202327203
2023-06-12,102.18012237548828,543.6241455078125,30.660999298095703,3132.9446604341792,2718.1207275390625,15.261424141034773
2023-06-13,101.93199157714844,561.6185913085938,30.711299896240234,3130.4639623468393,2808.0929565429688,11.480068886349827
2023-06-14,102.51416778564453,558.77734375,30.577999114990234,3134.678131823399,2793.88671875,12.197753430241832
2023-06-15,100.80628204345703,562.3453979492188,30.731300354003906,3097.9081310479087,2811.7269897460938,10.17812690725204
2023-06-16,100.22162628173828,560.4423828125,30.65329933166504,3072.1235099203914,2802.2119140625,9.63209079596652
2023-06-19,100.22162628173828,554.7332153320312,30.70800018310547,3077.605718210747,2773.6660766601562,10.958047333389631
2023-06-20,99.65616607666016,554.7332153320312,30.791799545288086,3068.592689284458,2773.6660766601562,10.633097296969174
2023-06-21,97.4134750366211,552.8302001953125,30.95330047607422,3015.2685632270877,2764.1510009765625,9.084798991147958
2023-06-22,98.84151458740234,552.8302001953125,30.92300033569336,3056.4761887666828,2764.1510009765625,10.57558677824919
2023-06-23,97.67224884033203,552.8302001953125,30.993799209594727,3027.2340689068224,2764.1510009765625,9.517680757574887
2023-06-26,95.94710540771484,546.1696166992188,30.996999740600586,2974.072401434314,2730.8480834960938,8.906548826650184
2023-06-27,97.83519744873047,544.2666015625,31.003999710083008,3033.2824333363533,2721.3330078125,11.463111079323918
2023-06-28,96.72342681884766,546.1696166992188,30.993499755859375,2997.797505495837,2730.8480834960938,9.775330367626612
2023-06-29,96.4550552368164,545.2180786132812,31.056499481201172,2995.556372921419,2726.0903930664062,9.884704503576923
2023-06-30,96.72342681884766,548.0726318359375,31.117300033569336,3009.7718925970694,2740.3631591796875,9.83113250938712
2023-07-03,98.86068725585938,550.9271850585938,31.145999908447266,3079.11495622003,2754.6359252929688,11.779379915425704
2023-07-04,98.86068725585938,556.6362915039062,31.087799072265625,3073.361181556247,2783.1814575195312,10.426187744701853
2023-07-05,96.79049682617188,553.7817993164062,31.077999114990234,3008.0549747032346,2768.9089965820312,8.636830550097807
2023-07-06,95.27621459960938,537.6058349609375,31.224199295043945,2974.9235127355787,2688.0291748046875,10.673036610614052
2023-07-07,96.0621109008789,537.6058349609375,31.326900482177734,3009.3281882997544,2688.0291748046875,11.952958565578541
2023-07-10,95.62123107910156,537.6058349609375,31.259000778198242,2989.0241367139097,2688.0291748046875,11.197607701973421
2023-07-11,97.04927825927734,549.0240478515625,31.360000610351562,3043.465425445116,2745.1202392578125,10.868201032533499
2023-07-12,99.57950592041016,549.9757080078125,31.265499114990234,3113.4029542257485,2749.8785400390625,13.219653482641537
2023-07-13,101.1800537109375,556.6362915039062,31.03380012512207,3140.00156351435,2783.1814575195312,12.82058361774332
2023-07-14,100.7679443359375,562.3453979492188,30.957799911499023,3119.5538582450245,2811.7269897460938,10.947964351500872
2023-07-17,100.43247985839844,562.3453979492188,30.950000762939453,3108.385328241333,2811.7269897460938,10.550751889394071
2023-07-18,98.86068725585938,552.8302001953125,30.950000762939453,3059.7383459935663,2764.1510009765625,10.693603385364048
2023-07-19,98.7744140625,552.8302001953125,30.902999877929688,3052.425705716014,2764.1510009765625,10.42905053441745
2023-07-20,93.79065704345703,550.9271850585938,31.04330062866211,2911.571562759782,2754.6359252929688,5.6971462553666585
2023-07-21,93.2060317993164,532.848388671875,31.037799835205078,2892.910158420942,2664.241943359375,8.582862214579379
2023-07-24,94.16444396972656,530.9452514648438,31.32200050354004,2949.418761435343,2654.7262573242188,11.100673875435806
2023-07-25,96.14836120605469,541.4120483398438,31.299999237060547,3009.4436323941336,2707.0602416992188,11.170175899192735
2023-07-26,95.27621459960938,538.5575561523438,31.166000366210938,2969.3785391026177,2692.7877807617188,10.271539417883812
2023-07-27,95.21870422363281,541.4120483398438,31.214000701904297,2972.1567004708922,2707.0602416992188,9.792780178592286
2023-07-28,96.66592407226562,539.5089721679688,31.296300888061523,3025.2858453881345,2697.5448608398438,12.149602748265442
2023-07-31,95.02703094482422,537.6058349609375,31.353500366210938,2979.4300495284842,2688.0291748046875,10.840688689510603
2023-08-01,94.30821228027344,539.5089721679688,31.39889907836914,2961.174039649719,2697.5448608398438,9.772930290686531
2023-08-02,91.72047424316406,533.7999267578125,31.594999313354492,2897.908320733317,2668.9996337890625,8.576572437339847
2023-08-03,91.03042602539062,533.7999267578125,31.63010025024414,2879.3015010055387,2668.9996337890625,7.879426604413564
2023-08-04,92.16136169433594,527.1393432617188,31.640499114990234,2916.031483125931,2635.6967163085938,10.63607831214959
2023-08-07,92.34344482421875,530.9452514648438,31.652000427246094,2922.854755029548,2654.7262573242188,10.10004315757904
2023-08-08,90.56080627441406,525.2363891601562,31.66550064086914,2867.6532691200846,2626.1819458007812,9.194767472429376
2023-08-09,90.07201385498047,527.1393432617188,31.795499801635742,2863.8846986589633,2635.6967163085938,8.657596336423579
2023-08-10,90.85791778564453,524.2847290039062,31.708999633789062,2881.013681791839,2621.4236450195312,9.902635816439108
2023-08-11,88.16474914550781,519.5271606445312,31.741500854492188,2798.4814603382256,2597.6358032226562,7.7318635994467755
2023-08-14,89.19984436035156,514.7695922851562,31.893999099731445,2844.939755725238,2573.8479614257812,10.532548867000102
2023-08-15,87.86764526367188,515.7211303710938,31.90399932861328,2803.3292954990175,2578.6056518554688,8.71492868565793
2023-08-16,87.96348571777344,515.7211303710938,31.864900588989258,2802.947727857827,2578.6056518554688,8.700131244997845
2023-08-17,87.82930755615234,517.6242065429688,31.912799835205078,2802.8791117041546,2588.1210327148438,8.297837553757592
2023-08-18,87.31175994873047,512.8665771484375,31.896400451660156,2784.9308594639297,2564.3328857421875,8.602548247471198
2023-08-21,88.7110595703125,510.9635009765625,31.902000427246094,2830.060260313563,2554.8175048828125,10.773480098077526
2023-08-22,88.40435028076172,514.7695922851562,31.916200637817383,2821.5309808166785,2573.8479614257812,9.623063331747584
2023-08-23,90.3020248413086,525.2363891601562,31.976999282836914,2887.587783589246,2626.1819458007812,9.953835765509256
2023-08-24,88.68230438232422,536.6544189453125,31.85580062866211,2825.0458076936484,2683.2720947265625,5.28361299048703
2023-08-25,89.22859954833984,519.5271606445312,31.81410026550293,2838.727612581293,2597.6358032226562,9.281201354690904
2023-08-28,90.09117126464844,522.3817749023438,31.812000274658203,2865.9803650152753,2611.9088745117188,9.727425523260402
2023-08-29,91.12626647949219,525.2363891601562,31.81800079345703,2899.4556191492593,2626.1819458007812,10.40574031001309
2023-08-30,90.83873748779297,528.0908203125,31.767000198364258,2885.674191793878,2640.4541015625,9.28704233435711
2023-08-31,89.67904663085938,522.3817749023438,31.798799514770508,2851.686024490453,2611.9088745117188,9.1801499018054
2023-09-01,89.31485748291016,521.4302368164062,31.80780029296875,2840.909150011372,2607.1511840820312,8.966030330598018
2023-09-04,89.31485748291016,529.9937744140625,31.863000869750977,2845.839381659651,2649.9688720703125,7.39142680707463
2023-09-05,90.66621398925781,525.2363891601562,31.857799530029297,2888.426069416513,2626.1819458007812,9.98575609108332
2023-09-06,88.42352294921875,523.3333740234375,31.904499053955078,2821.1082042807247,2616.6668701171875,7.813044010236636
2023-09-07,86.305419921875,515.7211303710938,31.933900833129883,2756.0687211467884,2578.6056518554688,6.8821329528857556
2023-09-08,85.9124755859375,512.8665771484375,32.03139877319336,2751.896765085403,2564.3328857421875,7.314334281094292
2023-09-11,85.8741455078125,510.01214599609375,32.084999084472656,2755.2718799980357,2550.0607299804688,8.04730442710433
2023-09-12,86.7175521850586,517.6242065429688,31.9064998626709,2766.8535668837285,2588.1210327148438,6.905880053893809
2023-09-13,87.42678833007812,514.7695922851562,31.96380043029785,2794.4924144445104,2573.8479614257812,8.572551927134931
2023-09-14,88.12137603759766,526.25146484375,31.894899368286133,2810.6224209140782,2631.25732421875,6.8167067904916445
2023-09-15,85.98265075683594,533.9059448242188,31.868900299072266,2740.172524419555,2669.5297241210938,2.6462638591416843
2023-09-18,85.57803344726562,516.6832885742188,31.878000259399414,2728.0565724308253,2583.4164428710938,5.598792635963301
2023-09-19,84.94217681884766,514.7695922851562,31.898500442504883,2709.52806484334,2573.8479614257812,5.271488660208146
2023-09-20,84.09441375732422,511.899169921875,31.979999542236328,2689.339313463861,2559.495849609375,5.07300935355306
2023-09-21,82.23506164550781,504.24456787109375,32.0088996887207,2632.253839106823,2521.2228393554688,4.403855066604834
2023-09-22,82.50481414794922,499.4604187011719,32.13800048828125,2651.539757372346,2497.3020935058594,6.176171648098783
2023-09-25,83.08283996582031,502.33099365234375,32.13100051879883,2669.5347740450525,2511.6549682617188,6.285887503592913
2023-09-26,81.2042236328125,496.5900573730469,32.10279846191406,2606.8828255403787,2482.9502868652344,4.991341926205495
2023-09-27,82.3121337890625,499.4604187011719,32.18980026245117,2649.61114584608,2497.3020935058594,6.098943845692295
2023-09-28,83.24662017822266,500.417236328125,32.225799560546875,2682.6888959563803,2502.086181640625,7.218085277835384
2023-09-29,83.71868896484375,500.417236328125,32.06079864501953,2684.088029726874,2502.086181640625,7.274003966038856
2023-10-02,84.44122314453125,509.9856262207031,32.244998931884766,2722.8071501024533,2549.9281311035156,6.779760452468997
2023-10-03,82.28323364257812,506.1582336425781,32.306800842285156,2658.3080419499893,2530.7911682128906,5.038616988186506
2023-10-04,83.49710083007812,497.54681396484375,32.31169891357422,2697.9331821778324,2487.7340698242188,8.449420494870896
2023-10-05,83.84391021728516,505.2013854980469,32.29119873046875,2707.4203671659343,2526.0069274902344,7.181826688652304
2023-10-06,86.02117919921875,509.0286560058594,32.20370101928711,2770.20033625816,2545.143280029297,8.842608508322257
2023-10-09,85.73217010498047,509.0286560058594,32.11800003051758,2753.545842048101,2545.143280029297,8.188244789755217
2023-10-10,87.29286193847656,509.0286560058594,32.137298583984375,2805.3567683673464,2545.143280029297,10.22392296653154
2023-10-11,88.6319580078125,520.510498046875,32.01649856567383,2837.684956429992,2602.552490234375,9.034686796055436
2023-10-12,89.03660583496094,526.25146484375,32.059200286865234,2854.4423793256865,2631.25732421875,8.482068745336523
2023-10-13,87.14835357666016,529.121826171875,32.1697998046875,2803.545087869279,2645.609130859375,5.9697388842395505
2023-10-16,87.88053894042969,521.4673461914062,32.19490051269531,2829.30520818918,2607.3367309570312,8.513226335390689
2023-10-17,87.66858673095703,527.2081909179688,32.186500549316406,2821.7450149737415,2636.0409545898438,7.044809378266748
2023-10-18,86.31982421875,516.6832885742188,32.32500076293945,2790.2883837278932,2583.4164428710938,8.007688478861397
2023-10-19,89.5086669921875,522.4241333007812,32.395301818847656,2899.660282614641,2612.1206665039062,11.007899435809044
2023-10-20,87.96723937988281,531.9923706054688,32.34830093383789,2845.5907317794045,2659.9618530273438,6.978629356687716
2023-10-23,87.77456665039062,520.510498046875,32.332000732421875,2837.9273532284424,2602.552490234375,9.044000606222946
2023-10-24,88.28515625,520.510498046875,32.236000061035156,2845.9603022634983,2602.552490234375,9.352657168009815
2023-10-25,84.43158721923828,520.510498046875,32.20399856567383,2719.0347137059143,2602.552490234375,4.475691610778987
2023-10-26,84.24855041503906,508.07183837890625,32.38029861450195,2727.9932202778873,2540.3591918945312,7.386121969760651
2023-10-27,82.84199523925781,509.9856262207031,32.3588981628418,2680.6756875537685,2549.9281311035156,5.127499667752211
2023-10-30,82.909423828125,509.0286560058594,32.41400146484375,2687.426185414195,2545.143280029297,5.590369174943288
2023-10-31,83.15028381347656,506.1582336425781,32.247501373291016,2681.388891464623,2530.7911682128906,5.950618334031743
2023-11-01,84.58573150634766,505.2013854980469,32.40290069580078,2740.8230582818505,2526.0069274902344,8.504178213202728
2023-11-02,87.16761779785156,523.3809204101562,32.376800537109375,2822.208574736025,2616.9046020507812,7.845298316352611
2023-11-03,88.4296646118164,525.2946166992188,32.159000396728516,2843.8096193339734,2626.4730834960938,8.274843447037483
2023-11-06,89.21000671386719,526.25146484375,32.08940124511719,2862.6957005208824,2631.25732421875,8.795733285829389
2023-11-07,89.02696990966797,531.0354614257812,32.10200119018555,2857.943893998774,2655.1773071289062,7.636649587410149
2023-11-08,88.6319580078125,531.9923706054688,32.0802001953125,2843.330956593156,2659.9618530273438,6.893674183978127
2023-11-09,88.26589965820312,532.94921875,32.215999603271484,2843.5741883710725,2664.74609375,6.710886828598905
2023-11-10,93.87281799316406,532.94921875,32.253501892089844,3027.7271127583226,2664.74609375,13.621598690384529
2023-11-13,92.8901596069336,546.3447265625,32.34579849243164,3004.606384575687,2731.7236328125,9.98939821310676
2023-11-14,95.28900909423828,547.3014526367188,32.24449920654297,3072.546378131432,2736.5072631835938,12.279854669813584
2023-11-15,95.18302154541016,555.9130249023438,32.07699966430664,3053.1857501598133,2779.5651245117188,9.844008447046582
2023-11-16,94.93255615234375,557.826416015625,32.00859832763672,3038.658058096189,2789.132080078125,8.946366498752356
2023-11-17,95.93448638916016,554.9559936523438,31.836999893188477,3054.2662329247833,2774.7799682617188,10.072375750865415
2023-11-20,96.3005599975586,552.08544921875,31.734699249267578,3056.06930905857,2760.42724609375,10.710011045687938
2023-11-21,94.80732727050781,559.740234375,31.468000411987305,2983.397013607755,2798.701171875,6.599341279762916
2023-11-22,95.03852081298828,552.08544921875,31.374000549316406,2981.738604192913,2760.42724609375,8.01728639696404
2023-11-23,95.03852081298828,553.0423583984375,31.51799964904785,2995.4240656297916,2765.2117919921875,8.325303483236945
2023-11-24,94.24855041503906,550.1719360351562,31.61400032043457,2979.5737030215387,2750.8596801757812,8.314274424609792
2023-11-27,93.6512451171875,543.4742431640625,31.63599967956543,2962.7507605182473,2717.3712158203125,9.030034000115815
2023-11-28,94.39305114746094,550.1719360351562,31.524999618530273,2975.7409014156146,2750.8596801757812,8.174943377172305
2023-11-29,95.26010131835938,549.21533203125,31.27199935913086,2978.973827378475,2746.07666015625,8.481087604050108
2023-11-30,93.7475814819336,552.08544921875,31.069000244140625,2912.643631949788,2760.42724609375,5.514232844623512
2023-12-01,94.94219207763672,553.9993286132812,31.374000549316406,2978.716386397078,2769.9966430664062,7.535017916109021
2023-12-04,93.45856475830078,549.21533203125,31.18899917602539,2914.8790992391587,2746.07666015625,6.147040304159024
2023-12-05,93.15027618408203,545.3878173828125,31.423599243164062,2927.1169481986435,2726.9390869140625,7.340752943297746
2023-12-06,94.2677993774414,545.3878173828125,31.516000747680664,2970.944035661654,2726.9390869140625,8.947942765517357
2023-12-07,95.65509033203125,541.560546875,31.489099502563477,3012.0926573920297,2707.802734375,11.237521816273087
2023-12-08,96.67627716064453,545.3878173828125,31.427000045776367,3038.2453667530644,2726.9390869140625,11.415960163279305
2023-12-11,97.25431823730469,549.21533203125,31.409500122070312,3054.7095205464866,2746.07666015625,11.239047506149213
2023-12-12,97.88052368164062,553.0423583984375,31.327999114990234,3066.400959273218,2765.2117919921875,10.892083136389342
2023-12-13,98.3814926147461,552.08544921875,31.473100662231445,3096.3706203644833,2760.42724609375,12.169977482511918
2023-12-14,100.13247680664062,559.7802124023438,31.156999588012695,3119.8275386111927,2798.9010620117188,11.466160092447385
2023-12-15,99.25167846679688,562.6657104492188,31.18429946899414,3095.094064108911,2813.3285522460938,10.015378816592978
2023-12-18,99.629150390625,562.6657104492188,31.34779930114746,3123.1546109891497,2813.3285522460938,11.01279331543763
2023-12-19,100.53902435302734,562.6657104492188,31.375,3154.411889076233,2813.3285522460938,12.123835893885438
2023-12-20,96.83183288574219,562.6657104492188,31.270000457763672,3027.9314586632536,2813.3285522460938,7.628078357425627
2023-12-21,99.26134490966797,554.9710083007812,31.309999465942383,3107.8726561104268,2774.8550415039062,12.001261674052444
2023-12-22,99.84209442138672,559.7802124023438,31.19300079345703,3114.3745305067278,2798.9010620117188,11.27133333781587
2023-12-25,99.84209442138672,558.8184204101562,31.079999923706055,3103.092286999352,2794.0921020507812,11.059055094202996
2023-12-26,101.10040283203125,563.6273803710938,31.119699478149414,3146.2141532526584,2818.1369018554688,11.641636401027311
2023-12-27,101.29399871826172,569.3983764648438,30.94300079345703,3134.340282711608,2846.9918823242188,10.093053028054456
2023-12-28,101.34239959716797,570.3601684570312,30.845699310302734,3125.977185358788,2851.8008422851562,9.61414762939523
2023-12-29,100.66485595703125,570.3601684570312,30.697999954223633,3090.209743560874,2851.8008422851562,8.359942172002444
2024-01-01,100.66485595703125,570.3601684570312,30.682100296020508,3088.6092067580903,2851.8008422851562,8.303818449088428
2024-01-02,98.27404022216797,570.3601684570312,30.66860008239746,3013.927238055112,2851.8008422851562,5.685053225527614
2024-01-03,96.95767211914062,555.9329223632812,30.878999710083008,2993.9559292572667,2779.6646118164062,7.7092508401878534
2024-01-04,95.95101928710938,557.8564453125,31.041900634765625,2978.5020065149292,2789.2822265625,6.783816214453964
2024-01-05,96.4156265258789,554.0092163085938,31.054000854492188,2994.090948521043,2770.0460815429688,8.088127792201828
2024-01-08,98.96128845214844,560.741943359375,30.95199966430664,3063.049766950251,2803.709716796875,9.249889480343976
2024-01-09,98.62251281738281,563.6273803710938,30.72100067138672,3029.7822824766627,2818.1369018554688,7.510117073512146
2024-01-10,97.56747436523438,561.7039184570312,31.061100006103516,3030.553078601486,2808.5195922851562,7.905712565660683
2024-01-11,97.9739990234375,563.6273803710938,31.117799758911133,3048.735283191083,2818.1369018554688,8.182653624236202
2024-01-12,97.99333953857422,561.7039184570312,30.893999099731445,3027.4061434843898,2808.5195922851562,7.793662960390324
2024-01-15,97.99333953857422,563.6273803710938,31.075599670410156,3045.2017898673075,2818.1369018554688,8.05726960469304
2024-01-16,98.40956115722656,557.8564453125,31.19499969482422,3069.886230267468,2789.2822265625,10.060079293259005
2024-01-17,99.64851379394531,558.8184204101562,31.45800018310547,3134.7429651761195,2794.0921020507812,12.191826564174836
2024-01-18,109.40526580810547,565.5511474609375,31.542499542236328,3450.9155466704105,2827.7557373046875,22.037257360838947
2024-01-19,110.53773498535156,602.100341796875,31.58060073852539,3490.8480751133175,3010.501708984375,15.955691527941118
2024-01-22,109.40526580810547,602.100341796875,31.383800506591797,3433.5530364922306,3010.501708984375,14.05251909491778
2024-01-23,110.46997833251953,604.0239868164062,31.368000030517578,3465.222283705749,3020.1199340820312,14.737903107778628
2024-01-24,112.7833480834961,603.0621948242188,31.395000457763672,3540.8332647094794,3015.3109741210938,17.428460782276865
2024-01-25,112.82205963134766,617.489501953125,31.29199981689453,3530.4278693257947,3087.447509765625,14.347785935113677
2024-01-26,113.4996109008789,619.4130859375,31.315000534057617,3554.2403759763547,3097.0654296875,14.761552723636996
2024-01-29,113.22860717773438,623.2604370117188,31.273099899291992,3541.0095437269774,3116.3021850585938,13.628567881018828
2024-01-30,112.33808898925781,617.489501953125,31.184999465942383,3503.2632451349928,3087.447509765625,13.467945092317812
2024-01-31,109.33750915527344,604.0239868164062,31.159099578857422,3406.8583354734,3020.1199340820312,12.805398786552447
2024-02-01,109.75371551513672,604.0239868164062,31.2450008392334,3429.2549333794304,3020.1199340820312,13.546978538180344
2024-02-02,112.03804016113281,610.7568359375,31.233999252319336,3499.396062624146,3053.7841796875,14.59212101171623
2024-02-05,114.98053741455078,621.3367309570312,31.3257999420166,3601.8573122737725,3106.6836547851562,15.938979069398052
2024-02-06,115.55162048339844,621.3367309570312,31.340299606323242,3621.4224059458647,3106.6836547851562,16.568753318924756
2024-02-07,120.9720458984375,621.3367309570312,31.20199966430664,3774.5697355135344,3106.6836547851562,21.498361434375468
2024-02-08,129.4414520263672,621.3367309570312,31.36680030822754,4060.1641773180745,3106.6836547851562,30.691265300356328
2024-02-09,128.84132385253906,621.3367309570312,31.303300857543945,4033.158723440283,3106.6836547851562,29.821995787311593
2024-02-12,126.27629852294922,621.3367309570312,31.367799758911133,3961.0096463643567,3106.6836547851562,27.49961330189834
2024-02-13,123.4596176147461,621.3367309570312,31.288400650024414,3862.8539800289873,3106.6836547851562,24.340113422205654
2024-02-14,125.12446594238281,621.3367309570312,31.468700408935547,3937.504332568904,3106.6836547851562,26.74300862606507
2024-02-15,124.89216613769531,670.3897705078125,31.34510040283203,3914.7574871132383,3351.9488525390625,16.79048993089065
2024-02-16,122.62720489501953,656.9241943359375,31.262699127197266,3833.6574114421674,3284.6209716796875,16.71536668907383
2024-02-19,122.62720489501953,652.1151123046875,31.333200454711914,3842.302792176677,3260.5755615234375,17.8412436601052
2024-02-20,121.3108139038086,660.771484375,31.402099609375,3809.414261901751,3303.857421875,15.302017474465913
2024-02-21,121.32050323486328,655.0006103515625,31.37779998779297,3806.77048492193,3275.0030517578125,16.237158401385265
2024-02-22,124.93089294433594,665.5805053710938,31.426300048828125,3926.1157270367257,3327.9025268554688,17.975682741721034
2024-02-23,125.37613677978516,670.3897705078125,31.45400047302246,3943.581065577091,3351.9488525390625,17.65039501094636
2024-02-26,126.45051574707031,671.3515625,31.601999282836914,3996.089107953274,3356.7578125,19.046095404098317
2024-02-27,124.46627807617188,671.3515625,31.5487003326416,3926.7493085443857,3356.7578125,16.980417649490033
2024-02-28,123.2950668334961,671.3515625,31.576000213623047,3893.1650566731405,3356.7578125,15.97992092773719
2024-02-29,124.54370880126953,663.6569213867188,31.647899627685547,3941.546795402275,3318.2846069335938,18.782662197400658
2024-03-01,129.60598754882812,662.6951293945312,31.614900588989258,4097.480412093981,3313.4756469726562,23.661099360655548
2024-03-04,133.82614135742188,697.3206787109375,31.55929946899414,4223.459271878819,3486.6033935546875,21.13391731581167
2024-03-05,130.64166259765625,702.1298217773438,31.509300231933594,4116.42736958852,3510.6491088867188,17.25544883333281
2024-03-06,137.03001403808594,706.9389038085938,31.54050064086914,4321.995245586557,3534.6945190429688,22.273515357608687
2024-03-07,144.4153289794922,730.9844970703125,31.464000701904297,4543.884012376482,3654.9224853515625,24.322308628644194
2024-03-08,141.67608642578125,754.0681762695312,31.434799194335938,4453.559327433817,3770.3408813476562,18.120866722320184
2024-03-11,134.56179809570312,736.7553100585938,31.452999114990234,4232.372116415645,3683.7765502929688,14.892205285335415
2024-03-12,139.7692413330078,740.6026611328125,31.362199783325195,4383.470870249585,3703.0133056640625,18.375779626411457
2024-03-13,137.58172607421875,749.2589721679688,31.398799896240234,4319.901086383732,3746.2948608398438,15.311294141307851
2024-03-14,135.1425323486328,754.0681762695312,31.406600952148438,4244.367585136322,3770.3408813476562,12.57251582035288
2024-03-15,132.5872039794922,724.2517700195312,31.525999069213867,4179.94406924714,3621.2588500976562,15.427928305495687
2024-03-18,132.79519653320312,738.2630004882812,31.603700637817383,4196.819637375476,3691.3150024414062,13.694432325600324
2024-03-19,131.07501220703125,736.330322265625,31.641000747680664,4147.344559244928,3681.651611328125,12.649022696332967
2024-03-20,132.902099609375,732.4651489257812,31.73040008544922,4217.036792801693,3662.3257446289062,15.14641478809784
2024-03-21,135.52613830566406,757.5892944335938,31.76219940185547,4304.608229027945,3787.9464721679688,13.639626659356496
2024-03-22,136.58543395996094,758.5554809570312,31.882999420166016,4354.753311748558,3792.7774047851562,14.817002080174424
2024-03-25,136.2841796875,753.7240600585938,31.934999465942383,4352.235205536708,3768.6203002929688,15.48616890904
2024-03-26,134.93328857421875,755.6565551757812,31.733999252319336,4281.972878727247,3778.2827758789062,13.331191250797048
2024-03-27,132.8437957763672,752.7576293945312,31.885299682617188,4235.764239305863,3763.7881469726562,12.539921852743841
2024-03-28,132.2218017578125,743.0946044921875,31.979400634765625,4228.373971063644,3715.4730224609375,13.804458961270761
2024-03-29,132.2218017578125,749.8588256835938,32.01810073852539,4233.490968510974,3749.2941284179688,12.91434663455744
2024-04-01,137.50872802734375,744.0608520507812,31.93400001525879,4391.203722923412,3720.3042602539062,18.033456828708893
2024-04-02,136.27447509765625,763.3871459960938,32.01499938964844,4362.827237076126,3816.9357299804688,14.301826012104502
2024-04-03,138.0043487548828,753.7240600585938,32.03900146484375,4421.521531912498,3768.6203002929688,17.32467533459854
2024-04-04,135.73023986816406,753.7240600585938,31.968700408935547,4339.119374778296,3768.6203002929688,15.138141522004144
2024-04-05,137.3824005126953,753.7240600585938,32.04800033569336,4402.831217749219,3768.6203002929688,16.828729532846467
2024-04-08,138.77215576171875,756.6229248046875,32.11119842529297,4456.140229570214,3783.1146240234375,17.790251484132845
2024-04-09,141.30870056152344,791.4100952148438,32.07279968261719,4532.165646520676,3957.0504760742188,14.533935665562403
2024-04-10,142.1056365966797,787.544921875,31.96619987487793,4542.577182796231,3937.724609375,15.360458981341353
2024-04-11,143.05804443359375,792.37646484375,32.18299865722656,4604.036851911806,3961.88232421875,16.208319055000775
2024-04-12,138.50973510742188,790.4439086914062,32.2244987487793,4463.406785662868,3952.2195434570312,12.934181327353533
2024-04-15,136.1967010498047,778.8480834960938,32.25400161743164,4392.888615949254,3894.2404174804688,12.804761519870556
2024-04-16,135.8662872314453,761.4545288085938,32.38880157470703,4400.546217831434,3807.2726440429688,15.582639575779478
2024-04-17,135.11795043945312,776.91552734375,32.49789810180664,4391.049385106307,3884.57763671875,13.03801328618488
2024-04-18,128.54815673828125,776.91552734375,32.3380012512207,4156.990453444654,3884.57763671875,7.012675307372862
2024-04-19,124.10675048828125,724.7345581054688,32.41590118408203,4023.0321601056494,3623.6727905273438,11.020845221518695
2024-04-22,126.09906768798828,717.004150390625,32.50400161743164,4098.724300086993,3585.020751953125,14.329165259475873
2024-04-23,129.67550659179688,728.5999145507812,32.58300018310547,4225.217055024812,3642.9995727539062,15.981815826313195
2024-04-24,129.22845458984375,756.6229248046875,32.503501892089844,4200.377318272833,3783.1146240234375,11.029607498533212
2024-04-25,132.73687744140625,740.1956787109375,32.62730026245117,4330.845956180943,3700.9783935546875,17.01894730656035
2024-04-26,134.40847778320312,755.6565551757812,32.53099822998047,4372.44195285975,3778.2827758789062,15.725640779828343
2024-04-29,134.6028594970703,768.21875,32.558998107910156,4382.534247684409,3841.09375,14.095997987146468
2024-04-30,133.47549438476562,763.3871459960938,32.433998107910156,4329.143932327861,3816.9357299804688,13.41935622138477
2024-05-01,131.14305114746094,763.3871459960938,32.613800048828125,4277.073247916531,3816.9357299804688,12.05515498523777
2024-05-02,132.39674377441406,745.9934692382812,32.47600173950195,4299.7168811222655,3729.9673461914062,15.274920181610142
2024-05-03,137.57676696777344,753.7240600585938,32.34600067138672,4450.058196706814,3768.6203002929688,18.081893162886974
2024-05-06,138.81101989746094,759.5219116210938,32.27690124511719,4480.389580964344,3797.6095581054688,17.979205403082467
2024-05-07,137.13941955566406,773.05029296875,32.26300048828125,4424.529160086997,3865.25146484375,14.469374123006906
2024-05-08,139.5593719482422,774.98291015625,32.363800048828125,4516.671608672943,3874.91455078125,16.561837673615365
2024-05-09,138.77215576171875,769.1849975585938,32.33300018310547,4486.920137653593,3845.9249877929688,16.66686562777886
2024-05-10,145.0601043701172,774.98291015625,32.33879852294922,4691.069488943205,3874.91455078125,21.062527378762574
2024-05-13,142.290283203125,791.4100952148438,32.42399978637695,4613.620112181641,3957.0504760742188,16.59239982095968
2024-05-14,147.6743621826172,797.2080688476562,32.371498107910156,4780.440335981431,3986.0403442382812,19.929552215682776
2024-05-15,151.20225524902344,810.736572265625,32.31370162963867,4885.904561845411,4053.682861328125,20.530015025512416
2024-05-16,147.94651794433594,812.6691284179688,32.03129959106445,4738.9192397298175,4063.3456420898438,16.626043097148766
2024-05-17,147.41197204589844,806.8712768554688,32.12379837036133,4735.432467379782,4034.3563842773438,17.37764382528686
2024-05-20,149.22938537597656,806.8712768554688,32.16400146484375,4799.814169830643,4034.3563842773438,18.973479599780376
2024-05-21,149.3459930419922,812.6691284179688,32.2057991027832,4809.8070487160585,4063.3456420898438,18.37061063410539
2024-05-22,151.75621032714844,834.8943481445312,32.234798431396484,4891.830850608239,4174.471740722656,17.18442846043555
2024-05-23,152.66978454589844,845.5237426757812,32.223899841308594,4919.615846001194,4227.618713378906,16.36848494478378
2024-05-24,155.49790954589844,837.793212890625,32.22079849243164,5010.266809472756,4188.966064453125,19.60628786155738
2024-05-27,155.49790954589844,839.7259521484375,32.18899917602539,5005.3220822465955,4198.6297607421875,19.21322830241192
2024-05-28,154.92449951171875,835.860595703125,32.06999969482422,4968.428652061615,4179.302978515625,18.881753191922602
2024-05-29,149.9971466064453,828.1300659179688,32.17380142211914,4825.978408800263,4140.650329589844,16.55121839950937
2024-05-30,148.65599060058594,809.7700805664062,32.37699890136719,4813.034844356822,4048.8504028320312,18.87410908020386
2024-05-31,146.79000854492188,793.3428344726562,32.35639953613281,4749.596164391842,3966.7141723632812,19.736284441239093
2024-06-03,150.58998107910156,817.5006713867188,32.46500015258789,4888.90375871124,4087.5033569335938,19.606109935499827
2024-06-04,148.17977905273438,810.736572265625,32.314300537109375,4788.325913832523,4053.682861328125,18.12285463948957
2024-06-05,158.33570861816406,825.2311401367188,32.328800201416016,5118.80348866625,4126.155700683594,24.05744862750092
2024-06-06,157.50967407226562,863.8837280273438,32.25199890136719,5080.001835133415,4319.418640136719,17.608462118703592
2024-06-07,159.7643585205078,849.3890380859375,32.208900451660156,5145.834319310379,4246.9451904296875,21.165545788212683
2024-06-10,163.4282684326172,849.3890380859375,32.404998779296875,5295.892839061562,4246.9451904296875,24.698874169500318
2024-06-11,161.0471954345703,853.2542724609375,32.33399963378906,5207.299958204152,4266.2713623046875,22.0574013227117
2024-06-12,168.11264038085938,878.3783569335938,32.315799713134766,5432.694415794103,4391.891784667969,23.698275871904716
2024-06-13,168.5747833251953,891.473876953125,32.20100021362305,5428.276633866073,4457.369384765625,21.782068419521394
2024-06-14,168.18479919433594,894.3839111328125,32.29899978637695,5432.200793249707,4471.9195556640625,21.473580318978858
2024-06-17,172.7961883544922,893.4139404296875,32.3489990234375,5589.78372833319,4467.0697021484375,25.133120838584254
2024-06-18,175.18479919433594,914.7549438476562,32.30099868774414,5658.643968888966,4573.774719238281,23.719341599565258
2024-06-19,175.18479919433594,951.6168212890625,32.34749984741211,5666.790265207703,4758.0841064453125,19.09815250073983
2024-06-20,170.9828338623047,951.6168212890625,32.38079833984375,5536.560662870295,4758.0841064453125,16.361134839345446
2024-06-21,169.59844970703125,940.9462280273438,32.340999603271484,5484.983394690556,4704.731140136719,16.5844175004475
2024-06-24,163.6026153564453,911.8447265625,32.362998962402344,5294.671271026949,4559.2236328125,16.130984076356114
2024-06-25,168.2725372314453,916.6950073242188,32.32149887084961,5438.8206221211585,4583.475036621094,18.661508542449035
2024-06-26,167.75584411621094,931.2457275390625,32.4734992980957,5447.619286159228,4656.2286376953125,16.996387206097975
2024-06-27,167.3268585205078,931.2457275390625,32.582298278808594,5451.893614371191,4656.2286376953125,17.088185280130652
2024-06-28,169.45220947265625,937.0659790039062,32.52199935913086,5510.924647873035,4685.329895019531,17.620845732359292
2024-07-01,168.00929260253906,939.006103515625,32.50400161743164,5460.9743184964755,4695.030517578125,16.313925927651972
2024-07-02,171.2947998046875,931.2457275390625,32.52170181274414,5570.79840132175,4656.2286376953125,19.641856850034767
2024-07-03,177.91456604003906,949.6766357421875,32.57279968261719,5795.175520241959,4748.3831787109375,22.045237339401048
2024-07-04,177.91456604003906,974.8978271484375,32.621498107910156,5803.839679444791,4874.4891357421875,19.06559883143735
2024-07-05,179.3769989013672,974.8978271484375,32.50659942626953,5830.936249573133,4874.4891357421875,19.62148416370031
2024-07-08,181.95079040527344,1003.9993286132812,32.393001556396484,5893.932236785593,5019.996643066406,17.409087213758646
2024-07-09,179.8936767578125,1008.8497314453125,32.47100067138672,5841.327698781155,5044.2486572265625,15.801739678567795
2024-07-10,186.2599639892578,1013.6998291015625,32.50749969482422,6054.845722538768,5068.4991455078125,19.460328367721047
2024-07-11,179.87417602539062,1047.651611328125,32.58689880371094,5861.541571540292,5238.258056640625,11.898679067739337
2024-07-12,182.65272521972656,1008.8497314453125,32.38679885864258,5915.537072674197,5044.2486572265625,17.272907714400574
2024-07-15,180.5761260986328,1008.8497314453125,32.54800033569336,5877.391812876507,5044.2486572265625,16.51669479965774
2024-07-16,181.3755645751953,1023.4004516601562,32.57400131225586,5908.1278784835595,5117.002258300781,15.4607244681086
2024-07-17,166.9076385498047,999.1491088867188,32.56330108642578,5435.063687721617,4995.745544433594,8.79384547072306
2024-07-18,167.5608673095703,974.8978271484375,32.49079895019531,5444.186451675603,4874.4891357421875,11.687323534195837
2024-07-19,161.61378479003906,940.9462280273438,32.638999938964844,5274.912311897962,4704.731140136719,12.11931468085281
2024-07-22,165.10403442382812,910.8748168945312,32.78099822998047,5412.275060210144,4554.374084472656,18.836857926588667
2024-07-23,165.562255859375,949.6766357421875,32.80849838256836,5431.849003576674,4748.3831787109375,14.393653568861286
2024-07-24,155.79347229003906,949.6766357421875,32.75130081176758,5102.438875480846,4748.3831787109375,7.456342157837925
2024-07-25,156.2614288330078,949.6766357421875,32.71480178833008,5112.061671433097,4748.3831787109375,7.658996315897348
2024-07-26,157.8798065185547,896.3240966796875,32.643001556396484,5153.6707699087565,4481.6204833984375,14.995698297074455
2024-07-29,155.99818420410156,915.72509765625,32.79800033569336,5116.428497893678,4578.62548828125,11.745948887693602
2024-07-30,150.66534423828125,911.8447265625,32.849300384521484,4949.251150420634,4559.2236328125,8.554691522502345
2024-07-31,161.64305114746094,906.0245971679688,32.76150131225586,5295.6690322845825,4530.122985839844,16.899012429412295
2024-08-01,154.21408081054688,931.2457275390625,32.57229995727539,5023.10729779664,4656.2286376953125,7.879309386381861
2024-08-02,146.10267639160156,875.9530639648438,32.71649932861328,4779.968114074436,4379.765319824219,9.137539685945528
2024-08-05,144.24057006835938,790.5888671875,32.58890151977539,4700.641733114026,3952.9443359375,18.91494879851876
2024-08-06,151.49403381347656,853.6419677734375,32.67900085449219,4950.673660441069,4268.2098388671875,15.989462733514802
2024-08-07,151.15280151367188,892.44384765625,32.77799987792969,4954.486509563867,4462.21923828125,11.031893436778507
2024-08-08,160.4243927001953,869.1627807617188,32.650001525878906,5237.856666449574,4345.813903808594,20.526483240785097
2024-08-09,162.929931640625,906.0245971679688,32.41019821166992,5280.591379086487,4530.122985839844,16.56618143905675
2024-08-12,163.42715454101562,911.8447265625,32.435001373291016,5300.759981970885,4559.2236328125,16.26453117635174
2024-08-13,168.01905822753906,912.8148193359375,32.23899841308594,5416.766151565826,4564.0740966796875,18.682695259186577
2024-08-14,165.70848083496094,919.605224609375,32.30500030517578,5353.212523943628,4598.026123046875,16.424143332102915
2024-08-15,169.59844970703125,914.7549438476562,31.9950008392334,5426.302540709148,4573.774719238281,18.63947994388424
2024-08-16,170.16387939453125,939.9762573242188,32.442501068115234,5520.541839011712,4699.881286621094,17.461303857328268
2024-08-19,171.0511016845703,943.8564453125,32.135501861572266,5496.812996608496,4719.2822265625,16.475614992247365
2024-08-20,167.72657775878906,943.8564453125,31.910499572753906,5352.238887911313,4719.2822265625,13.412138349900204
2024-08-21,167.14161682128906,929.3056640625,31.895000457763672,5330.981945026375,4646.5283203125,14.73043049628593
2024-08-22,162.26699829101562,922.515380859375,31.69499969482422,5143.052461313782,4612.576904296875,11.500633334107446
2024-08-23,166.9856414794922,920.5751953125,32.03499984741211,5349.384999315545,4602.8759765625,16.21831712508035
2024-08-26,164.83106994628906,921.5452880859375,31.754499435424805,5234.1281175499025,4607.7264404296875,13.594593455548122
2024-08-27,166.27392578125,913.7848510742188,31.80900001525879,5289.00730771292,4568.924255371094,15.760450646458368
2024-08-28,164.95779418945312,935.1259765625,31.69499969482422,5228.337236493593,4675.6298828125,11.82102449368012
2024-08-29,164.90902709960938,914.7549438476562,31.982999801635742,5274.28538101475,4573.774719238281,15.31581034872509
2024-08-30,167.3950958251953,915.72509765625,31.857999801635742,5332.872929593868,4578.62548828125,16.47322855392026
2024-09-02,167.3950958251953,919.605224609375,31.996000289916992,5355.973534553632,4598.026123046875,16.484191068590626
2024-09-03,156.46615600585938,911.8447265625,31.930999755859375,4996.120789223351,4559.2236328125,9.582709504892971
2024-09-04,156.8366241455078,862.3724365234375,31.981000900268555,5015.792217992566,4311.8621826171875,16.325429838949802
2024-09-05,159.59567260742188,874.98291015625,31.954999923706055,5099.8797059939825,4374.91455078125,16.57095577062806
2024-09-06,152.88819885253906,890.5037841796875,32.00699996948242,4893.49257600744,4452.5189208984375,9.903914232441302
2024-09-09,158.69876098632812,872.0728759765625,32.025901794433594,5082.470934246434,4360.3643798828125,16.56069290206954
2024-09-10,158.3575439453125,876.9231567382812,32.108001708984375,5084.544291626662,4384.615783691406,15.963280306991612
2024-09-11,165.96194458007812,874.012939453125,32.15800094604492,5337.004370813607,4370.064697265625,22.12643840611792
2024-09-12,167.74874877929688,915.9110717773438,32.106998443603516,5385.908815973322,4579.555358886719,17.607680088894618
2024-09-13,168.79576110839844,922.7317504882812,31.92300033569336,5388.467138527019,4613.658752441406,16.793794852634214
2024-09-16,165.44921875,922.7317504882812,31.937999725341797,5284.117102995515,4613.658752441406,14.532031659240573
2024-09-17,163.75637817382812,922.7317504882812,31.863000869750977,5217.769620179955,4613.658752441406,13.093965118657124
2024-09-18,163.6878662109375,916.8854370117188,31.93950080871582,5228.108735221205,4584.427185058594,14.040610182673996
2024-09-19,172.43588256835938,935.3986206054688,31.77899932861328,5479.839796368731,4676.993103027344,17.16587293707399
2024-09-20,170.3418426513672,948.0654907226562,31.76799964904785,5411.419597566797,4740.327453613281,14.157084094306205
2024-09-23,171.00723266601562,951.9630126953125,31.98900032043457,5470.350420549803,4759.8150634765625,14.927793361666165
2024-09-24,178.06243896484375,961.7066650390625,31.933000564575195,5686.067963993992,4808.5333251953125,18.24952806712712
2024-09-25,178.4342498779297,979.245361328125,31.700000762939453,5656.3658572649,4896.226806640625,15.524996709574769
2024-09-26,182.81802368164062,988.9891967773438,31.863000869750977,5825.13084757427,4944.945983886719,17.799686114988212
2024-09-27,174.14830017089844,974.37353515625,31.459999084472656,5478.705363938934,4871.86767578125,12.455955878571178
2024-09-30,169.940673828125,932.4755249023438,31.575000762939453,5365.876905777492,4662.377624511719,15.088852468046255
2024-10-01,168.37501525878906,947.0911254882812,31.579999923706055,5317.282969026564,4735.455627441406,12.28661795949555
2024-10-02,172.02493286132812,947.0911254882812,31.761999130249023,5463.855767922651,4735.455627441406,15.38183857663562
2024-10-03,175.62586975097656,947.0911254882812,31.812000274658203,5587.010216755152,4735.455627441406,17.982527053555053
2024-10-04,177.2698211669922,951.9630126953125,32.018001556396484,5675.825410026882,4759.8150634765625,19.24466254118007
2024-10-07,180.54788208007812,979.245361328125,32.34000015258789,5838.918534019147,4896.226806640625,19.253432584045616
2024-10-08,182.05479431152344,984.1173095703125,32.12179946899414,5847.927595243731,4920.5865478515625,18.846148490103598
2024-10-09,183.12139892578125,993.8609619140625,32.16999816894531,5891.015068137087,4969.3048095703125,18.548072494801815
2024-10-10,181.7906036376953,993.8609619140625,32.227500915527344,5858.656845168094,4969.3048095703125,17.896910527303355
2024-10-11,186.71255493164062,1018.2203979492188,32.195499420166016,6011.303954039351,5091.101989746094,18.074710861157794
2024-10-14,188.08251953125,1018.2203979492188,32.130001068115234,6043.091553432867,5091.101989746094,18.699086476840577
2024-10-15,183.1116180419922,1042.57958984375,32.152000427246094,5887.404821519856,5212.89794921875,12.939191959478013
2024-10-16,183.45408630371094,1018.2203979492188,32.17100143432617,5901.901673609682,5091.101989746094,15.925818918902168
2024-10-17,201.41983032226562,1008.4766235351562,32.1349983215332,6472.625909329508,5042.383117675781,28.364421311821665
2024-10-18,196.46849060058594,1057.1954345703125,32.06800079345703,6300.351712468895,5285.9771728515625,19.189915250241608
2024-10-21,197.6133575439453,1057.1954345703125,32.04199981689453,6331.927166239009,5285.9771728515625,19.787258990813996
2024-10-22,194.21786499023438,1047.4515380859375,32.05099868774414,6224.876535938471,5237.2576904296875,18.85755683386574
2024-10-23,196.54676818847656,1032.8359375,32.013999938964844,6292.248224789626,5164.1796875,21.84409926750106
2024-10-24,193.67967224121094,1032.8359375,32.00400161743164,6198.524543671345,5164.1796875,20.029218942071235
2024-10-25,199.07138061523438,1037.707763671875,31.983800888061523,6367.059400109167,5188.538818359375,22.71392048912997
2024-10-28,190.49948120117188,1023.0922241210938,32.06380081176758,6108.137419979437,5115.461120605469,19.405411867473532
2024-10-29,192.71096801757812,1013.3485717773438,32.01380157470703,6169.410691384459,5066.742858886719,21.76285363611332
2024-10-30,190.3037872314453,1003.604736328125,32.00299835205078,6090.291789156967,5018.023681640625,21.3683349371075
2024-10-31,186.44839477539062,1003.604736328125,31.86549949645996,5941.271229830978,5018.023681640625,18.3986287583342
2024-11-01,188.806640625,998.7328491210938,31.86280059814453,6015.90834183991,4993.664245605469,20.47082154420048
2024-11-04,187.4464569091797,1013.3485717773438,31.922800064086914,5983.815766633226,5066.742858886719,18.099850994767273
2024-11-05,191.55628967285156,1023.0922241210938,31.91200065612793,6112.944441725471,5115.461120605469,19.499382315742043
2024-11-06,189.0708465576172,1032.8359375,31.82229995727539,6016.669192332483,5164.1796875,16.50774288307495
2024-11-07,196.86968994140625,1037.707763671875,32.334598541259766,6365.702389197657,5188.538818359375,22.687766480091653
2024-11-08,196.8794708251953,1062.067138671875,32.034000396728516,6306.837046522007,5310.335693359375,18.765317499772504
2024-11-11,189.88302612304688,1057.1954345703125,32.23500061035156,6120.879462971818,5285.9771728515625,15.794663178045099
2024-11-12,187.6519775390625,1023.0922241210938,32.37480163574219,6075.195549381897,5115.461120605469,18.761445080885174
2024-11-13,182.65170288085938,1008.4766235351562,32.414798736572266,5920.618187775253,5042.383117675781,17.41706351151442
2024-11-14,184.45220947265625,1008.4766235351562,32.40800094604492,5977.72737908992,5042.383117675781,18.5496468551813
2024-11-15,182.01565551757812,1008.4766235351562,32.537200927734375,5922.279955568723,5042.383117675781,17.450019511776382
2024-11-18,183.45408630371094,998.7328491210938,32.46179962158203,5955.249789351481,4993.664245605469,19.256111273244446
2024-11-19,185.59703063964844,1013.3485717773438,32.442298889160156,6021.19434095209,5066.742858886719,18.837574920371747
2024-11-20,184.315185546875,998.7328491210938,32.32550048828125,5958.080620393157,4993.664245605469,19.31279972690185
2024-11-21,187.13336181640625,984.1173095703125,32.471500396728516,6076.501032462576,4920.5865478515625,23.491396266888387
2024-11-22,185.9982452392578,1013.3485717773438,32.50529861450195,6045.9285032754415,5066.742858886719,19.325741835729794
2024-11-25,181.1056671142578,1003.604736328125,32.56850051879883,5898.340013368113,5018.023681640625,17.543088426391652
2024-11-26,179.8922576904297,984.1173095703125,32.332000732421875,5816.276607403997,4920.5865478515625,18.20291241383638
2024-11-27,177.29917907714844,974.37353515625,32.404998779296875,5745.379681565333,4871.86767578125,17.92971533538228
2024-11-28,177.29917907714844,979.245361328125,32.414798736572266,5747.117205945251,4896.226806640625,17.378492314747064
2024-11-29,180.69464111328125,970.47607421875,32.494300842285156,5871.546028923709,4852.38037109375,21.00341646547865
2024-12-02,190.22549438476562,1008.4766235351562,32.43899917602539,6170.724655606435,5042.383117675781,22.377148098392553
2024-12-03,194.61907958984375,1027.9642333984375,32.59149932861328,6342.927601787727,5139.8211669921875,23.40755438188904
2024-12-04,196.38043212890625,1042.57958984375,32.4640007019043,6375.294486473082,5212.89794921875,22.298470995936892
2024-12-05,199.9129180908203,1047.4515380859375,32.3129997253418,6459.786067360954,5237.2576904296875,23.342910530548377
2024-12-06,198.660400390625,1037.707763671875,32.32279968261719,6421.260326694697,5188.538818359375,23.75854843705516
2024-12-09,194.89306640625,1047.4515380859375,32.38800048828125,6312.196729928255,5237.2576904296875,20.524845310988994
2024-12-10,187.8183135986328,1037.707763671875,32.37080001831055,6079.829069277679,5188.538818359375,17.17805883545711
2024-12-11,190.42120361328125,1018.2203979492188,32.523799896240234,6193.221122319577,5091.101989746094,21.64794841653621
2024-12-12,187.94357299804688,1036.8043212890625,32.485801696777344,6105.497642598348,5184.0216064453125,17.77531241396373
2024-12-13,197.29852294921875,1041.69482421875,32.465999603271484,6405.493767795386,5208.47412109375,22.98215598026756
2024-12-16,198.5059356689453,1061.257080078125,32.49829864501953,6451.10518017842,5306.285400390625,21.5747871326996
2024-12-17,196.97459411621094,1051.4759521484375,32.41699981689453,6385.325381398085,5257.3797607421875,21.454520540412013
2024-12-18,191.96826171875,1061.257080078125,32.4297981262207,6225.491974180564,5306.285400390625,17.322976516157063
2024-12-19,191.06517028808594,1046.58544921875,32.678001403808594,6243.627902893,5232.92724609375,19.314250117918476
2024-12-20,193.58795166015625,1012.351318359375,32.630001068115234,6316.775069445139,5061.756591796875,24.794129367701267
2024-12-23,203.55154418945312,1056.3665771484375,32.61600112915039,6639.037395123509,5281.8328857421875,25.695710915901326
2024-12-24,202.5404510498047,1056.3665771484375,32.608001708984375,6604.439373970497,5281.8328857421875,25.040672752039583
2024-12-25,202.5404510498047,1061.257080078125,32.61399841308594,6605.65394912404,5306.285400390625,24.487347564037186
2024-12-26,199.3304901123047,1061.257080078125,32.70790100097656,6519.681937069399,5306.285400390625,22.86715555460792
2024-12-27,197.92677307128906,1066.147705078125,32.721500396728516,6476.46098357538,5330.738525390625,21.492752884569576
2024-12-30,196.7095489501953,1066.147705078125,32.80849838256836,6453.744918568234,5330.738525390625,21.066619340428417
2024-12-31,193.86280822753906,1051.4759521484375,32.7599983215332,6350.945272141893,5257.3797607421875,20.800580539483903
2025-01-02,197.877685546875,1041.69482421875,32.80099868774414,6490.585703956895,5208.47412109375,24.615876993047415
2025-01-03,204.77857971191406,1051.4759521484375,32.86980056762695,6731.031075652514,5257.3797607421875,28.0301477537223
2025-01-06,215.96920776367188,1100.3818359375,32.91230010986328,7108.043380407384,5501.9091796875,29.192306675100554
2025-01-07,207.53697204589844,1105.2723388671875,32.735801696777344,6793.889161644154,5526.3616943359375,22.936020792980806
2025-01-08,203.31593322753906,1080.8197021484375,32.7244987487793,6653.412002511497,5404.0985107421875,23.11788893718245
2025-01-09,203.31593322753906,1075.928955078125,32.9202995300293,6693.221421078022,5379.644775390625,24.417534995923894
2025-01-10,204.54298400878906,1075.928955078125,32.83100128173828,6715.3509701631265,5379.644775390625,24.82889206519241
2025-01-13,197.66172790527344,1051.4759521484375,33.09629821777344,6541.871492993319,5257.3797607421875,24.432165654888884
2025-01-14,197.75009155273438,1066.147705078125,33.054500579833984,6536.530515892082,5330.738525390625,22.619604858842692
2025-01-15,203.00181579589844,1041.69482421875,32.95240020751953,6689.397076959605,5208.47412109375,28.43295217438595
2025-01-16,210.84506225585938,1080.8197021484375,32.79600143432617,6914.874964163755,5404.0985107421875,27.95612349438983
2025-01-17,207.61550903320312,1095.4912109375,32.84299850463867,6818.715852717287,5477.4560546875,24.486911161650717
2025-01-20,207.61550903320312,1095.4912109375,32.90999984741211,6832.626370603102,5477.4560546875,24.74087062288477
2025-01-21,214.68325805664062,1095.4912109375,32.316001892089844,6937.704573558411,5477.4560546875,26.659246633686063
2025-01-22,219.10061645507812,1110.1629638671875,32.58399963378906,7139.1744063352235,5550.8148193359375,28.614890582664152
2025-01-23,220.49452209472656,1110.1629638671875,32.58100128173828,7183.932306984556,5550.8148193359375,29.42122086220116
2025-01-24,217.80487060546875,1110.1629638671875,32.64039993286133,7109.238083887612,5550.8148193359375,28.075576564417148
2025-01-27,188.77796936035156,1110.1629638671875,32.733299255371094,6179.325763893663,5550.8148193359375,11.322859165979459
2025-01-28,198.6826171875,1110.1629638671875,32.90629959106445,6537.9097247086465,5550.8148193359375,17.782883009071426
2025-01-29,198.61390686035156,1110.1629638671875,32.8651008605957,6527.466081282415,5550.8148193359375,17.594736876185646
2025-01-30,204.32699584960938,1110.1629638671875,32.7130012512207,6684.149270886439,5550.8148193359375,20.41744299598318
2025-01-31,205.4755401611328,1110.1629638671875,32.938499450683594,6768.055966726388,5550.8148193359375,21.92905342744027
2025-02-03,196.13040161132812,1046.58544921875,32.827999114990234,6438.568650519359,5232.92724609375,23.039521623878677
2025-02-04,200.30233764648438,1071.0384521484375,32.98699951171875,6607.373114140704,5355.1922607421875,23.382556450456438
2025-02-05,204.73931884765625,1085.7100830078125,32.8916015625,6734.204099714756,5428.5504150390625,24.051608345729967
2025-02-06,206.63385009765625,1090.6007080078125,32.821800231933594,6782.094949060585,5453.0035400390625,24.373565857101976
2025-02-07,202.33428955078125,1100.3818359375,32.79600143432617,6635.755650320789,5501.9091796875,20.60823677023491
2025-02-10,204.13072204589844,1080.8197021484375,32.82789993286133,6701.182916545484,5404.0985107421875,24.001864570473153
2025-02-11,204.90618896484375,1085.7100830078125,32.86539840698242,6734.323536386015,5428.5504150390625,24.05380850345398
2025-02-12,202.58953857421875,1075.928955078125,32.80329895019531,6645.605198032223,5379.644775390625,23.53241664640717
2025-02-13,198.1230926513672,1066.147705078125,32.85580062866211,6509.492832087271,5330.738525390625,22.112401519642532
2025-02-14,200.1550750732422,1036.8043212890625,32.615299224853516,6528.117664886813,5184.0216064453125,25.9276708409236
2025-02-17,200.1550750732422,1061.257080078125,32.66550064086914,6538.165733078204,5306.285400390625,23.21549332037234
2025-02-18,199.0164031982422,1075.928955078125,32.706600189208984,6509.149930499319,5379.644775390625,20.995905905825897
2025-02-19,197.25926208496094,1066.147705078125,32.72129821777344,6454.579140899936,5330.738525390625,21.082268622938294
2025-02-20,196.42489624023438,1056.3665771484375,32.74620056152344,6432.169047559146,5281.8328857421875,21.77910938686043
2025-02-21,194.5990447998047,1071.0384521484375,32.69329833984375,6362.084628288634,5355.1922607421875,18.80217027739166
2025-02-24,188.1300811767578,1051.4759521484375,32.77299880981445,6165.58692649618,5257.3797607421875,17.274901321295854
2025-02-25,185.89195251464844,1031.9136962890625,32.69969940185547,6078.610968452995,5159.5684814453125,17.812390518949716
2025-02-26,191.04551696777344,1036.8043212890625,32.77830123901367,6262.1475055327755,5184.0216064453125,20.797095014940247
2025-02-27,177.76402282714844,1017.2418212890625,32.750301361083984,5821.825318747724,5086.2091064453125,14.46295653417451
2025-02-28,177.21429443359375,1017.2418212890625,32.90169906616211,5830.651385676349,5086.2091064453125,14.636485910256214
2025-03-03,169.7931671142578,997.6795654296875,32.904998779296875,5587.043956627604,4988.3978271484375,12.000769590210814
2025-03-04,176.69403076171875,978.1171875,32.88890075683594,5811.272442047484,4890.5859375,18.825689116059706
2025-03-05,180.8954315185547,997.6795654296875,32.7947998046875,5932.429462233558,4988.3978271484375,18.92454587217167
2025-03-06,172.62026977539062,983.0078125,32.80110168457031,5662.135021720547,4915.0390625,15.200203899102727
2025-03-07,173.84730529785156,983.0078125,32.8578987121582,5712.257148858451,4915.0390625,16.21997457641673
2025-03-10,167.51576232910156,976.1609497070312,32.82699966430664,5499.039873743488,4880.804748535156,12.666663738062422
2025-03-11,167.8299102783203,949.7518310546875,32.866600036621094,5515.998535299557,4748.7591552734375,16.156628604213587
2025-03-12,173.91603088378906,966.3797607421875,32.86880111694336,5716.411430167442,4831.8988037109375,18.305694353060353
2025-03-13,168.43850708007812,943.8831176757812,32.90629959106445,5542.687976648682,4719.415588378906,17.444371508561396
2025-03-14,170.892578125,938.0143432617188,32.96839904785156,5634.054709941149,4690.071716308594,20.127261388137875
2025-03-17,173.0030975341797,948.773681640625,32.92599868774414,5696.299762386072,4743.868408203125,20.077103161967912
2025-03-18,170.6123809814453,954.178466796875,32.95640182495117,5622.770183936169,4770.892333984375,17.8557341125398
2025-03-19,171.2332305908203,935.5076293945312,32.97919845581055,5647.134693884233,4677.538146972656,20.728779038159374
2025-03-20,174.88926696777344,967.9359130859375,33.003299713134766,5771.9228943478665,4839.6795654296875,19.26250108741261
2025-03-21,174.16001892089844,955.1611938476562,32.987300872802734,5745.068944156694,4775.805969238281,20.29527541867462
2025-03-24,178.52561950683594,955.1611938476562,32.974998474121094,5886.882030829438,4775.805969238281,23.26468178874461
2025-03-25,178.26937866210938,972.849365234375,33.01129913330078,5884.90378532256,4864.246826171875,20.982836513539628
2025-03-26,170.97698974609375,963.0225219726562,33.0452995300293,5649.985838902416,4815.112609863281,17.33860236890368
2025-03-27,165.79348754882812,941.4036865234375,33.0885009765625,5485.857974667102,4707.0184326171875,16.54634570055986
2025-03-28,162.8469696044922,935.5076293945312,33.11140060424805,5392.091247762146,4677.538146972656,15.276264529279239
2025-03-31,163.58607482910156,894.2352294921875,33.18579864501953,5428.734540407662,4471.1761474609375,21.416252935829803
2025-04-01,166.18768310546875,927.6461791992188,33.23910140991211,5523.929251821013,4638.230895996094,19.09560726244761
2025-04-02,167.91221618652344,925.6808471679688,33.20349884033203,5575.273075426812,4628.404235839844,20.457781804254083
2025-04-03,155.09141540527344,925.6808471679688,33.26250076293945,5158.728323243267,4628.404235839844,11.458033058065297
2025-04-04,144.66526794433594,925.6808471679688,33.03110122680664,4778.453109472466,4628.404235839844,3.241913756597259
2025-04-07,144.04443359375,833.309326171875,33.162498474121094,4776.873309258372,4166.546630859375,14.648262277413004
2025-04-08,139.314208984375,801.8635864257812,32.980098724365234,4594.596366011538,4009.3179321289062,14.597955158219511
2025-04-09,156.44146728515625,771.400634765625,33.0806999206543,5175.19323440711,3857.003173828125,34.17653554250681
2025-04-10,148.93231201171875,848.0494384765625,32.58810043334961,4853.421141608851,4240.2471923828125,14.460806679562111
2025-04-11,154.79579162597656,873.5989990234375,32.78630065917969,5075.181365024997,4367.9949951171875,16.190182697057697
2025-04-14,153.5738067626953,850.0147705078125,32.36199951171875,4969.955459467135,4250.0738525390625,16.93809641679529
2025-04-15,155.04214477539062,861.806884765625,32.3568000793457,5016.667682370287,4309.034423828125,16.422084136276283
2025-04-16,149.46444702148438,840.18798828125,32.50400161743164,4858.192627734854,4200.93994140625,15.645372118997503
2025-04-17,149.533447265625,832.3265991210938,32.37879943847656,4841.713498357683,4161.632995605469,16.341674132975072
2025-04-18,149.533447265625,835.2745971679688,32.37879943847656,4841.713498357683,4176.372985839844,15.93106063020957
2025-04-21,145.70985412597656,820.5344848632812,32.37879943847656,4717.910142954672,4102.672424316406,14.996023445395522
2025-04-22,149.1983642578125,801.8635864257812,32.44060134887695,4840.084656792227,4009.3179321289062,20.720899133638724
2025-04-23,155.51515197753906,857.8761596679688,32.57360076904297,5065.688474053401,4289.380798339844,18.098362262777368
2025-04-24,161.7925262451172,849.0321044921875,32.532798767089844,5263.5636983515,4245.1605224609375,23.98974480475451
2025-04-25,162.69915771484375,872.6163330078125,32.43560028076172,5277.244845655281,4363.0816650390625,20.95223630447527
2025-04-28,161.02386474609375,881.4603881835938,32.51900100708008,5236.335219842149,4407.301940917969,18.810448887727137
2025-04-29,162.08816528320312,886.373779296875,32.425899505615234,5255.854558522697,4431.868896484375,18.592284232323664
2025-04-30,164.2660369873047,892.2698364257812,32.32170104980469,5309.3577401398215,4461.349182128906,19.007894773353186
2025-05-01,170.20834350585938,892.2698364257812,32.03200149536133,5452.113913702662,4461.349182128906,22.207737864198606
2025-05-02,176.67294311523438,933.542236328125,32.11159896850586,5673.2506979020545,4667.711181640625,21.542453616592418
2025-05-05,173.83482360839844,921.7501220703125,30.704299926757812,5337.476561787305,4608.7506103515625,15.811789637716034
2025-05-06,169.7747344970703,904.0619506835938,29.15999984741211,4950.631232029002,4520.309753417969,9.519734312137595
2025-05-07,172.00186157226562,911.9234008789062,29.97760009765625,5156.203022265807,4559.617004394531,13.084125646875378
2025-05-08,172.67198181152344,902.0965576171875,30.39069938659668,5247.622291721898,4510.4827880859375,16.342807151000628
2025-05-09,173.95309448242188,932.5595703125,30.268999099731445,5265.386060283927,4662.7978515625,12.923318314550137
2025-05-12,184.26097106933594,940.4210205078125,30.246400833129883,5573.231188864884,4702.1051025390625,18.526299759982546
2025-05-13,191.16903686523438,952.2130737304688,30.39310073852539,5810.2197955319425,4761.065368652344,22.036127329555445
2025-05-14,191.92784118652344,981.6934204101562,30.424999237060547,5839.404421670653,4908.467102050781,18.96594802949625
2025-05-15,191.39569091796875,975.79736328125,30.33970069885254,5806.887977501261,4878.98681640625,19.018316630305666
2025-05-16,191.39569091796875,980.7106323242188,30.16699981689453,5773.833772876766,4903.553161621094,17.747959134350676
2025-05-19,190.6861572265625,966.9531860351562,30.202600479125977,5759.217823613668,4834.765930175781,19.12092346948999
2025-05-20,190.63690185546875,961.0571899414062,30.14579963684082,5746.901846723049,4805.285949707031,19.595418605076475
2025-05-21,188.97146606445312,972.849365234375,30.146299362182617,5696.790386889537,4864.246826171875,17.115569798765073
2025-05-22,193.33705139160156,964.9878540039062,30.0221004486084,5804.384377316426,4824.939270019531,20.299635963976193
2025-05-23,189.18826293945312,966.9531860351562,30.046899795532227,5684.520779032551,4834.765930175781,17.575925311153064
2025-05-26,189.18826293945312,959.0918579101562,29.971500396728516,5670.256097746198,4795.459289550781,18.24219027573819
2025-05-27,194.80538940429688,948.2824096679688,29.915000915527344,5827.603402379202,4741.412048339844,22.908604925397213
2025-05-28,193.2877655029297,950.247802734375,29.964799880981445,5791.829212737357,4751.239013671875,21.90144920243211
2025-05-29,194.2830810546875,950.247802734375,29.950000762939453,5818.778425814118,4751.239013671875,22.468653104387236
2025-05-30,190.50877380371094,950.247802734375,29.850099563598633,5686.7058657798625,4751.239013671875,19.68890324010526
2025-06-02,192.00668334960938,929.611572265625,29.871000289916992,5735.431694002182,4648.057861328125,23.39415439986268
2025-06-03,194.73638916015625,933.542236328125,29.987300872802734,5839.6186926288065,4667.711181640625,25.106684312380168
2025-06-04,199.45672607421875,972.849365234375,29.965900421142578,5976.9003918671515,4864.246826171875,22.87411814114142
2025-06-05,200.38307189941406,980.7106323242188,29.941999435424805,5999.869825680944,4903.553161621094,22.357597193815515
2025-06-06,202.19630432128906,977.7626953125,29.94529914855957,6054.828819634189,4888.8134765625,23.85068173825189
2025-06-09,203.98985290527344,987.5894165039062,29.917699813842773,6102.907184289914,4937.947082519531,23.59199242726544
2025-06-10,209.37045288085938,1026.896484375,29.913799285888672,6263.065703873639,5134.482421875,21.98046831732079
2025-06-11,210.9866180419922,1046.550048828125,29.888900756835938,6306.158087677555,5232.750244140625,20.513263455271513
2025-06-12,213.07351684570312,1031.2540283203125,29.8075008392334,6351.189032196708,5156.2701416015625,23.17409402107078
2025-06-13,208.7908935546875,1016.451171875,29.52519989013672,6164.592867442407,5082.255859375,21.29638959579081
2025-06-16,213.32078552246094,1011.5170288085938,29.5049991607666,6294.029597814282,5057.585144042969,24.447328488926146
2025-06-17,211.5602569580078,1031.2540283203125,29.0049991607666,6136.305075518583,5156.2701416015625,19.006663867549367
2025-06-18,211.1646270751953,1041.122314453125,29.6471004486084,6260.418910091248,5205.611572265625,20.262889829225994
2025-06-19,211.1646270751953,1021.3854370117188,29.54170036315918,6238.16214035367,5106.927185058594,22.150990493946065
2025-06-20,207.21827697753906,1041.122314453125,29.571300506591797,6127.71393896098,5205.611572265625,17.713622192022882
2025-06-23,208.01943969726562,1006.582763671875,29.533000946044922,6143.43830937508,5032.913818359375,22.06523956290818
2025-06-24,217.6825408935547,1036.1881103515625,29.673900604248047,6459.490081755503,5180.9405517578125,24.6779424937408
2025-06-25,220.30355834960938,1055.925048828125,29.458099365234375,6489.724112377502,5279.625244140625,22.920165964049353
2025-06-26,221.55966186523438,1060.8592529296875,29.341899871826172,6500.9814140853705,5304.2962646484375,22.560677038582575
2025-06-27,226.06979370117188,1065.79345703125,28.819000244140625,6515.105439866893,5328.96728515625,22.25831181239584
2025-06-30,224.01255798339844,1046.056640625,29.094999313354492,6517.645220709761,5230.283203125,24.613619714045033
2025-07-01,222.2223358154297,1070.7276611328125,29.206600189208984,6490.358915273391,5353.6383056640625,21.232674766367698
2025-07-02,231.04478454589844,1070.7276611328125,29.225900650024414,6752.491918844724,5353.6383056640625,26.12902727665962
2025-07-03,232.2316436767578,1075.6619873046875,28.96809959411621,6727.3093829336285,5378.3099365234375,25.082218435373214
2025-07-04,232.2316436767578,1070.7276611328125,28.91710090637207,6715.465873853449,5353.6383056640625,25.437422000447718
2025-07-07,226.66323852539062,1065.79345703125,28.900999069213867,6550.794045647315,5328.96728515625,22.928021417854126
2025-07-08,225.36756896972656,1065.79345703125,29.068300247192383,6551.052160791849,5328.96728515625,22.9328650419697
2025-07-09,229.30401611328125,1075.6619873046875,29.107099533081055,6674.374820344499,5378.3099365234375,24.097995450571673
2025-07-10,227.24676513671875,1085.5303955078125,29.20560073852539,6636.878291704459,5427.6519775390625,22.278995027121628
2025-07-11,227.8797607421875,1085.5303955078125,29.243000030517578,6663.8878503381275,5427.6519775390625,22.776623812928843
2025-07-14,226.168701171875,1080.5963134765625,29.21299934387207,6607.066118938383,5402.9815673828125,22.28555727127577
2025-07-15,234.35812377929688,1095.39892578125,29.346099853515625,6877.496901909821,5476.99462890625,25.570634406177064
2025-07-16,234.96144104003906,1115.1357421875,29.388099670410156,6905.070247987867,5575.6787109375,23.842685455361213
2025-07-17,242.91351318359375,1115.1357421875,29.400999069213867,7141.89997501031,5575.6787109375,28.09023520312317
2025-07-18,237.7703857421875,1139.806884765625,29.403200149536133,6991.2102416099515,5699.034423828125,22.673592080425674
2025-07-21,236.23736572265625,1134.8726806640625,29.378000259399414,6940.18139148003,5674.3634033203125,22.307665163268055
2025-07-22,232.03384399414062,1115.1357421875,29.333599090576172,6806.387755169417,5575.6787109375,22.07281136586481
2025-07-23,237.70115661621094,1129.9383544921875,29.39900016784668,6988.176343257335,5649.6917724609375,23.69128484709122
2025-07-24,238.957275390625,1129.9383544921875,29.23419952392578,6985.724666463211,5649.6917724609375,23.647889970116264
2025-07-25,242.91351318359375,1129.9383544921875,29.391000747680664,7139.471247600741,5649.6917724609375,26.3692168553626
2025-07-28,240.0946807861328,1129.9383544921875,29.472000122070312,7076.070461437339,5649.6917724609375,25.247017827223672
2025-07-29,238.6902313232422,1120.070068359375,29.656999588012695,7078.8360920160485,5600.350341796875,26.399879650114897
2025-07-30,240.2529296875,1139.806884765625,29.68950080871582,7132.989550253376,5699.034423828125,25.161369800290533
2025-07-31,238.97703552246094,1144.7412109375,29.827999114990234,7128.206804066955,5723.7060546875,24.538310247941908
2025-08-01,232.63717651367188,1144.7412109375,29.9060001373291,6957.2474327657255,5723.7060546875,21.551445275006763
2025-08-04,236.3856964111328,1120.070068359375,29.815000534057617,7047.839664741507,5600.350341796875,25.84640664605644
2025-08-05,229.92713928222656,1134.8726806640625,29.88409996032715,6871.165613902122,5674.3634033203125,21.091391677196935
2025-08-06,228.8391571044922,1110.2015380859375,29.937400817871094,6850.849569060956,5551.0076904296875,23.41632278536172
2025-08-07,239.96609497070312,1164.47802734375,29.91469955444336,7178.513634301606,5822.39013671875,23.291525743534415
2025-08-08,239.1847381591797,1159.543701171875,29.8080997467041,7129.642532938131,5797.718505859375,22.973244143065365
2025-08-11,239.44190979003906,1164.47802734375,29.85099983215332,7147.5804089529265,5822.39013671875,22.760245210586262
2025-08-12,241.61782836914062,1164.47802734375,29.947999954223633,7235.970712938637,5822.39013671875,24.27835550395667
2025-08-13,238.7990264892578,1184.2149658203125,29.87809944152832,7134.8610599862,5921.0748291015625,20.499423937677406
2025-08-14,238.36383056640625,1159.543701171875,29.939699172973633,7136.54138087586,5797.718505859375,23.09223660416464
2025-08-15,236.2670135498047,1164.47802734375,30.07900047302246,7106.675612324179,5822.39013671875,22.057702171246074
2025-08-18,238.7693328857422,1164.47802734375,29.98900032043457,7160.453600420471,5822.39013671875,22.981343267660126
2025-08-19,230.15460205078125,1169.4122314453125,30.025100708007812,6910.415104986168,5847.0611572265625,18.18612665689967
2025-08-20,226.09945678710938,1120.070068359375,30.1072998046875,6807.244131166488,5600.350341796875,21.550326599431635
2025-08-21,224.84336853027344,1134.8726806640625,30.280099868774414,6808.27965392833,5674.3634033203125,19.983144716189916
2025-08-22,230.44143676757812,1120.070068359375,30.516000747680664,7032.1510566960205,5600.350341796875,25.566270456568475
2025-08-25,233.01300048828125,1154.6094970703125,30.367300033569336,7075.975697549875,5773.0474853515625,22.56915806607067
2025-08-26,236.10874938964844,1159.543701171875,30.444000244140625,7188.094824062195,5797.718505859375,23.98143885043156
2025-08-27,236.67251586914062,1174.3465576171875,30.546600341796875,7229.540754142217,5871.7327880859375,23.124484969945257
2025-08-28,235.6636962890625,1144.7412109375,30.575000762939453,7205.4176938352175,5723.7060546875,25.887276966891946
2025-08-29,228.34461975097656,1144.7412109375,30.492799758911133,6962.866766091232,5723.7060546875,21.649621758421823
2025-09-01,228.34461975097656,1149.675537109375,30.56049919128418,6978.325567233813,5748.377685546875,21.396434767663088
2025-09-02,225.89173889160156,1144.7412109375,30.62529945373535,6918.002147680294,5723.7060546875,20.86578314088492
2025-09-03,228.85894775390625,1144.7412109375,30.743999481201172,7036.03937101434,5723.7060546875,22.92803480451426
2025-09-04,232.63717651367188,1144.7412109375,30.722000122070312,7147.07936525112,5723.7060546875,24.868036495304136
2025-09-05,240.7474822998047,1164.47802734375,30.694000244140625,7389.503280486446,5822.39013671875,26.915289202019267
2025-09-08,244.4861297607422,1164.47802734375,30.479000091552734,7451.692771361035,5822.39013671875,27.983398507893355
2025-09-09,248.17532348632812,1184.2149658203125,30.331100463867188,7527.430669316556,5921.0748291015625,27.129463595357663
2025-09-10,257.5911865234375,1208.8861083984375,30.351600646972656,7818.30482353922,6044.4305419921875,29.347252304803217
2025-09-11,256.0779113769531,1223.6888427734375,30.236799240112305,7742.976396132202,6118.4442138671875,26.551393221549425
2025-09-12,256.4933166503906,1243.42578125,30.290000915527344,7769.182796166977,6217.12890625,24.964158107719413
2025-09-15,258.52093505859375,1238.4915771484375,30.284900665283203,7829.280838145642,6192.4578857421875,26.432524574323768
2025-09-16,260.0111389160156,1268.21533203125,30.19409942626953,7850.802180367755,6341.07666015625,23.808662174008543
2025-09-17,260.7354431152344,1253.353515625,30.047199249267578,7834.36981062952,6266.767578125,25.01452643586859
2025-09-18,266.53973388671875,1273.1693115234375,30.08639907836914,8019.220803958131,6365.8465576171875,25.97257460380604
2025-09-19,262.7991943359375,1253.353515625,30.11050033569336,7913.0152292721905,6266.767578125,26.26948631210835
2025-09-22,270.49853515625,1283.0771484375,30.215999603271484,8173.383630966768,6415.3857421875,27.402839976070247
2025-09-23,280.49969482421875,1327.6629638671875,30.21769905090332,8476.055362068466,6638.3148193359375,27.683841347499794
2025-09-24,278.5153503417969,1327.6629638671875,30.27400016784668,8431.773762995435,6638.3148193359375,27.016780500309356
2025-09-25,274.49700927734375,1307.8470458984375,30.364099502563477,8334.854502853355,6539.2352294921875,27.459163194846692
2025-09-26,271.2227783203125,1288.0311279296875,30.561500549316406,8288.975088623352,6440.1556396484375,28.70768273972708
2025-09-29,271.0938415527344,1288.0311279296875,30.444000244140625,8253.180978416465,6440.1556396484375,28.15188700729909
2025-09-30,277.1064758300781,1292.9852294921875,30.458200454711914,8440.164588131302,6464.9261474609375,30.553147794984902
2025-10-01,286.2146911621094,1312.801025390625,30.442100524902344,8712.976400060812,6564.005126953125,32.73872021037245
2025-10-02,285.85748291015625,1352.432861328125,30.44700050354004,8703.502926106215,6762.164306640625,28.708835388089348
2025-10-03,289.9056091308594,1387.110595703125,30.46380043029785,8831.626620186435,6935.552978515625,27.338463818880875
2025-10-06,300.0357666015625,1387.110595703125,30.420000076293945,9127.088042910444,6935.552978515625,31.598562813716114
2025-10-07,291.731201171875,1421.788330078125,30.510499954223633,8900.864800000098,7108.941650390625,25.206609334189835
2025-10-08,302.13916015625,1401.9725341796875,30.536699295043945,9226.332678948529,7009.8626708984375,31.619307140663455
2025-10-09,297.53546142578125,1426.742431640625,30.524999618530273,9082.269846521202,7133.712158203125,27.314778688924402
2025-10-10,278.4657287597656,1426.742431640625,30.58329963684082,8516.400821251154,7133.712158203125,19.38245660021567
2025-10-13,300.52197265625,1401.9725341796875,30.665000915527344,9215.50656663999,7009.8626708984375,31.464865993713676
2025-10-14,293.6262512207031,1411.88037109375,30.69099998474121,9011.683271734219,7059.40185546875,27.655054298305505
2025-10-15,302.3277282714844,1451.511962890625,30.683900833129883,9276.594033387664,7257.559814453125,27.819739286388213
2025-10-16,297.4957580566406,1471.3280029296875,30.609800338745117,9106.285755737394,7356.6400146484375,23.783218121385396
2025-10-17,292.7729797363281,1436.650146484375,30.611900329589844,8962.337274885504,7183.250732421875,24.767150817020124
2025-10-20,295.3725280761719,1466.3740234375,30.62190055847168,9044.86818245292,7331.8701171875,23.36372627837171
2025-10-21,292.20745849609375,1466.3740234375,30.597299575805664,8940.75914588978,7331.8701171875,21.943774275688476
2025-10-22,286.6214599609375,1446.55810546875,30.67729949951172,8792.772370208986,7232.79052734375,21.56818778267786
2025-10-23,288.45703125,1436.650146484375,30.745100021362305,8868.640277646482,7183.250732421875,23.462769267088746
2025-10-24,292.6539306640625,1436.650146484375,30.774999618530273,9006.424604547909,7183.250732421875,25.38090260301049
2025-10-27,295.9182434082031,1466.3740234375,30.83329963684082,9124.135867012723,7331.8701171875,24.444864968676438
2025-10-28,299.17254638671875,1461.4200439453125,30.60110092163086,9155.00928496127,7307.1002197265625,25.289225680058603
2025-10-29,302.7047424316406,1491.143798828125,30.543100357055664,9245.541326646286,7455.718994140625,24.006032602788064
2025-10-30,300.8493347167969,1491.143798828125,30.665199279785156,9225.604802281363,7455.718994140625,23.738633517862915
2025-10-31,298.0811462402344,1486.1898193359375,30.73069953918457,9160.242143404379,7430.9490966796875,23.271496335473184
2025-11-03,302.47650146484375,1496.097900390625,30.78179931640625,9310.770966019481,7480.489501953125,24.467402348315282
2025-11-04,291.7510681152344,1491.143798828125,30.903099060058594,9016.01215884299,7455.718994140625,20.927467437125568
2025-11-05,291.3442687988281,1446.55810546875,30.91900062561035,9008.073629258957,7232.79052734375,24.54492626606155
2025-11-06,286.9786376953125,1451.511962890625,30.892900466918945,8865.602490453282,7257.559814453125,22.15679535699875
2025-11-07,284.26007080078125,1446.55810546875,30.97879981994629,8806.035830141162,7232.79052734375,21.751567349416767
2025-11-10,292.96148681640625,1461.4200439453125,30.966800689697266,9072.079972001025,7307.1002197265625,24.154311549055365
2025-11-11,288.8935546875,1451.511962890625,30.966800689697266,8946.10912854597,7257.559814453125,23.266075061898484
2025-11-12,288.3478698730469,1461.4200439453125,30.96430015563965,8928.489991988346,7307.1002197265625,22.18923681769973
2025-11-13,279.99371337890625,1446.55810546875,31.06410026550293,8697.752786112833,7232.79052734375,20.25445439392659
2025-11-14,282.59320068359375,1416.8343505859375,31.124900817871094,8795.685343081597,7084.1717529296875,24.1596851381265
2025-11-17,279.8052062988281,1431.6961669921875,30.554500579833984,8549.308338098112,7158.4808349609375,19.429087472646202
2025-11-18,275.73724365234375,1392.064453125,31.174999237060547,8596.108360490995,6960.322265625,23.501585593883554
2025-11-19,280.1623840332031,1382.156494140625,31.103200912475586,8713.946918702859,6910.782470703125,26.092044651150403
2025-11-20,275.3304443359375,1441.604248046875,31.183000564575195,8585.629401172278,7208.021240234375,19.11215457091395
2025-11-21,272.90948486328125,1372.2486572265625,31.352100372314453,8556.285561990226,6861.2432861328125,24.704593689065725
2025-11-24,282.4146423339844,1362.3406982421875,31.338600158691406,8850.47955506458,6811.7034912109375,29.930487527594995
2025-11-25,282.4543151855469,1401.9725341796875,31.42609977722168,8876.437491527817,7009.8626708984375,26.627837209685957
2025-11-26,287.6930236816406,1426.742431640625,31.388099670410156,9030.137301801005,7133.712158203125,26.58398743236594
2025-11-27,287.6930236816406,1421.788330078125,31.248899459838867,8990.09037232463,7108.941650390625,26.461726856776767
2025-11-28,289.23089599609375,1426.742431640625,31.314699172973633,9057.1784996473,7133.712158203125,26.96304951458355
2025-12-01,285.43084716796875,1397.0184326171875,31.37689971923828,8955.935068366583,6985.0921630859375,28.214987852213945
2025-12-02,289.8063659667969,1416.8343505859375,31.395999908447266,9098.76063936099,7084.1717529296875,28.437888813158164
2025-12-03,293.14013671875,1436.650146484375,31.402000427246094,9205.186698485166,7183.250732421875,28.147924127682277
2025-12-04,290.6398010253906,1431.6961669921875,31.314699172973633,9101.297936803021,7158.4808349609375,27.14007548017254
2025-12-05,292.4158020019531,1446.55810546875,31.364999771118164,9171.621562862594,7232.79052734375,26.806127291935855
2025-12-08,299.5098876953125,1481.2359619140625,31.27400016784668,9366.872278054943,7406.1798095703125,26.47373570313554
2025-12-09,301.0378723144531,1466.3740234375,31.16469955444336,9381.754845188814,7331.8701171875,27.958552118864443
2025-12-10,307.7153015136719,1491.143798828125,31.150999069213867,9585.639071035257,7455.718994140625,28.56760130804976
2025-12-11,303.2831726074219,1461.3209228515625,31.07699966430664,9425.131053310703,7306.6046142578125,28.9946774308669
2025-12-12,290.53900146484375,1471.261962890625,31.180099487304688,9059.03497061599,7356.309814453125,23.14645792673766
2025-12-15,286.2610778808594,1441.43896484375,31.320100784301758,8965.72580985137,7207.19482421875,24.399659347674742
2025-12-16,285.39556884765625,1426.527587890625,31.328699111938477,8941.071904308745,7132.637939453125,25.35434968390218
2025-12-17,275.5364990234375,1421.55712890625,31.4689998626709,8670.858049929375,7107.78564453125,21.990989649508585
2025-12-18,283.2168273925781,1421.55712890625,31.632099151611328,8958.742765486822,7107.78564453125,26.041262546791977
2025-12-19,287.4648742675781,1421.55712890625,31.51409912109375,9059.19654150121,7107.78564453125,27.454554689214362
2025-12-22,291.77264404296875,1456.350341796875,31.5039005279541,9191.976354707847,7281.751708984375,26.233037352352984
2025-12-23,295.42376708984375,1481.2027587890625,31.53219985961914,9315.361267158529,7406.0137939453125,25.781041277214168
2025-12-24,297.2642517089844,1486.17333984375,31.489500045776367,9360.702667797741,7430.86669921875,25.97053677173198
2025-12-26,301.2834777832031,1501.0848388671875,31.570199966430664,9511.579640197393,7505.4241943359375,26.7294078777776
2025-12-29,299.3733825683594,1520.9666748046875,31.3799991607666,9394.336493750976,7604.8333740234375,23.531128582515915
2025-12-30,298.0402526855469,1511.025634765625,31.317800521850586,9333.9651810879,7555.128173828125,23.544762793328665
2025-12-31,302.328125,1540.8486328125,31.243600845336914,9445.819261819124,7704.2431640625,22.605414453692795
2026-01-02,317.96728515625,1575.6419677734375,31.303499221801758,9953.48866344709,7878.2098388671875,26.34201001275065
2026-01-05,320.5937194824219,1660.14013671875,31.358699798583984,10053.402206560713,8300.70068359375,21.115103287980986
2026-01-06,325.7471008300781,1694.9334716796875,31.474599838256836,10252.75964709901,8474.667358398438,20.98126349394085
2026-01-07,317.04205322265625,1665.110595703125,31.49209976196289,9984.319968825439,8325.552978515625,19.923805596941357
2026-01-08,316.37554931640625,1675.0516357421875,31.449100494384766,9949.726444417844,8375.258178710938,18.79904155920884
2026-01-09,321.9666442871094,1670.0810546875,31.5447998046875,10156.373337823898,8350.4052734375,21.62731035499741
2026-01-12,330.0647888183594,1680.02197265625,31.593299865722656,10427.83584825485,8400.10986328125,24.139279342491005
2026-01-13,329.5076599121094,1699.904052734375,31.569900512695312,10402.524041596334,8499.520263671875,22.3895433964451
2026-01-14,325.4287414550781,1699.904052734375,31.616899490356445,10289.047809858399,8499.520263671875,21.05445355351656
2026-01-15,339.88409423828125,1680.02197265625,31.510700225830078,10709.98580507026,8400.10986328125,27.49816346909928
2026-01-16,340.64013671875,1729.726806640625,31.564199447631836,10752.033215259202,8648.634033203125,24.320594142160257
2026-01-19,340.64013671875,1749.608642578125,31.607999801635742,10766.953373835422,8748.043212890625,23.0784200742155
2026-01-20,325.4784851074219,1764.5201416015625,31.548999786376953,10268.520657124347,8822.600708007812,16.38881773040175
2026-01-21,324.44384765625,1729.726806640625,31.682300567626953,10279.127498762682,8648.634033203125,18.852612554767624
2026-01-22,325.6874084472656,1749.608642578125,31.639999389648438,10304.749404487666,8748.043212890625,17.79490742916274
2026-01-23,333.14886474609375,1759.5496826171875,31.583999633789062,10522.173622137867,8797.748413085938,19.600756103538796
2026-01-26,330.9999694824219,1744.6383056640625,31.370800018310547,10383.73384869995,8723.191528320312,19.03594934249233
2026-01-27,336.60101318359375,1769.49072265625,31.440500259399414,10582.904242312885,8847.45361328125,19.615255472224046
2026-01-28,340.5406799316406,1809.2545166015625,31.110300064086914,10594.32273670152,9046.272583007812,17.112574703989235
2026-01-29,337.8048095703125,1794.3431396484375,31.26959991455078,10563.021244474687,8971.715698242188,17.736914540707982
2026-01-30,328.86102294921875,1764.5201416015625,31.3617000579834,10313.640762494993,8822.600708007812,16.90023275261503
2026-02-02,339.6054992675781,1754.5792236328125,31.58300018310547,10725.760545551544,8772.896118164062,22.260202344629665
2026-02-03,334.0243225097656,1789.37255859375,31.57710075378418,10547.51968610537,8946.86279296875,17.89070571636082
2026-02-04,324.0657958984375,1774.4610595703125,31.573200225830078,10231.79426024435,8872.305297851562,15.322837940687073
2026-02-05,329.0301513671875,1754.5792236328125,31.657100677490234,10416.140627760906,8772.896118164062,18.73092405818584
2026-02-06,347.0570373535156,1769.49072265625,31.648799896240234,10983.938727783388,8847.45361328125,24.14802278584405
2026-02-09,353.5832824707031,1804.283935546875,31.575000762939453,11164.392413775087,9021.419677734375,23.754273857026618
2026-02-10,360.0498962402344,1868.9002685546875,31.561199188232422,11363.606492940453,9344.501342773438,21.607414629229925
2026-02-11,372.1672668457031,1903.693603515625,31.478700637817383,11715.341980230587,9518.468017578125,23.08012128207406
2026-02-12,366.2080993652344,1903.693603515625,31.336999893188477,11475.863170693105,9518.468017578125,20.564182697259504
2026-02-13,364.4770202636719,1903.693603515625,31.416900634765625,11450.738329279236,9518.468017578125,20.300223818924557
2026-02-16,364.4770202636719,1903.693603515625,31.368999481201172,11433.279459560872,9518.468017578125,20.116802813715307
2026-02-17,362.328125,1903.693603515625,31.32699966430664,11350.653050243855,9518.468017578125,19.248738655024766
2026-02-18,360.3981018066406,1903.693603515625,31.375999450683594,11307.850644312566,9518.468017578125,18.799061187471743
2026-02-19,358.5377197265625,1903.693603515625,31.52910041809082,11304.371768932091,9518.468017578125,18.762512497345885
2026-02-20,368.63555908203125,1903.693603515625,31.57900047302246,11641.142494624364,9518.468017578125,22.300589476439004
2026-02-23,368.1380920410156,1888.7822265625,31.51099967956543,11600.399300340272,9443.9111328125,22.834693562872886
2026-02-24,383.7673645019531,1953.3983154296875,31.434799194335938,12063.650040458422,9766.991577148438,23.514492105055297
2026-02-25,385.7371826171875,2003.1031494140625,31.377099990844727,12103.314149166225,10015.515747070312,20.845640452481184
2026-02-26,374.8733215332031,1983.2213134765625,31.269100189208984,11721.951449283282,9916.106567382812,18.21122907089825
2026-02-27,372.6547546386719,1983.2213134765625,31.24679946899414,11644.268389361794,9916.106567382812,17.427826236392498
2026-03-02,367.2128601074219,1963.33935546875,31.375,11521.303485870361,9816.69677734375,17.364361426144125
2026-03-03,351.3150329589844,1923.575439453125,31.53499984741211,11078.719510755152,9617.877197265625,15.188822684332525
2026-03-04,355.6028747558594,1853.98876953125,31.733999252319336,11284.701361625048,9269.94384765625,21.7343011681586
2026-03-05,352.041259765625,1888.7822265625,31.6299991607666,11135.064750941936,9443.9111328125,17.90734362433366
2026-03-06,337.1482238769531,1878.8411865234375,31.905899047851562,10757.017195180524,9394.205932617188,14.50693408616457
2026-03-09,346.9078063964844,1799.3134765625,31.80229949951172,11032.465957739623,8996.5673828125,22.629726297794516
2026-03-10,345.3060607910156,1839.077392578125,31.802000045776367,10981.423361082736,9195.386962890625,19.42317822403703
2026-03-11,352.7376403808594,1928.5460205078125,31.77389907836914,11207.850186603493,9642.730102539062,16.231088783168502
2026-03-12,334.9794006347656,1873.8707275390625,31.811500549316406,10656.197387302527,9369.353637695312,13.734605388678167
2026-03-13,336.5711669921875,1853.98876953125,31.89579963684082,10735.206505920505,9269.94384765625,15.80659691519839
2026-03-16,338.4813232421875,1834.10693359375,32.16310119628906,10886.609052492306,9170.53466796875,18.71291529508674
2026-03-17,345.1716613769531,1865.0244140625,31.94499969482422,11026.508617348736,9325.1220703125,18.245193298356675
2026-03-18,338.7766418457031,1899.9312744140625,31.885000228881836,10801.893302790064,9499.656372070312,13.708253011639693
2026-03-19,337.99847412109375,1845.07763671875,32.03120040893555,10826.496862487169,9225.38818359375,17.355461331597933
2026-03-20,328.47076416015625,1835.104248046875,31.802099227905273,10446.05983528716,9175.521240234375,13.847045435212046
2026-03-23,337.6592712402344,1805.18408203125,32.02170181274414,10812.424497963279,9025.92041015625,19.79304056123514
2026-03-24,342.4480285644531,1805.18408203125,31.86199951171875,10911.078918909654,9025.92041015625,20.886052868715343
2026-03-25,346.9375305175781,1840.0909423828125,31.925800323486328,11076.258324027644,9200.454711914062,20.388162007737765
2026-03-26,325.3480529785156,1835.104248046875,31.93589973449707,10390.282798735716,9175.521240234375,13.239155865877672
2026-03-27,325.9765930175781,1815.157470703125,31.93000030517578,10408.432714531431,9075.787353515625,14.683523413531585
2026-03-30,315.7605285644531,1775.263916015625,31.976999282836914,10097.074195453722,8876.319580078125,13.752936725210297
2026-03-31,337.1604309082031,1755.317138671875,32.03900146484375,10802.28353975527,8776.585693359375,23.080704925248984
2026-04-01,340.692138671875,1850.0643310546875,31.93790054321289,10880.991640756838,9250.321655273438,17.62825171115845
2026-04-02,338.2478942871094,1805.18408203125,32.00199890136719,10824.608741365839,9025.92041015625,19.92803226123785
2026-04-03,338.2478942871094,1805.18408203125,31.938100814819336,10802.995348142053,9025.92041015625,19.688573100934747
2026-04-06,340.9615173339844,1805.18408203125,31.96299934387207,10898.152754831768,9025.92041015625,20.742841279309566
2026-04-07,344.5132141113281,1855.051025390625,31.913999557495117,10994.794562700146,9275.255126953125,18.538998789911254
2026-04-08,365.04510498046875,1944.8115234375,31.893999099731445,11642.748249608441,9724.0576171875,19.731378689381796
2026-04-09,364.6360778808594,1949.7982177734375,31.720399856567383,11566.402192511305,9748.991088867188,18.642042926057243
2026-04-10,369.734130859375,1994.678466796875,31.725799560546875,11730.11092633754,9973.392333984375,17.614052806958558
2026-04-13,368.70654296875,1984.705078125,31.767000198364258,11712.700823626481,9923.525390625,18.029635261393693
2026-04-14,379.00244140625,2049.5322265625,31.641199111938477,11992.091712445952,10247.6611328125,17.022719204169157
2026-04-15,374.2236328125,2074.465576171875,31.517000198364258,11794.406309584156,10372.327880859375,13.710311176616585
2026-04-16,362.5010681152344,2079.452392578125,31.586999893188477,11450.321199836617,10397.261962890625,10.128236075079355
2026-04-17,369.6343688964844,2024.5986328125,31.558000564575195,11664.92162232165,10122.9931640625,15.231942107134167
2026-04-20,365.3843078613281,2019.6119384765625,31.468000411987305,11497.91355031397,10098.059692382812,13.862602327327277
2026-04-21,367.2200012207031,2044.54541015625,31.41900062561035,11537.685448089906,10222.72705078125,12.863088203144013
2026-04-22,386.5347900390625,2044.54541015625,31.48200035095215,12168.88839566498,10222.72705078125,19.03759471632376
2026-04-23,381.7659606933594,2074.465576171875,31.466800689697266,12012.95339524874,10372.327880859375,15.817331781584931
2026-04-24,401.5196838378906,2179.186279296875,31.530000686645508,12659.915907110379,10895.931396484375,16.189387088057128
2026-04-27,404.0338134765625,2258.973388671875,31.440000534057617,12702.82331148046,11294.866943359375,12.465453335409759
2026-04-28,391.42333984375,2209.1064453125,31.455699920654297,12312.495120065287,11045.5322265625,11.470365279963346
2026-04-29,392.90985107421875,2174.199462890625,31.51300048828125,12381.768328752369,10870.997314453125,13.897262326526882
2026-04-30,395.1346435546875,2129.3193359375,31.62649917602539,12496.72547880141,10646.5966796875,17.377654613739125
2026-05-01,396.74090576171875,2129.3193359375,31.569000244140625,12524.713750852272,10646.5966796875,17.640539297858492
2026-05-04,400.6716613769531,2268.94677734375,31.554000854492188,12642.793945459183,11344.73388671875,11.44196128090822
2026-05-05,393.488525390625,2244.013427734375,31.597999572753906,12433.450257176533,11220.067138671875,10.814401585196642
2026-05-06,418.5198974609375,2244.013427734375,31.545000076293945,13202.210197335808,11220.067138671875,17.66605345731078
2026-05-07,413.182373046875,2303.853759765625,31.398500442504883,12973.306922947522,11519.268798828125,12.622659905872835
2026-05-08,410.7181396484375,2283.906982421875,31.392099380493164,12893.30465721502,11419.534912109375,12.905689736478209
2026-05-11,403.5948486328125,2229.05322265625,31.301000595092773,12632.922597232042,11145.26611328125,13.347877644464923
2026-05-12,396.351806640625,2249.0,31.3518009185791,12426.342935516033,11245.0,10.505495202454718
2026-05-13,398.86590576171875,2214.093017578125,31.501100540161133,12564.714999442338,11070.465087890625,13.497625435684647
2026-05-14,416.7440490722656,2263.960205078125,31.55900001525879,13152.02545103064,11319.801025390625,16.186012647486336
2026-05-15,403.4053039550781,2258.973388671875,31.56439971923828,12733.246262898901,11294.866943359375,12.734805347885892
2026-05-18,395.0249328613281,2234.0400390625,31.586999893188477,12477.652512097557,11170.2001953125,11.704824389214807
2026-05-19,391.69268798828125,2199.133056640625,31.554100036621094,12359.51026039524,10995.665283203125,12.403478480520057
2026-05-20,400.6816711425781,2179.186279296875,31.72920036315918,12713.309025528317,10895.931396484375,16.67941512214668
2026-05-21,406.19873046875,2224.06640625,31.59119987487793,12832.305283159949,11120.33203125,15.394983235203918
2026-05-22,403.57489013671875,2249.0,31.550800323486328,12733.110774276545,11245.0,13.233532897079115
2026-05-25,403.57489013671875,2303.853759765625,31.43899917602539,12687.990638472838,11519.268798828125,10.14579883545741
2026-05-26,411.3566589355469,2263.960205078125,31.448400497436523,12936.508957492479,11319.801025390625,14.282123232338929
2026-05-27,421.7423400878906,2293.88037109375,31.445899963378906,13262.067436725134,11469.40185546875,15.629983183487628
2026-05-28,423.8673400878906,2288.8935546875,31.465900421142578,13337.367514980142,11444.4677734375,16.539866938469984
2026-05-29,417.47235107421875,2348.73388671875,31.423999786376953,13118.651070974534,11743.66943359375,11.70827947053359
2026-06-01,434.6122131347656,2348.73388671875,31.412900924682617,13652.430391859438,11743.66943359375,16.253531053978044
2026-06-02,445.6463623046875,2373.66748046875,31.33049964904785,13962.323197786463,11868.33740234375,17.643463650007085
2026-06-03,435.66973876953125,2418.547607421875,31.478200912475586,13714.099568473059,12092.738037109375,13.407728889753168
2026-06-04,443.8805236816406,2378.654052734375,31.50550079345703,13984.678191052051,11893.270263671875,17.58480116077412
2026-06-05,414.20001220703125,2358.707275390625,31.503000259399414,13048.543092001346,11793.536376953125,10.641479153790968
2026-06-08,425.8028259277344,2288.8935546875,31.58810043334961,13450.302430209354,11444.4677734375,17.526674865801773
2026-06-09,426.92022705078125,2298.866943359375,31.582000732421875,13482.994923403487,11494.334716796875,17.301220606535384
2026-06-10,407.7950134277344,2249.0,31.5408992767334,12862.221444078314,11245.0,14.381693588957889
2026-06-11,421.07000732421875,2250.0,31.649799346923828,13326.78124281927,11250.0,18.46027771394907
2026-06-12,423.92999267578125,2310.0,31.57900047302246,13387.285439236904,11550.0,15.907233240146358
2026-06-15,441.3999938964844,2375.0,31.613000869750977,13953.978390957636,11875.0,17.507186450169577
2026-06-16,425.8299865722656,2400.0,31.518600463867188,13421.56521230517,12000.0,11.846376769209744
2026-06-17,432.1499938964844,2385.0,31.563899993896484,13640.339189711609,11925.0,14.384395720852062
2026-06-18,462.1199951171875,2410.0,31.638399124145508,14620.736848765751,12050.0,21.33391575739212
2026-06-19,462.1199951171875,2410.0,31.635900497436523,14619.582183403196,12050.0,21.32433347222569
2026-06-22,467.6700134277344,2510.0,31.70199966430664,14826.074608692317,12550.0,18.136052658902923
2026-06-23,436.3900146484375,2490.0,31.687000274658203,13827.890514023136,12450.0,11.067393686932814
2026-06-24,440.8299865722656,2390.0,31.70210075378418,13975.236649603292,11950.0,16.947587025968968
2026-06-25,434.989990234375,2390.0,31.808000564575195,13836.161854959559,11950.0,15.783781213050707
2026-06-26,432.3500061035156,2340.0,31.860000610351562,13774.67145834351,11700.0,17.732234686696668
2026-06-29,455.1000061035156,2370.0,31.847000122070312,14493.569949932862,11850.0,22.30860717242922
2026-06-30,477.57000732421875,2410.0,31.86590003967285,15218.198115339386,12050.0,26.292100542235563
2026-07-01,444.2300109863281,2505.0,31.834400177001953,14141.795940372744,12525.0,12.908550422137676
2026-07-02,434.1600036621094,2465.0,31.894800186157227,13847.446565624268,12325.0,12.352507631839904
2026-07-03,434.1600036621094,2445.0,31.93090057373047,13863.11991002527,12225.0,13.399753865237397
2026-07-06,451.7900085449219,2460.0,31.92799949645996,14424.751165327907,12300.0,17.274399718113067
2026-07-07,432.57000732421875,2440.0,32.054901123046875,13865.988813573495,12200.0,13.655646012897504
2026-07-08,436.9800109863281,2465.0,32.13589859008789,14042.745318952133,12325.0,13.937081695351994
2026-07-09,436.9599914550781,2415.0,32.10919952392578,14030.435549604008,12075.0,16.194083226534218
2026-07-10,434.1099853515625,2415.0,32.097198486328125,13933.714364726096,12075.0,15.393079625060846
2026-07-13,421.5799865722656,2440.0,32.099098205566406,13532.337390484521,12200.0,10.920798282660016
2026-07-14,420.3900146484375,2420.0,32.1619987487793,13520.583125122357,12100.0,11.740356405969887
2026-07-15,419.4800109863281,2440.0,32.1338996887207,13479.528594458126,12200.0,10.487939298837112
2026-07-16,409.739990234375,2470.0,32.210899353027344,13198.09358634986,12350.0,6.8671545453429905
2026-07-17,398.3699951171875,2290.0,32.26430130004883,12853.129551359918,11450.0,12.254406562095355
2026-07-20,402.29998779296875,2320.0,32.3129997253418,12999.519395059207,11600.0,12.064822371200057
2026-07-21,424.6099853515625,2410.0,32.275901794433594,13704.670188142918,12050.0,13.731702806165291
2026-07-22,421.2099914550781,2400.0,32.325401306152344,13615.7820079464,12000.0,13.464850066220002
2026-07-23,415.5799865722656,2405.0,32.37910079956055,13456.106275503407,12025.0,11.901091688178035
2026-07-24,403.4100036621094,2350.0,32.29899978637695,13029.739622104797,11750.0,10.891401039189752
2026-07-25,403.4100036621094,2350.0,32.34000015258789,13046.279579988099,11750.0,11.032166638196594
2026-07-26,403.41,2350.0,32.34,13046.279400000003,11750.0,11.032165106383008
